{"type": "FeatureCollection", "source": "OpenStreetMap contributors, via Overpass, retrieved 2026-08-03. ODbL.", "note": "Named places of worship inside the Memphis city boundary. OSM held 1,625 in total; the 508 with no name are not published, because a dot that cannot say what it is cannot be checked by the people it describes. Denomination is NOT shown: OSM's denomination tag covers 591 of the 1,117 named and carries almost no COGIC, AME, AME Zion or CME, the traditions that built Black Memphis. Reading tradition off the name would recover 668 of them, and that is a call for Bertram and the community, not for a script.", "counts": {"osmNamed": 1115, "localOverride": 2, "osmUnnamedHeld": 508, "osmTotal": 1625}, "features": [{"type": "Feature", "geometry": {"type": "Point", "coordinates": [-82.767702, 42.887807]}, "properties": {"name": "All Saints Church", "src": "osm", "osm": "n353913960", "religion": "christian"}}, {"type": "Feature", "geometry": {"type": "Point", "coordinates": [-90.092911, 35.033696]}, "properties": {"name": "Westmont Church", "src": "osm", "osm": "n356782325", "religion": "christian"}}, {"type": "Feature", "geometry": {"type": "Point", "coordinates": [-90.084259, 35.027037]}, "properties": {"name": "Westwood Church", "src": "osm", "osm": "n356782341", "religion": "christian"}}, {"type": "Feature", "geometry": {"type": "Point", "coordinates": [-89.837586, 35.165923]}, "properties": {"name": "White Memorial Church", "src": "osm", "osm": "n356782534", "religion": "christian"}}, {"type": "Feature", "geometry": {"type": "Point", "coordinates": [-89.866818, 35.034331]}, "properties": {"name": "Zion Christian Methodist Episcopal Church", "src": "osm", "osm": "n356784627", "religion": "christian"}}, {"type": "Feature", "geometry": {"type": "Point", "coordinates": [-89.999257, 35.163978]}, "properties": {"name": "Baron Hirsch Synagogue", "src": "osm", "osm": "n356786534", "religion": "jewish"}}, {"type": "Feature", "geometry": {"type": "Point", "coordinates": [-89.975644, 35.241477]}, "properties": {"name": "Beacon Hill Church", "src": "osm", "osm": "n356786761", "religion": "christian"}}, {"type": "Feature", "geometry": {"type": "Point", "coordinates": [-90.117315, 35.021204]}, "properties": {"name": "Darwin Church", "src": "osm", "osm": "n356797705", "religion": "christian"}}, {"type": "Feature", "geometry": {"type": "Point", "coordinates": [-89.850956, 35.050144]}, "properties": {"name": "Eastland Church", "src": "osm", "osm": "n356799578", "religion": "christian"}}, {"type": "Feature", "geometry": {"type": "Point", "coordinates": [-89.883699, 35.062591]}, "properties": {"name": "Eastminster Church", "src": "osm", "osm": "n356799588", "religion": "christian"}}, {"type": "Feature", "geometry": {"type": "Point", "coordinates": [-89.883699, 35.091202]}, "properties": {"name": "Glen Park Church", "src": "osm", "osm": "n356805304", "religion": "christian"}}, {"type": "Feature", "geometry": {"type": "Point", "coordinates": [-90.055092, 35.03537]}, "properties": {"name": "Labelle Haven Church", "src": "osm", "osm": "n356814938", "religion": "christian"}}, {"type": "Feature", "geometry": {"type": "Point", "coordinates": [-90.008701, 35.137312]}, "properties": {"name": "Little Rock Church", "src": "osm", "osm": "n356817024", "religion": "christian"}}, {"type": "Feature", "geometry": {"type": "Point", "coordinates": [-90.030924, 35.094813]}, "properties": {"name": "Longview Church", "src": "osm", "osm": "n356817625", "religion": "christian"}}, {"type": "Feature", "geometry": {"type": "Point", "coordinates": [-89.772862, 35.142034]}, "properties": {"name": "Morning Chapel", "src": "osm", "osm": "n356820965", "religion": "christian"}}, {"type": "Feature", "geometry": {"type": "Point", "coordinates": [-89.748032, 35.196491]}, "properties": {"name": "Morning Grove Church", "src": "osm", "osm": "n356820972", "religion": "christian"}}, {"type": "Feature", "geometry": {"type": "Point", "coordinates": [-89.819949, 35.202892]}, "properties": {"name": "Oak Grove Church", "src": "osm", "osm": "n356824553", "religion": "christian"}}, {"type": "Feature", "geometry": {"type": "Point", "coordinates": [-89.897032, 35.062591]}, "properties": {"name": "Parkway Village Church", "src": "osm", "osm": "n356826075", "religion": "christian"}}, {"type": "Feature", "geometry": {"type": "Point", "coordinates": [-90.011201, 35.221199]}, "properties": {"name": "Pleasant Valley Church", "src": "osm", "osm": "n356827731", "religion": "christian"}}, {"type": "Feature", "geometry": {"type": "Point", "coordinates": [-100.525125, 34.719776]}, "properties": {"name": "Mount Pleasant Baptist Church", "src": "osm", "osm": "n356827748", "religion": "christian"}}, {"type": "Feature", "geometry": {"type": "Point", "coordinates": [-100.525125, 34.719498]}, "properties": {"name": "New Mount Zion Baptist Church", "src": "osm", "osm": "n356827750", "religion": "christian"}}, {"type": "Feature", "geometry": {"type": "Point", "coordinates": [-100.54596, 34.731442]}, "properties": {"name": "Travis Baptist Church", "src": "osm", "osm": "n356827752", "religion": "christian"}}, {"type": "Feature", "geometry": {"type": "Point", "coordinates": [-100.552071, 34.740331]}, "properties": {"name": "Church of Christ", "src": "osm", "osm": "n356827758", "religion": "christian"}}, {"type": "Feature", "geometry": {"type": "Point", "coordinates": [-100.552071, 34.728665]}, "properties": {"name": "Church Westside Fellowship", "src": "osm", "osm": "n356827760", "religion": "christian"}}, {"type": "Feature", "geometry": {"type": "Point", "coordinates": [-89.840643, 35.034536]}, "properties": {"name": "Prospect Church", "src": "osm", "osm": "n356828668", "religion": "christian"}}, {"type": "Feature", "geometry": {"type": "Point", "coordinates": [-90.072036, 35.056481]}, "properties": {"name": "Riverside Church", "src": "osm", "osm": "n356829999", "religion": "christian"}}, {"type": "Feature", "geometry": {"type": "Point", "coordinates": [-90.006293, 35.120883]}, "properties": {"name": "Saint Pauls Church", "src": "osm", "osm": "n356831595", "religion": "christian"}}, {"type": "Feature", "geometry": {"type": "Point", "coordinates": [-89.989812, 35.206755]}, "properties": {"name": "Sky View Church", "src": "osm", "osm": "n356839635", "religion": "christian"}}, {"type": "Feature", "geometry": {"type": "Point", "coordinates": [-90.079537, 35.02787]}, "properties": {"name": "Stephenson Church", "src": "osm", "osm": "n356839902", "religion": "christian"}}, {"type": "Feature", "geometry": {"type": "Point", "coordinates": [-89.944503, 35.033115]}, "properties": {"name": "Victory Heights Church", "src": "osm", "osm": "n356841269", "religion": "christian"}}, {"type": "Feature", "geometry": {"type": "Point", "coordinates": [-90.035924, 35.2087]}, "properties": {"name": "West Frayser Church", "src": "osm", "osm": "n356841564", "religion": "christian"}}, {"type": "Feature", "geometry": {"type": "Point", "coordinates": [-90.119349, 35.04985]}, "properties": {"name": "Whites Chapel", "src": "osm", "osm": "n356841695", "religion": "christian"}}, {"type": "Feature", "geometry": {"type": "Point", "coordinates": [-89.902588, 35.050925]}, "properties": {"name": "Woodale Church", "src": "osm", "osm": "n356842019", "religion": "christian"}}, {"type": "Feature", "geometry": {"type": "Point", "coordinates": [-89.972344, 35.08003]}, "properties": {"name": "Airways Church", "src": "osm", "osm": "n356842411", "religion": "christian"}}, {"type": "Feature", "geometry": {"type": "Point", "coordinates": [-89.992034, 35.218977]}, "properties": {"name": "Ardmore Church", "src": "osm", "osm": "n356842624", "religion": "christian"}}, {"type": "Feature", "geometry": {"type": "Point", "coordinates": [-90.06037, 35.050925]}, "properties": {"name": "Barton Heights Church", "src": "osm", "osm": "n356842834", "religion": "christian"}}, {"type": "Feature", "geometry": {"type": "Point", "coordinates": [-90.06037, 35.021204]}, "properties": {"name": "Bethel Church", "src": "osm", "osm": "n356843094", "religion": "christian"}}, {"type": "Feature", "geometry": {"type": "Point", "coordinates": [-89.899293, 35.229885]}, "properties": {"name": "Greater Imani Church", "src": "osm", "osm": "n356843587", "religion": "christian", "street": "3824 Austin Peay Highway"}}, {"type": "Feature", "geometry": {"type": "Point", "coordinates": [-90.01148, 35.021481]}, "properties": {"name": "Broadway Church", "src": "osm", "osm": "n356843592", "religion": "christian"}}, {"type": "Feature", "geometry": {"type": "Point", "coordinates": [-89.919533, 35.013703]}, "properties": {"name": "Burdett Church", "src": "osm", "osm": "n356843701", "religion": "christian"}}, {"type": "Feature", "geometry": {"type": "Point", "coordinates": [-90.017869, 35.097035]}, "properties": {"name": "Cane Creek Church", "src": "osm", "osm": "n356843846", "religion": "christian"}}, {"type": "Feature", "geometry": {"type": "Point", "coordinates": [-89.917286, 35.093667]}, "properties": {"name": "Cherry Road Church", "src": "osm", "osm": "n356844223", "religion": "christian"}}, {"type": "Feature", "geometry": {"type": "Point", "coordinates": [-90.024536, 35.043147]}, "properties": {"name": "Covenant Church", "src": "osm", "osm": "n356844541", "religion": "christian"}}, {"type": "Feature", "geometry": {"type": "Point", "coordinates": [-89.897075, 35.047624]}, "properties": {"name": "Cromwell Church", "src": "osm", "osm": "n356844582", "religion": "christian"}}, {"type": "Feature", "geometry": {"type": "Point", "coordinates": [-89.969812, 35.090368]}, "properties": {"name": "Fairlawn Church", "src": "osm", "osm": "n356844839", "religion": "christian"}}, {"type": "Feature", "geometry": {"type": "Point", "coordinates": [-90.022868, 35.223144]}, "properties": {"name": "Floyd Avenue Church", "src": "osm", "osm": "n356844858", "religion": "christian"}}, {"type": "Feature", "geometry": {"type": "Point", "coordinates": [-90.029535, 35.217866]}, "properties": {"name": "Frayser Church", "src": "osm", "osm": "n356844892", "religion": "christian"}}, {"type": "Feature", "geometry": {"type": "Point", "coordinates": [-90.003978, 35.228144]}, "properties": {"name": "Georgian Hills Church", "src": "osm", "osm": "n356844917", "religion": "christian"}}, {"type": "Feature", "geometry": {"type": "Point", "coordinates": [-89.931755, 35.091202]}, "properties": {"name": "Getwell Church", "src": "osm", "osm": "n356844922", "religion": "christian"}}, {"type": "Feature", "geometry": {"type": "Point", "coordinates": [-90.046202, 35.117868]}, "properties": {"name": "Greater Mount Moriah Church", "src": "osm", "osm": "n356844996", "religion": "christian"}}, {"type": "Feature", "geometry": {"type": "Point", "coordinates": [-90.007035, 35.052869]}, "properties": {"name": "Greenland Heights Church", "src": "osm", "osm": "n356845002", "religion": "christian"}}, {"type": "Feature", "geometry": {"type": "Point", "coordinates": [-90.006758, 35.010092]}, "properties": {"name": "Havenview Church", "src": "osm", "osm": "n356845069", "religion": "christian"}}, {"type": "Feature", "geometry": {"type": "Point", "coordinates": [-90.025647, 35.030648]}, "properties": {"name": "Holy Cross Church", "src": "osm", "osm": "n356845115", "religion": "christian"}}, {"type": "Feature", "geometry": {"type": "Point", "coordinates": [-89.989257, 35.005092]}, "properties": {"name": "Longstreet Church", "src": "osm", "osm": "n356845331", "religion": "christian"}}, {"type": "Feature", "geometry": {"type": "Point", "coordinates": [-89.935644, 35.162034]}, "properties": {"name": "Macon Road Church", "src": "osm", "osm": "n356845354", "religion": "christian"}}, {"type": "Feature", "geometry": {"type": "Point", "coordinates": [-90.100926, 35.012315]}, "properties": {"name": "Margaret Road Church", "src": "osm", "osm": "n356845364", "religion": "christian"}}, {"type": "Feature", "geometry": {"type": "Point", "coordinates": [-89.769529, 35.127312]}, "properties": {"name": "New Hope Baptist Church", "src": "osm", "osm": "n356845554", "religion": "christian"}}, {"type": "Feature", "geometry": {"type": "Point", "coordinates": [-89.991062, 35.242967]}, "properties": {"name": "New Salem Church", "src": "osm", "osm": "n356845571", "religion": "christian"}}, {"type": "Feature", "geometry": {"type": "Point", "coordinates": [-90.06287, 35.060092]}, "properties": {"name": "New Testament Church", "src": "osm", "osm": "n356845578", "religion": "christian"}}, {"type": "Feature", "geometry": {"type": "Point", "coordinates": [-90.040647, 35.04287]}, "properties": {"name": "Oak Acres Church", "src": "osm", "osm": "n356845602", "religion": "christian"}}, {"type": "Feature", "geometry": {"type": "Point", "coordinates": [-89.954812, 35.036758]}, "properties": {"name": "Otey Chapel", "src": "osm", "osm": "n356845640", "religion": "christian"}}, {"type": "Feature", "geometry": {"type": "Point", "coordinates": [-90.024173, 35.001095]}, "properties": {"name": "Our Savior Lutheran Church", "src": "osm", "osm": "n356845644", "religion": "christian"}}, {"type": "Feature", "geometry": {"type": "Point", "coordinates": [-89.950367, 35.108702]}, "properties": {"name": "Park Avenue Church", "src": "osm", "osm": "n356845653", "religion": "christian"}}, {"type": "Feature", "geometry": {"type": "Point", "coordinates": [-89.912865, 35.218144]}, "properties": {"name": "Raleigh Church", "src": "osm", "osm": "n356845738", "religion": "christian"}}, {"type": "Feature", "geometry": {"type": "Point", "coordinates": [-89.904254, 35.226477]}, "properties": {"name": "Raleigh Church", "src": "osm", "osm": "n356845740", "religion": "christian"}}, {"type": "Feature", "geometry": {"type": "Point", "coordinates": [-89.971756, 35.220644]}, "properties": {"name": "Range Hill Church", "src": "osm", "osm": "n356845744", "religion": "christian"}}, {"type": "Feature", "geometry": {"type": "Point", "coordinates": [-89.923976, 35.228699]}, "properties": {"name": "Rose Hill Church", "src": "osm", "osm": "n356845794", "religion": "christian"}}, {"type": "Feature", "geometry": {"type": "Point", "coordinates": [-89.920643, 35.175367]}, "properties": {"name": "Saint James Church", "src": "osm", "osm": "n356845840", "religion": "christian"}}, {"type": "Feature", "geometry": {"type": "Point", "coordinates": [-89.909811, 35.061758]}, "properties": {"name": "Saint Johns Church", "src": "osm", "osm": "n356845842", "religion": "christian"}}, {"type": "Feature", "geometry": {"type": "Point", "coordinates": [-89.953422, 35.122868]}, "properties": {"name": "Saint Johns Church", "src": "osm", "osm": "n356845844", "religion": "christian"}}, {"type": "Feature", "geometry": {"type": "Point", "coordinates": [-89.975089, 35.185645]}, "properties": {"name": "Saint Marys Church", "src": "osm", "osm": "n356845863", "religion": "christian"}}, {"type": "Feature", "geometry": {"type": "Point", "coordinates": [-89.948422, 35.094535]}, "properties": {"name": "Saint Matthews Church", "src": "osm", "osm": "n356845867", "religion": "christian"}}, {"type": "Feature", "geometry": {"type": "Point", "coordinates": [-90.009256, 35.231755]}, "properties": {"name": "Saint Pauls Chapel", "src": "osm", "osm": "n356845881", "religion": "christian"}}, {"type": "Feature", "geometry": {"type": "Point", "coordinates": [-90.023146, 35.116202]}, "properties": {"name": "Saint Pauls Church", "src": "osm", "osm": "n356845885", "religion": "christian"}}, {"type": "Feature", "geometry": {"type": "Point", "coordinates": [-90.028424, 35.165645]}, "properties": {"name": "Seventh Street Church", "src": "osm", "osm": "n356845924", "religion": "christian"}}, {"type": "Feature", "geometry": {"type": "Point", "coordinates": [-90.022592, 34.998982]}, "properties": {"name": "Holmes Terrace Baptist Church", "src": "osm", "osm": "n356851484", "religion": "christian"}}, {"type": "Feature", "geometry": {"type": "Point", "coordinates": [-89.863773, 35.050449]}, "properties": {"name": "Hickory Hill Church", "src": "osm", "osm": "n356851656", "religion": "christian"}}, {"type": "Feature", "geometry": {"type": "Point", "coordinates": [-89.920365, 35.208144]}, "properties": {"name": "Raleigh Baptist Church", "src": "osm", "osm": "n356879756", "religion": "christian"}}, {"type": "Feature", "geometry": {"type": "Point", "coordinates": [-89.92481, 35.213144]}, "properties": {"name": "Raleigh Church of Christ", "src": "osm", "osm": "n356879759", "religion": "christian"}}, {"type": "Feature", "geometry": {"type": "Point", "coordinates": [-90.020368, 35.170089]}, "properties": {"name": "Reed United Methodist Church", "src": "osm", "osm": "n356879762", "religion": "christian"}}, {"type": "Feature", "geometry": {"type": "Point", "coordinates": [-89.878698, 35.135646]}, "properties": {"name": "Richland Baptist Church", "src": "osm", "osm": "n356879765", "religion": "christian"}}, {"type": "Feature", "geometry": {"type": "Point", "coordinates": [-89.940782, 35.107321]}, "properties": {"name": "Robinhood Lane Baptist Church", "src": "osm", "osm": "n356879771", "religion": "christian"}}, {"type": "Feature", "geometry": {"type": "Point", "coordinates": [-90.010924, 35.086757]}, "properties": {"name": "Rock of Ages Church of God in Christ", "src": "osm", "osm": "n356879772", "religion": "christian"}}, {"type": "Feature", "geometry": {"type": "Point", "coordinates": [-89.996478, 35.2062]}, "properties": {"name": "Rugby Hills Baptist Church", "src": "osm", "osm": "n356879786", "religion": "christian"}}, {"type": "Feature", "geometry": {"type": "Point", "coordinates": [-90.003701, 35.207866]}, "properties": {"name": "Rugby Park Assembly of God Church", "src": "osm", "osm": "n356879787", "religion": "christian"}}, {"type": "Feature", "geometry": {"type": "Point", "coordinates": [-90.016201, 35.142034]}, "properties": {"name": "Sacred Heart Catholic Church", "src": "osm", "osm": "n356879788", "religion": "christian"}}, {"type": "Feature", "geometry": {"type": "Point", "coordinates": [-89.945367, 35.112868]}, "properties": {"name": "Saint Anne Catholic Church", "src": "osm", "osm": "n356879789", "religion": "christian"}}, {"type": "Feature", "geometry": {"type": "Point", "coordinates": [-89.903698, 35.222033]}, "properties": {"name": "Saint Elisabeths Episcopal Church", "src": "osm", "osm": "n356879792", "religion": "christian"}}, {"type": "Feature", "geometry": {"type": "Point", "coordinates": [-90.042313, 35.166478]}, "properties": {"name": "Saint James Baptist Church", "src": "osm", "osm": "n356879817", "religion": "christian"}}, {"type": "Feature", "geometry": {"type": "Point", "coordinates": [-89.969597, 35.099844]}, "properties": {"name": "Saint John Baptist Church", "src": "osm", "osm": "n356879823", "religion": "christian"}}, {"type": "Feature", "geometry": {"type": "Point", "coordinates": [-89.955366, 35.173145]}, "properties": {"name": "Saint Johns Baptist Church", "src": "osm", "osm": "n356879824", "religion": "christian"}}, {"type": "Feature", "geometry": {"type": "Point", "coordinates": [-89.971756, 35.097313]}, "properties": {"name": "Saint John Catholic Church", "src": "osm", "osm": "n356879825", "religion": "christian"}}, {"type": "Feature", "geometry": {"type": "Point", "coordinates": [-90.034122, 35.111299]}, "properties": {"name": "Saint Jude Baptist Church", "src": "osm", "osm": "n356879829", "religion": "christian"}}, {"type": "Feature", "geometry": {"type": "Point", "coordinates": [-89.888143, 35.125368]}, "properties": {"name": "Saint Louis Catholic Church", "src": "osm", "osm": "n356879831", "religion": "christian"}}, {"type": "Feature", "geometry": {"type": "Point", "coordinates": [-89.945089, 35.118146]}, "properties": {"name": "Saint Lukes United Methodist Church", "src": "osm", "osm": "n356879832", "religion": "christian", "street": "480 South Highland Street"}}, {"type": "Feature", "geometry": {"type": "Point", "coordinates": [-90.04398, 35.121757]}, "properties": {"name": "Saint Marks Baptist Church", "src": "osm", "osm": "n356879833", "religion": "christian"}}, {"type": "Feature", "geometry": {"type": "Point", "coordinates": [-90.022312, 35.177867]}, "properties": {"name": "Saint Marks Baptist Church", "src": "osm", "osm": "n356879834", "religion": "christian"}}, {"type": "Feature", "geometry": {"type": "Point", "coordinates": [-90.059814, 35.08648]}, "properties": {"name": "Saint Paul Christian Spiritual Temple", "src": "osm", "osm": "n356879845", "religion": "christian"}}, {"type": "Feature", "geometry": {"type": "Point", "coordinates": [-90.010924, 35.08648]}, "properties": {"name": "Saint Peters Baptist Church", "src": "osm", "osm": "n356879850", "religion": "christian"}}, {"type": "Feature", "geometry": {"type": "Point", "coordinates": [-89.9587, 35.173422]}, "properties": {"name": "Saint Stephen Baptist Church", "src": "osm", "osm": "n356879856", "religion": "christian"}}, {"type": "Feature", "geometry": {"type": "Point", "coordinates": [-89.928032, 35.161814]}, "properties": {"name": "Saint Stephens United Methodist Church", "src": "osm", "osm": "n356879858", "religion": "christian", "street": "3981 Macon Road"}}, {"type": "Feature", "geometry": {"type": "Point", "coordinates": [-90.002868, 35.160923]}, "properties": {"name": "Saint Teresa Church", "src": "osm", "osm": "n356879860", "religion": "christian"}}, {"type": "Feature", "geometry": {"type": "Point", "coordinates": [-90.043147, 35.112313]}, "properties": {"name": "Saint Thomas Catholic Church", "src": "osm", "osm": "n356879861", "religion": "christian"}}, {"type": "Feature", "geometry": {"type": "Point", "coordinates": [-89.956756, 35.095368]}, "properties": {"name": "Salem Gilfield Baptist Church", "src": "osm", "osm": "n356879864", "religion": "christian"}}, {"type": "Feature", "geometry": {"type": "Point", "coordinates": [-89.954811, 35.204533]}, "properties": {"name": "Scenic Hills Baptist Church", "src": "osm", "osm": "n356879866", "religion": "christian"}}, {"type": "Feature", "geometry": {"type": "Point", "coordinates": [-89.983145, 35.227588]}, "properties": {"name": "Schoolfield Baptist Church", "src": "osm", "osm": "n356879868", "religion": "christian"}}, {"type": "Feature", "geometry": {"type": "Point", "coordinates": [-90.009534, 35.212588]}, "properties": {"name": "Schoolfield United Methodist Church", "src": "osm", "osm": "n356879869", "religion": "christian"}}, {"type": "Feature", "geometry": {"type": "Point", "coordinates": [-90.062036, 35.115091]}, "properties": {"name": "Second Baptist Church", "src": "osm", "osm": "n356879870", "religion": "christian"}}, {"type": "Feature", "geometry": {"type": "Point", "coordinates": [-89.906477, 35.132034]}, "properties": {"name": "Second Baptist Church", "src": "osm", "osm": "n356879871", "religion": "christian"}}, {"type": "Feature", "geometry": {"type": "Point", "coordinates": [-90.03648, 35.119813]}, "properties": {"name": "Second Congregational Church", "src": "osm", "osm": "n356879873", "religion": "christian"}}, {"type": "Feature", "geometry": {"type": "Point", "coordinates": [-90.040091, 35.175367]}, "properties": {"name": "Seventh Street Baptist Church", "src": "osm", "osm": "n356879874", "religion": "christian"}}, {"type": "Feature", "geometry": {"type": "Point", "coordinates": [-89.927033, 35.123423]}, "properties": {"name": "Second Presbyterian Church", "src": "osm", "osm": "n356879876", "religion": "christian"}}, {"type": "Feature", "geometry": {"type": "Point", "coordinates": [-90.03103, 35.101247]}, "properties": {"name": "Shiloh Missionary Baptist Church", "src": "osm", "osm": "n356879887", "religion": "christian"}}, {"type": "Feature", "geometry": {"type": "Point", "coordinates": [-90.014539, 35.160798]}, "properties": {"name": "Smothers Chapel Christian Methodist Episcopal Church", "src": "osm", "osm": "n356879891", "religion": "christian"}}, {"type": "Feature", "geometry": {"type": "Point", "coordinates": [-90.029813, 35.094535]}, "properties": {"name": "South Memphis Church of God", "src": "osm", "osm": "n356879893", "religion": "christian"}}, {"type": "Feature", "geometry": {"type": "Point", "coordinates": [-90.063147, 35.107591]}, "properties": {"name": "South Parkway Church of God in Christ", "src": "osm", "osm": "n356879894", "religion": "christian"}}, {"type": "Feature", "geometry": {"type": "Point", "coordinates": [-90.042313, 35.107035]}, "properties": {"name": "Southside Church of Christ", "src": "osm", "osm": "n356879896", "religion": "christian"}}, {"type": "Feature", "geometry": {"type": "Point", "coordinates": [-90.019813, 35.155645]}, "properties": {"name": "Speedway Terrace Baptist Church", "src": "osm", "osm": "n356879897", "religion": "christian"}}, {"type": "Feature", "geometry": {"type": "Point", "coordinates": [-89.983701, 35.159256]}, "properties": {"name": "Springdale Church of Christ", "src": "osm", "osm": "n356879899", "religion": "christian"}}, {"type": "Feature", "geometry": {"type": "Point", "coordinates": [-89.980923, 35.156201]}, "properties": {"name": "Springdale United Methodist Church", "src": "osm", "osm": "n356879900", "religion": "christian"}}, {"type": "Feature", "geometry": {"type": "Point", "coordinates": [-90.028424, 35.161756]}, "properties": {"name": "Straight Way Church of God in Christ", "src": "osm", "osm": "n356879902", "religion": "christian"}}, {"type": "Feature", "geometry": {"type": "Point", "coordinates": [-90.007035, 35.111757]}, "properties": {"name": "Tabernacle Baptist Church", "src": "osm", "osm": "n356879903", "religion": "christian"}}, {"type": "Feature", "geometry": {"type": "Point", "coordinates": [-90.032313, 35.16509]}, "properties": {"name": "Tabernacle Church of God in Christ", "src": "osm", "osm": "n356879904", "religion": "christian"}}, {"type": "Feature", "geometry": {"type": "Point", "coordinates": [-89.993701, 35.124534]}, "properties": {"name": "Tanglewood Church of Christ", "src": "osm", "osm": "n356879905", "religion": "christian"}}, {"type": "Feature", "geometry": {"type": "Point", "coordinates": [-89.946478, 35.086757]}, "properties": {"name": "Temple of Christ", "src": "osm", "osm": "n356879908", "religion": "christian"}}, {"type": "Feature", "geometry": {"type": "Point", "coordinates": [-90.044074, 35.129063]}, "properties": {"name": "Temple Church of God in Christ", "src": "osm", "osm": "n356879909", "religion": "christian"}}, {"type": "Feature", "geometry": {"type": "Point", "coordinates": [-90.044258, 35.112035]}, "properties": {"name": "The Church of God House of Prayer", "src": "osm", "osm": "n356879913", "religion": "christian"}}, {"type": "Feature", "geometry": {"type": "Point", "coordinates": [-89.920366, 35.172034]}, "properties": {"name": "The Reformed Baptist Church", "src": "osm", "osm": "n356879916", "religion": "christian"}}, {"type": "Feature", "geometry": {"type": "Point", "coordinates": [-89.928977, 35.178145]}, "properties": {"name": "Thrifthaven Baptist Church", "src": "osm", "osm": "n356879918", "religion": "christian"}}, {"type": "Feature", "geometry": {"type": "Point", "coordinates": [-90.035568, 35.171718]}, "properties": {"name": "Trinity Christian Methodist Episcopal Church", "src": "osm", "osm": "n356879923", "religion": "christian"}}, {"type": "Feature", "geometry": {"type": "Point", "coordinates": [-90.032035, 35.165645]}, "properties": {"name": "True Church House of Prayer", "src": "osm", "osm": "n356879928", "religion": "christian"}}, {"type": "Feature", "geometry": {"type": "Point", "coordinates": [-90.059536, 35.110368]}, "properties": {"name": "True Holiness Church", "src": "osm", "osm": "n356879929", "religion": "christian"}}, {"type": "Feature", "geometry": {"type": "Point", "coordinates": [-90.035369, 35.163978]}, "properties": {"name": "True Holiness Lighhouse Church", "src": "osm", "osm": "n356879937", "religion": "christian"}}, {"type": "Feature", "geometry": {"type": "Point", "coordinates": [-89.971902, 35.11793]}, "properties": {"name": "True Hope Baptist Church", "src": "osm", "osm": "n356879946", "religion": "christian"}}, {"type": "Feature", "geometry": {"type": "Point", "coordinates": [-89.997613, 35.135247]}, "properties": {"name": "Union Avenue Church of Christ", "src": "osm", "osm": "n356879955", "religion": "christian"}}, {"type": "Feature", "geometry": {"type": "Point", "coordinates": [-90.026757, 35.165089]}, "properties": {"name": "Union Grove Baptist Church", "src": "osm", "osm": "n356879958", "religion": "christian"}}, {"type": "Feature", "geometry": {"type": "Point", "coordinates": [-90.046806, 35.113799]}, "properties": {"name": "Union Progressive Missionary Baptist Church", "src": "osm", "osm": "n356879962", "religion": "christian"}}, {"type": "Feature", "geometry": {"type": "Point", "coordinates": [-89.9462, 35.112868]}, "properties": {"name": "University Christian Church", "src": "osm", "osm": "n356879964", "religion": "christian"}}, {"type": "Feature", "geometry": {"type": "Point", "coordinates": [-90.040369, 35.122035]}, "properties": {"name": "Warner Temple African Methodist Episcopal Zion Church", "src": "osm", "osm": "n356879981", "religion": "christian"}}, {"type": "Feature", "geometry": {"type": "Point", "coordinates": [-89.961478, 35.179811]}, "properties": {"name": "Watkins Chapel Christian Methodist Episcopal Church", "src": "osm", "osm": "n356879984", "religion": "christian"}}, {"type": "Feature", "geometry": {"type": "Point", "coordinates": [-89.916477, 35.172589]}, "properties": {"name": "Wells Station Baptist Church", "src": "osm", "osm": "n356879989", "religion": "christian"}}, {"type": "Feature", "geometry": {"type": "Point", "coordinates": [-89.9437, 35.162034]}, "properties": {"name": "Wesleyan Evangelical Methodist Church", "src": "osm", "osm": "n356879990", "religion": "christian"}}, {"type": "Feature", "geometry": {"type": "Point", "coordinates": [-90.04787, 35.021204]}, "properties": {"name": "Westhaven Baptist Church", "src": "osm", "osm": "n356879999", "religion": "christian"}}, {"type": "Feature", "geometry": {"type": "Point", "coordinates": [-90.012729, 35.150225]}, "properties": {"name": "Westminster Presbyterian Church", "src": "osm", "osm": "n356880001", "religion": "christian"}}, {"type": "Feature", "geometry": {"type": "Point", "coordinates": [-89.901477, 35.102313]}, "properties": {"name": "White Station Church of Christ", "src": "osm", "osm": "n356880011", "religion": "christian"}}, {"type": "Feature", "geometry": {"type": "Point", "coordinates": [-90.056029, 35.10715]}, "properties": {"name": "White Stone Baptist Church", "src": "osm", "osm": "n356880015", "religion": "christian"}}, {"type": "Feature", "geometry": {"type": "Point", "coordinates": [-90.025369, 35.013148]}, "properties": {"name": "Whitehaven Church of the Nazarene", "src": "osm", "osm": "n356880021", "religion": "christian"}}, {"type": "Feature", "geometry": {"type": "Point", "coordinates": [-90.025925, 35.025092]}, "properties": {"name": "Whitehaven United Methodist Church", "src": "osm", "osm": "n356880033", "religion": "christian"}}, {"type": "Feature", "geometry": {"type": "Point", "coordinates": [-89.837308, 35.165923]}, "properties": {"name": "Whitten Memorial Baptist Church", "src": "osm", "osm": "n356880036", "religion": "christian"}}, {"type": "Feature", "geometry": {"type": "Point", "coordinates": [-89.9212, 35.085924]}, "properties": {"name": "Willow Oaks Pentecostal Holiness Church", "src": "osm", "osm": "n356880042", "religion": "christian"}}, {"type": "Feature", "geometry": {"type": "Point", "coordinates": [-89.901199, 35.085369]}, "properties": {"name": "Willow Park Baptist Church", "src": "osm", "osm": "n356880046", "religion": "christian"}}, {"type": "Feature", "geometry": {"type": "Point", "coordinates": [-89.973145, 35.118423]}, "properties": {"name": "Williams Temple Church of God in Christ", "src": "osm", "osm": "n356880050", "religion": "christian"}}, {"type": "Feature", "geometry": {"type": "Point", "coordinates": [-89.947867, 35.052869]}, "properties": {"name": "Winchester Road Church of Christ", "src": "osm", "osm": "n356880052", "religion": "christian"}}, {"type": "Feature", "geometry": {"type": "Point", "coordinates": [-90.029813, 35.104257]}, "properties": {"name": "Wings of Healing Missionary Baptist Church", "src": "osm", "osm": "n356880055", "religion": "christian"}}, {"type": "Feature", "geometry": {"type": "Point", "coordinates": [-89.888421, 35.105091]}, "properties": {"name": "Woodland Presbyterian Church", "src": "osm", "osm": "n356880066", "religion": "christian"}}, {"type": "Feature", "geometry": {"type": "Point", "coordinates": [-89.945645, 35.087035]}, "properties": {"name": "Word of Faith Christian Center", "src": "osm", "osm": "n356880083", "religion": "christian"}}, {"type": "Feature", "geometry": {"type": "Point", "coordinates": [-90.072036, 35.100369]}, "properties": {"name": "Bethlehem Baptist Church", "src": "osm", "osm": "n356880095", "religion": "christian"}}, {"type": "Feature", "geometry": {"type": "Point", "coordinates": [-90.073703, 35.095091]}, "properties": {"name": "Central Baptist Church", "src": "osm", "osm": "n356880100", "religion": "christian"}}, {"type": "Feature", "geometry": {"type": "Point", "coordinates": [-89.985155, 35.17582]}, "properties": {"name": "Macedonia Baptist Church", "src": "osm", "osm": "n356880107", "religion": "christian"}}, {"type": "Feature", "geometry": {"type": "Point", "coordinates": [-89.972867, 35.153978]}, "properties": {"name": "Macedonia Baptist Church", "src": "osm", "osm": "n356880112", "religion": "christian"}}, {"type": "Feature", "geometry": {"type": "Point", "coordinates": [-89.937588, 35.162034]}, "properties": {"name": "Macon Christian Church", "src": "osm", "osm": "n356880129", "religion": "christian"}}, {"type": "Feature", "geometry": {"type": "Point", "coordinates": [-89.927232, 35.162659]}, "properties": {"name": "Macon Road Church of Christ", "src": "osm", "osm": "n356880147", "religion": "christian"}}, {"type": "Feature", "geometry": {"type": "Point", "coordinates": [-89.992334, 35.103865]}, "properties": {"name": "Magnolia First Baptist Church", "src": "osm", "osm": "n356880164", "religion": "christian"}}, {"type": "Feature", "geometry": {"type": "Point", "coordinates": [-90.03148, 35.096758]}, "properties": {"name": "Majorie Street Baptist Church", "src": "osm", "osm": "n356880172", "religion": "christian"}}, {"type": "Feature", "geometry": {"type": "Point", "coordinates": [-90.064536, 35.107591]}, "properties": {"name": "Martin Memorial Temple Christian Methodist Episcopal Church", "src": "osm", "osm": "n356880177", "religion": "christian"}}, {"type": "Feature", "geometry": {"type": "Point", "coordinates": [-89.997034, 35.160089]}, "properties": {"name": "McLean Baptist Church", "src": "osm", "osm": "n356880187", "religion": "christian"}}, {"type": "Feature", "geometry": {"type": "Point", "coordinates": [-89.896755, 35.085091]}, "properties": {"name": "McLemore Christian Church", "src": "osm", "osm": "n356880189", "religion": "christian"}}, {"type": "Feature", "geometry": {"type": "Point", "coordinates": [-90.030646, 35.166201]}, "properties": {"name": "Meek and Humble Missionary Church of God in Christ", "src": "osm", "osm": "n356880196", "religion": "christian"}}, {"type": "Feature", "geometry": {"type": "Point", "coordinates": [-89.977408, 35.174937]}, "properties": {"name": "Messiah Baptist Church", "src": "osm", "osm": "n356880206", "religion": "christian"}}, {"type": "Feature", "geometry": {"type": "Point", "coordinates": [-90.04123, 35.107683]}, "properties": {"name": "Mont Evers Cathedral Missionary Baptist Church", "src": "osm", "osm": "n356880274", "religion": "christian"}}, {"type": "Feature", "geometry": {"type": "Point", "coordinates": [-90.039258, 35.107591]}, "properties": {"name": "Monumental Baptist Church", "src": "osm", "osm": "n356880281", "religion": "christian"}}, {"type": "Feature", "geometry": {"type": "Point", "coordinates": [-89.992312, 35.101479]}, "properties": {"name": "Moody Chapel Christian Methodist Episcopal Church", "src": "osm", "osm": "n356880287", "religion": "christian"}}, {"type": "Feature", "geometry": {"type": "Point", "coordinates": [-90.043147, 35.102869]}, "properties": {"name": "Morning View Baptist Church", "src": "osm", "osm": "n356880298", "religion": "christian"}}, {"type": "Feature", "geometry": {"type": "Point", "coordinates": [-90.048425, 35.128979]}, "properties": {"name": "Morningstar Church", "src": "osm", "osm": "n356880299", "religion": "christian"}}, {"type": "Feature", "geometry": {"type": "Point", "coordinates": [-89.983423, 35.108702]}, "properties": {"name": "Mount Ararat Missionary Baptist Church", "src": "osm", "osm": "n356880300", "religion": "christian"}}, {"type": "Feature", "geometry": {"type": "Point", "coordinates": [-90.034535, 35.164256]}, "properties": {"name": "Mount Austin Missionary Baptist Church", "src": "osm", "osm": "n356880301", "religion": "christian"}}, {"type": "Feature", "geometry": {"type": "Point", "coordinates": [-90.075648, 35.065925]}, "properties": {"name": "Mount Clanery Baptist Church", "src": "osm", "osm": "n356880304", "religion": "christian"}}, {"type": "Feature", "geometry": {"type": "Point", "coordinates": [-90.075802, 35.093697]}, "properties": {"name": "Mount Gilead Baptist Church", "src": "osm", "osm": "n356880305", "religion": "christian"}}, {"type": "Feature", "geometry": {"type": "Point", "coordinates": [-90.045925, 35.112591]}, "properties": {"name": "Mount Lebanon Baptist Church", "src": "osm", "osm": "n356880306", "religion": "christian"}}, {"type": "Feature", "geometry": {"type": "Point", "coordinates": [-90.044596, 35.101541]}, "properties": {"name": "Mount Sinai Baptist Church", "src": "osm", "osm": "n356880321", "religion": "christian"}}, {"type": "Feature", "geometry": {"type": "Point", "coordinates": [-90.040925, 35.111202]}, "properties": {"name": "Mount Zion Church of God", "src": "osm", "osm": "n356880329", "religion": "christian"}}, {"type": "Feature", "geometry": {"type": "Point", "coordinates": [-89.984256, 35.198977]}, "properties": {"name": "Mountain Terrace Church of Christ", "src": "osm", "osm": "n356880335", "religion": "christian"}}, {"type": "Feature", "geometry": {"type": "Point", "coordinates": [-89.943671, 35.168828]}, "properties": {"name": "National Avenue Baptist Church", "src": "osm", "osm": "n356880341", "religion": "christian"}}, {"type": "Feature", "geometry": {"type": "Point", "coordinates": [-90.020924, 35.161756]}, "properties": {"name": "Nazareth Missionary Baptist Church", "src": "osm", "osm": "n356880344", "religion": "christian"}}, {"type": "Feature", "geometry": {"type": "Point", "coordinates": [-90.047591, 35.117035]}, "properties": {"name": "New Abundant Life Missionary Baptist Church", "src": "osm", "osm": "n356880349", "religion": "christian"}}, {"type": "Feature", "geometry": {"type": "Point", "coordinates": [-90.015924, 35.158701]}, "properties": {"name": "New Allen Missionary Baptist Church", "src": "osm", "osm": "n356880352", "religion": "christian"}}, {"type": "Feature", "geometry": {"type": "Point", "coordinates": [-90.044258, 35.112591]}, "properties": {"name": "New Asia Missionary Baptist Church", "src": "osm", "osm": "n356880355", "religion": "christian"}}, {"type": "Feature", "geometry": {"type": "Point", "coordinates": [-90.032313, 35.107868]}, "properties": {"name": "New Bethel Missionary Baptist Church", "src": "osm", "osm": "n356880357", "religion": "christian"}}, {"type": "Feature", "geometry": {"type": "Point", "coordinates": [-90.016984, 35.167726]}, "properties": {"name": "New Fellowship Baptist Church", "src": "osm", "osm": "n356880365", "religion": "christian"}}, {"type": "Feature", "geometry": {"type": "Point", "coordinates": [-90.037591, 35.129257]}, "properties": {"name": "New Friendship Baptist Church", "src": "osm", "osm": "n356880374", "religion": "christian"}}, {"type": "Feature", "geometry": {"type": "Point", "coordinates": [-89.971475, 35.17481]}, "properties": {"name": "New Hope Missionary Baptist Church", "src": "osm", "osm": "n356880379", "religion": "christian"}}, {"type": "Feature", "geometry": {"type": "Point", "coordinates": [-90.051758, 35.105646]}, "properties": {"name": "New Jerusalem Church of God in Christ", "src": "osm", "osm": "n356880389", "religion": "christian"}}, {"type": "Feature", "geometry": {"type": "Point", "coordinates": [-90.044873, 35.112009]}, "properties": {"name": "New Kingdom Missionary Baptist Church", "src": "osm", "osm": "n356880393", "religion": "christian"}}, {"type": "Feature", "geometry": {"type": "Point", "coordinates": [-90.042035, 35.166478]}, "properties": {"name": "New Life Missionary Baptist Church", "src": "osm", "osm": "n356880396", "religion": "christian"}}, {"type": "Feature", "geometry": {"type": "Point", "coordinates": [-89.963296, 35.177481]}, "properties": {"name": "New Macedonia Baptist Church", "src": "osm", "osm": "n356880398", "religion": "christian"}}, {"type": "Feature", "geometry": {"type": "Point", "coordinates": [-90.043292, 35.020454]}, "properties": {"name": "New Nonconnah Missionary Baptist Church", "src": "osm", "osm": "n356880399", "religion": "christian"}}, {"type": "Feature", "geometry": {"type": "Point", "coordinates": [-89.895921, 35.116479]}, "properties": {"name": "New Philadelphia Missionary Baptist Church", "src": "osm", "osm": "n356880400", "religion": "christian"}}, {"type": "Feature", "geometry": {"type": "Point", "coordinates": [-90.05148, 35.121202]}, "properties": {"name": "New Salem Missionary Baptist Church", "src": "osm", "osm": "n356880401", "religion": "christian"}}, {"type": "Feature", "geometry": {"type": "Point", "coordinates": [-90.015167, 35.082825]}, "properties": {"name": "Norris Avenue Baptist Church", "src": "osm", "osm": "n356880416", "religion": "christian"}}, {"type": "Feature", "geometry": {"type": "Point", "coordinates": [-89.9937, 35.241477]}, "properties": {"name": "Northview Baptist Church", "src": "osm", "osm": "n356880419", "religion": "christian"}}, {"type": "Feature", "geometry": {"type": "Point", "coordinates": [-90.038146, 35.162034]}, "properties": {"name": "Number Seventh Street Church", "src": "osm", "osm": "n356880422", "religion": "christian"}}, {"type": "Feature", "geometry": {"type": "Point", "coordinates": [-89.955592, 35.042099]}, "properties": {"name": "Oakhaven Baptist Church", "src": "osm", "osm": "n356880432", "religion": "christian"}}, {"type": "Feature", "geometry": {"type": "Point", "coordinates": [-90.025647, 35.060091]}, "properties": {"name": "Old Nonconnah Baptist Church", "src": "osm", "osm": "n356880442", "religion": "christian"}}, {"type": "Feature", "geometry": {"type": "Point", "coordinates": [-89.966478, 35.151478]}, "properties": {"name": "Old Salem Baptist Church", "src": "osm", "osm": "n356880444", "religion": "christian"}}, {"type": "Feature", "geometry": {"type": "Point", "coordinates": [-90.075925, 35.094258]}, "properties": {"name": "Omega Temple Church of Jesus", "src": "osm", "osm": "n356880446", "religion": "christian"}}, {"type": "Feature", "geometry": {"type": "Point", "coordinates": [-90.021757, 35.226199]}, "properties": {"name": "Our Lady of Sorrows Catholic Church", "src": "osm", "osm": "n356880457", "religion": "christian"}}, {"type": "Feature", "geometry": {"type": "Point", "coordinates": [-90.012505, 35.16076]}, "properties": {"name": "Payne Chapel Methodist Church", "src": "osm", "osm": "n356880467", "religion": "christian"}}, {"type": "Feature", "geometry": {"type": "Point", "coordinates": [-90.006479, 35.159812]}, "properties": {"name": "Peace Lutheran Church", "src": "osm", "osm": "n356880470", "religion": "christian"}}, {"type": "Feature", "geometry": {"type": "Point", "coordinates": [-90.037126, 35.179015]}, "properties": {"name": "Pearly Gates Baptist Church", "src": "osm", "osm": "n356880471", "religion": "christian"}}, {"type": "Feature", "geometry": {"type": "Point", "coordinates": [-89.954215, 35.042234]}, "properties": {"name": "Pendleton Presbyterian Church", "src": "osm", "osm": "n356880473", "religion": "christian"}}, {"type": "Feature", "geometry": {"type": "Point", "coordinates": [-89.975367, 35.1662]}, "properties": {"name": "Pentecostal Evangelist Church of God in Christ", "src": "osm", "osm": "n356880474", "religion": "christian"}}, {"type": "Feature", "geometry": {"type": "Point", "coordinates": [-90.043312, 35.109193]}, "properties": {"name": "Pilgrim Rest Baptist Church", "src": "osm", "osm": "n356880481", "religion": "christian"}}, {"type": "Feature", "geometry": {"type": "Point", "coordinates": [-90.044535, 35.161756]}, "properties": {"name": "Pilgrim Rest Baptist Church", "src": "osm", "osm": "n356880485", "religion": "christian"}}, {"type": "Feature", "geometry": {"type": "Point", "coordinates": [-90.03898, 35.120368]}, "properties": {"name": "Praise of Zion Baptist Church", "src": "osm", "osm": "n356880499", "religion": "christian"}}, {"type": "Feature", "geometry": {"type": "Point", "coordinates": [-90.019865, 35.0808]}, "properties": {"name": "Prospect United Methodist Church", "src": "osm", "osm": "n356880505", "religion": "christian"}}, {"type": "Feature", "geometry": {"type": "Point", "coordinates": [-90.046758, 35.109813]}, "properties": {"name": "Pleasant Green Missionary Baptist Church", "src": "osm", "osm": "n356880511", "religion": "christian"}}, {"type": "Feature", "geometry": {"type": "Point", "coordinates": [-90.047183, 35.110008]}, "properties": {"name": "Peter Rock Spiritual Church", "src": "osm", "osm": "n356880514", "religion": "christian"}}, {"type": "Feature", "geometry": {"type": "Point", "coordinates": [-89.982034, 35.170645]}, "properties": {"name": "Advent Christian Church", "src": "osm", "osm": "n356880667", "religion": "christian"}}, {"type": "Feature", "geometry": {"type": "Point", "coordinates": [-89.913144, 35.085091]}, "properties": {"name": "Aldersgate United Methodist Church", "src": "osm", "osm": "n356880675", "religion": "christian", "street": "4459 Willow Road"}}, {"type": "Feature", "geometry": {"type": "Point", "coordinates": [-89.890298, 35.090364]}, "properties": {"name": "All Saints Episcopal Church", "src": "osm", "osm": "n356880678", "religion": "christian"}}, {"type": "Feature", "geometry": {"type": "Point", "coordinates": [-90.013424, 35.158423]}, "properties": {"name": "Amazing Grace Church of God", "src": "osm", "osm": "n356880686", "religion": "christian"}}, {"type": "Feature", "geometry": {"type": "Point", "coordinates": [-89.963862, 35.095441]}, "properties": {"name": "Annesdale Cherokee Missionary Baptist Church", "src": "osm", "osm": "n356880693", "religion": "christian"}}, {"type": "Feature", "geometry": {"type": "Point", "coordinates": [-90.01759, 35.177311]}, "properties": {"name": "Antioch Baptist Church", "src": "osm", "osm": "n356880698", "religion": "christian"}}, {"type": "Feature", "geometry": {"type": "Point", "coordinates": [-90.029813, 35.166756]}, "properties": {"name": "Apostolic Fellowship Church of Christ", "src": "osm", "osm": "n356880709", "religion": "christian"}}, {"type": "Feature", "geometry": {"type": "Point", "coordinates": [-90.010646, 35.167867]}, "properties": {"name": "Apostolic Pentecostal Church of Jesus Christ", "src": "osm", "osm": "n356880712", "religion": "christian"}}, {"type": "Feature", "geometry": {"type": "Point", "coordinates": [-89.886118, 35.068087]}, "properties": {"name": "Asbury United Methodist Church", "src": "osm", "osm": "n356880719", "religion": "christian", "street": "2969 South Mendenhall Road"}}, {"type": "Feature", "geometry": {"type": "Point", "coordinates": [-90.027035, 35.163701]}, "properties": {"name": "Ayers Street Church of God", "src": "osm", "osm": "n356880735", "religion": "christian"}}, {"type": "Feature", "geometry": {"type": "Point", "coordinates": [-89.897032, 35.107313]}, "properties": {"name": "Berean Baptist Church", "src": "osm", "osm": "n356880769", "religion": "christian"}}, {"type": "Feature", "geometry": {"type": "Point", "coordinates": [-89.908421, 35.149256]}, "properties": {"name": "Berclair Baptist Church", "src": "osm", "osm": "n356880773", "religion": "christian"}}, {"type": "Feature", "geometry": {"type": "Point", "coordinates": [-89.909532, 35.149256]}, "properties": {"name": "Berclair Church of Christ", "src": "osm", "osm": "n356880775", "religion": "christian"}}, {"type": "Feature", "geometry": {"type": "Point", "coordinates": [-89.904179, 35.159179]}, "properties": {"name": "Berclair Church of the Nazarene", "src": "osm", "osm": "n356880778", "religion": "christian"}}, {"type": "Feature", "geometry": {"type": "Point", "coordinates": [-89.929533, 35.087869]}, "properties": {"name": "Bethel Congregational Methodist Church", "src": "osm", "osm": "n356880791", "religion": "christian"}}, {"type": "Feature", "geometry": {"type": "Point", "coordinates": [-89.940922, 35.160645]}, "properties": {"name": "Bethel United Pentecostal Church", "src": "osm", "osm": "n356880795", "religion": "christian"}}, {"type": "Feature", "geometry": {"type": "Point", "coordinates": [-89.981757, 35.110368]}, "properties": {"name": "Beulah Baptist Church", "src": "osm", "osm": "n356880820", "religion": "christian"}}, {"type": "Feature", "geometry": {"type": "Point", "coordinates": [-89.935367, 35.09398]}, "properties": {"name": "Beverly Hills Baptist Church", "src": "osm", "osm": "n356880823", "religion": "christian"}}, {"type": "Feature", "geometry": {"type": "Point", "coordinates": [-90.040369, 35.123146]}, "properties": {"name": "Bible Day Revival Church", "src": "osm", "osm": "n356880825", "religion": "christian"}}, {"type": "Feature", "geometry": {"type": "Point", "coordinates": [-89.9662, 35.147034]}, "properties": {"name": "Binghampton First Baptist Church", "src": "osm", "osm": "n356880831", "religion": "christian"}}, {"type": "Feature", "geometry": {"type": "Point", "coordinates": [-90.047036, 35.118424]}, "properties": {"name": "Blessed Trinity Baptist Church", "src": "osm", "osm": "n356880839", "religion": "christian"}}, {"type": "Feature", "geometry": {"type": "Point", "coordinates": [-90.066528, 35.107483]}, "properties": {"name": "Bloomfield Baptist Church", "src": "osm", "osm": "n356880841", "religion": "christian"}}, {"type": "Feature", "geometry": {"type": "Point", "coordinates": [-90.025647, 35.02787]}, "properties": {"name": "Boulevard Church of Christ", "src": "osm", "osm": "n356880853", "religion": "christian"}}, {"type": "Feature", "geometry": {"type": "Point", "coordinates": [-89.975645, 35.176478]}, "properties": {"name": "Breath of Life Christian Church", "src": "osm", "osm": "n356880858", "religion": "christian"}}, {"type": "Feature", "geometry": {"type": "Point", "coordinates": [-89.962867, 35.100091]}, "properties": {"name": "Breath of Life Seventh Day Adventist Church", "src": "osm", "osm": "n356880860", "religion": "christian"}}, {"type": "Feature", "geometry": {"type": "Point", "coordinates": [-90.037591, 35.178145]}, "properties": {"name": "Brown Chapel African Methodist Episcopal Church", "src": "osm", "osm": "n356880869", "religion": "christian"}}, {"type": "Feature", "geometry": {"type": "Point", "coordinates": [-89.949256, 35.116201]}, "properties": {"name": "Buntyn Presbyterian Church", "src": "osm", "osm": "n356880873", "religion": "christian"}}, {"type": "Feature", "geometry": {"type": "Point", "coordinates": [-89.91731, 35.170923]}, "properties": {"name": "Calvary Temple Assembly of God Church", "src": "osm", "osm": "n356880885", "religion": "christian"}}, {"type": "Feature", "geometry": {"type": "Point", "coordinates": [-89.918978, 35.020925]}, "properties": {"name": "Capleville Church", "src": "osm", "osm": "n356880895", "religion": "christian"}}, {"type": "Feature", "geometry": {"type": "Point", "coordinates": [-90.043196, 35.103855]}, "properties": {"name": "Carnegie Church of God in Christ", "src": "osm", "osm": "n356880896", "religion": "christian"}}, {"type": "Feature", "geometry": {"type": "Point", "coordinates": [-89.963978, 35.15009]}, "properties": {"name": "Carpenter Street Church of Christ", "src": "osm", "osm": "n356880897", "religion": "christian"}}, {"type": "Feature", "geometry": {"type": "Point", "coordinates": [-89.994257, 35.103424]}, "properties": {"name": "Castalia Missionary Baptist Church", "src": "osm", "osm": "n356880898", "religion": "christian"}}, {"type": "Feature", "geometry": {"type": "Point", "coordinates": [-89.889254, 35.106757]}, "properties": {"name": "Blackwood Brothers Christian Center Church", "src": "osm", "osm": "n356880899", "religion": "christian"}}, {"type": "Feature", "geometry": {"type": "Point", "coordinates": [-89.974256, 35.174256]}, "properties": {"name": "Central Missionary Baptist Church", "src": "osm", "osm": "n356880901", "religion": "christian"}}, {"type": "Feature", "geometry": {"type": "Point", "coordinates": [-90.009812, 35.168423]}, "properties": {"name": "Christ Chapel Church of God in Christ", "src": "osm", "osm": "n356880915", "religion": "christian"}}, {"type": "Feature", "geometry": {"type": "Point", "coordinates": [-90.012313, 35.118423]}, "properties": {"name": "Christ Holy Ghost Baptist Church", "src": "osm", "osm": "n356880917", "religion": "christian"}}, {"type": "Feature", "geometry": {"type": "Point", "coordinates": [-90.046079, 35.107765]}, "properties": {"name": "Christ Missionary Baptist Church", "src": "osm", "osm": "n356880918", "religion": "christian"}}, {"type": "Feature", "geometry": {"type": "Point", "coordinates": [-89.886304, 35.105381]}, "properties": {"name": "Christ the King Lutheran Church", "src": "osm", "osm": "n356880919", "religion": "christian"}}, {"type": "Feature", "geometry": {"type": "Point", "coordinates": [-90.044467, 35.122221]}, "properties": {"name": "Christ Temple Church of Christ", "src": "osm", "osm": "n356880921", "religion": "christian"}}, {"type": "Feature", "geometry": {"type": "Point", "coordinates": [-89.912527, 35.119355]}, "properties": {"name": "Christ United Methodist Church", "src": "osm", "osm": "n356880925", "religion": "christian", "street": "4488 Poplar Avenue"}}, {"type": "Feature", "geometry": {"type": "Point", "coordinates": [-89.922785, 35.086877]}, "properties": {"name": "Christian Fellowship Church", "src": "osm", "osm": "n356880927", "religion": "christian"}}, {"type": "Feature", "geometry": {"type": "Point", "coordinates": [-89.97499, 35.175253]}, "properties": {"name": "Christian Fellowship Church", "src": "osm", "osm": "n356880928", "religion": "christian"}}, {"type": "Feature", "geometry": {"type": "Point", "coordinates": [-89.875664, 35.060666]}, "properties": {"name": "Christian Heritage Pentecostal Holiness Church", "src": "osm", "osm": "n356880929", "religion": "christian"}}, {"type": "Feature", "geometry": {"type": "Point", "coordinates": [-89.982867, 35.217866]}, "properties": {"name": "Christian United Missionary Baptist Church", "src": "osm", "osm": "n356880930", "religion": "christian"}}, {"type": "Feature", "geometry": {"type": "Point", "coordinates": [-90.042869, 35.169256]}, "properties": {"name": "Christian Unity Baptist Church", "src": "osm", "osm": "n356880931", "religion": "christian"}}, {"type": "Feature", "geometry": {"type": "Point", "coordinates": [-89.979256, 35.175089]}, "properties": {"name": "Church of Christ", "src": "osm", "osm": "n356880932", "religion": "christian"}}, {"type": "Feature", "geometry": {"type": "Point", "coordinates": [-90.024813, 35.111479]}, "properties": {"name": "Church of Christ", "src": "osm", "osm": "n356880933", "religion": "christian"}}, {"type": "Feature", "geometry": {"type": "Point", "coordinates": [-89.929811, 35.087869]}, "properties": {"name": "Church of Christ", "src": "osm", "osm": "n356880934", "religion": "christian"}}, {"type": "Feature", "geometry": {"type": "Point", "coordinates": [-90.007868, 35.202033]}, "properties": {"name": "Church of Christ", "src": "osm", "osm": "n356880935", "religion": "christian"}}, {"type": "Feature", "geometry": {"type": "Point", "coordinates": [-90.035369, 35.164534]}, "properties": {"name": "Church of the First Born", "src": "osm", "osm": "n356880936", "religion": "christian"}}, {"type": "Feature", "geometry": {"type": "Point", "coordinates": [-89.992413, 35.159459]}, "properties": {"name": "Church of the Good Shepherd", "src": "osm", "osm": "n356880938", "religion": "christian"}}, {"type": "Feature", "geometry": {"type": "Point", "coordinates": [-89.90731, 35.13009]}, "properties": {"name": "Church of the Holy Communion", "src": "osm", "osm": "n356880939", "religion": "christian"}}, {"type": "Feature", "geometry": {"type": "Point", "coordinates": [-90.006257, 35.120477]}, "properties": {"name": "Church of the Living God", "src": "osm", "osm": "n356880940", "religion": "christian"}}, {"type": "Feature", "geometry": {"type": "Point", "coordinates": [-89.918977, 35.172589]}, "properties": {"name": "Church of the Lord Jesus Christ", "src": "osm", "osm": "n356880941", "religion": "christian"}}, {"type": "Feature", "geometry": {"type": "Point", "coordinates": [-89.977312, 35.151478]}, "properties": {"name": "Church of the Lord Jesus Christ", "src": "osm", "osm": "n356880942", "religion": "christian"}}, {"type": "Feature", "geometry": {"type": "Point", "coordinates": [-89.904255, 35.090924]}, "properties": {"name": "Colonial Baptist Church", "src": "osm", "osm": "n356880953", "religion": "christian"}}, {"type": "Feature", "geometry": {"type": "Point", "coordinates": [-90.032591, 35.162034]}, "properties": {"name": "Community Baptist Church", "src": "osm", "osm": "n356880957", "religion": "christian"}}, {"type": "Feature", "geometry": {"type": "Point", "coordinates": [-89.9612, 35.175367]}, "properties": {"name": "Coopers Chapel African Methodist Episcopal Zion Church", "src": "osm", "osm": "n356880959", "religion": "christian"}}, {"type": "Feature", "geometry": {"type": "Point", "coordinates": [-89.772862, 35.154534]}, "properties": {"name": "Cordova Baptist Church", "src": "osm", "osm": "n356880960", "religion": "christian"}}, {"type": "Feature", "geometry": {"type": "Point", "coordinates": [-89.980923, 35.174534]}, "properties": {"name": "Corinthian Baptist Church", "src": "osm", "osm": "n356880962", "religion": "christian"}}, {"type": "Feature", "geometry": {"type": "Point", "coordinates": [-89.889255, 35.068147]}, "properties": {"name": "Cottonwood Heights Baptist Church", "src": "osm", "osm": "n356880964", "religion": "christian"}}, {"type": "Feature", "geometry": {"type": "Point", "coordinates": [-90.044269, 35.124043]}, "properties": {"name": "Cross Temple Church of God in Christ", "src": "osm", "osm": "n356880967", "religion": "christian"}}, {"type": "Feature", "geometry": {"type": "Point", "coordinates": [-90.010645, 35.212588]}, "properties": {"name": "Dellwood Baptist Church", "src": "osm", "osm": "n356880973", "religion": "christian"}}, {"type": "Feature", "geometry": {"type": "Point", "coordinates": [-89.998424, 35.119535]}, "properties": {"name": "Divine Temple Church of God in Christ", "src": "osm", "osm": "n356880974", "religion": "christian"}}, {"type": "Feature", "geometry": {"type": "Point", "coordinates": [-89.987542, 35.216766]}, "properties": {"name": "East Frayser Church of Christ", "src": "osm", "osm": "n356880977", "religion": "christian"}}, {"type": "Feature", "geometry": {"type": "Point", "coordinates": [-89.924255, 35.086202]}, "properties": {"name": "East Side Church of the Nazarene", "src": "osm", "osm": "n356880979", "religion": "christian"}}, {"type": "Feature", "geometry": {"type": "Point", "coordinates": [-90.022869, 35.111479]}, "properties": {"name": "East Trigg Avenue Baptist Church", "src": "osm", "osm": "n356880981", "religion": "christian"}}, {"type": "Feature", "geometry": {"type": "Point", "coordinates": [-89.93607, 35.178809]}, "properties": {"name": "Eastland Presbyterian Church", "src": "osm", "osm": "n356880982", "religion": "christian"}}, {"type": "Feature", "geometry": {"type": "Point", "coordinates": [-90.015924, 35.14509]}, "properties": {"name": "Eastern Star Baptist Church", "src": "osm", "osm": "n356880984", "religion": "christian"}}, {"type": "Feature", "geometry": {"type": "Point", "coordinates": [-89.933978, 35.065925]}, "properties": {"name": "Eastwood Baptist Church", "src": "osm", "osm": "n356880986", "religion": "christian"}}, {"type": "Feature", "geometry": {"type": "Point", "coordinates": [-89.927032, 35.247588]}, "properties": {"name": "Egypt Baptist Church", "src": "osm", "osm": "n356880988", "religion": "christian"}}, {"type": "Feature", "geometry": {"type": "Point", "coordinates": [-89.961389, 35.176559]}, "properties": {"name": "El Bethel Missionary Baptist Church", "src": "osm", "osm": "n356880989", "religion": "christian"}}, {"type": "Feature", "geometry": {"type": "Point", "coordinates": [-89.922589, 35.084535]}, "properties": {"name": "Elliston Baptist Church", "src": "osm", "osm": "n356880994", "religion": "christian"}}, {"type": "Feature", "geometry": {"type": "Point", "coordinates": [-90.075614, 35.06647]}, "properties": {"name": "Emmanuel Church of God in Christ", "src": "osm", "osm": "n356881001", "religion": "christian"}}, {"type": "Feature", "geometry": {"type": "Point", "coordinates": [-89.9937, 35.237588]}, "properties": {"name": "Emmanuel Tabernacle Church", "src": "osm", "osm": "n356881005", "religion": "christian"}}, {"type": "Feature", "geometry": {"type": "Point", "coordinates": [-89.937033, 35.092869]}, "properties": {"name": "Episcopal Church of the Holy Trinity", "src": "osm", "osm": "n356881007", "religion": "christian"}}, {"type": "Feature", "geometry": {"type": "Point", "coordinates": [-89.907432, 35.138136]}, "properties": {"name": "Evangel Baptist Church", "src": "osm", "osm": "n356881008", "religion": "christian"}}, {"type": "Feature", "geometry": {"type": "Point", "coordinates": [-90.038424, 35.118424]}, "properties": {"name": "Evening Star Missionary Baptist Church", "src": "osm", "osm": "n356881016", "religion": "christian"}}, {"type": "Feature", "geometry": {"type": "Point", "coordinates": [-90.033146, 35.164812]}, "properties": {"name": "Faith Baptist Church", "src": "osm", "osm": "n356881020", "religion": "christian"}}, {"type": "Feature", "geometry": {"type": "Point", "coordinates": [-90.040924, 35.211755]}, "properties": {"name": "Faith Bible Church", "src": "osm", "osm": "n356881021", "religion": "christian"}}, {"type": "Feature", "geometry": {"type": "Point", "coordinates": [-89.914532, 35.221477]}, "properties": {"name": "Faith Cumberland Presbyterian Church", "src": "osm", "osm": "n356881022", "religion": "christian"}}, {"type": "Feature", "geometry": {"type": "Point", "coordinates": [-89.979812, 35.153978]}, "properties": {"name": "Faith Temple Church", "src": "osm", "osm": "n356881027", "religion": "christian"}}, {"type": "Feature", "geometry": {"type": "Point", "coordinates": [-90.024258, 35.118701]}, "properties": {"name": "Faith Temple Church of God in Christ", "src": "osm", "osm": "n356881029", "religion": "christian"}}, {"type": "Feature", "geometry": {"type": "Point", "coordinates": [-89.985089, 35.174534]}, "properties": {"name": "Featherstone Chapel Methodist Church", "src": "osm", "osm": "n356881034", "religion": "christian"}}, {"type": "Feature", "geometry": {"type": "Point", "coordinates": [-90.032313, 35.133423]}, "properties": {"name": "Fellowship Community Church", "src": "osm", "osm": "n356881036", "religion": "christian"}}, {"type": "Feature", "geometry": {"type": "Point", "coordinates": [-90.014534, 35.227866]}, "properties": {"name": "Felts Church", "src": "osm", "osm": "n356881037", "religion": "christian"}}, {"type": "Feature", "geometry": {"type": "Point", "coordinates": [-90.06287, 35.103424]}, "properties": {"name": "Firelight Spiritual Baptist Church", "src": "osm", "osm": "n356881038", "religion": "christian"}}, {"type": "Feature", "geometry": {"type": "Point", "coordinates": [-89.945836, 35.13891]}, "properties": {"name": "First Assembly of God Church", "src": "osm", "osm": "n356881040", "religion": "christian"}}, {"type": "Feature", "geometry": {"type": "Point", "coordinates": [-89.959811, 35.175089]}, "properties": {"name": "First Baptist Church", "src": "osm", "osm": "n356881041", "religion": "christian"}}, {"type": "Feature", "geometry": {"type": "Point", "coordinates": [-90.04411, 35.128553]}, "properties": {"name": "First Baptist Church Lauderdale", "src": "osm", "osm": "n356881045", "religion": "christian"}}, {"type": "Feature", "geometry": {"type": "Point", "coordinates": [-89.92481, 35.162589]}, "properties": {"name": "First Christian Assembly Church", "src": "osm", "osm": "n356881050", "religion": "christian"}}, {"type": "Feature", "geometry": {"type": "Point", "coordinates": [-89.992867, 35.228144]}, "properties": {"name": "First Church of God", "src": "osm", "osm": "n356881052", "religion": "christian"}}, {"type": "Feature", "geometry": {"type": "Point", "coordinates": [-89.916754, 35.1687]}, "properties": {"name": "First General Baptist Church", "src": "osm", "osm": "n356881058", "religion": "christian"}}, {"type": "Feature", "geometry": {"type": "Point", "coordinates": [-90.040924, 35.121479]}, "properties": {"name": "First Pentecostal Church", "src": "osm", "osm": "n356881061", "religion": "christian"}}, {"type": "Feature", "geometry": {"type": "Point", "coordinates": [-89.961305, 35.140261]}, "properties": {"name": "First Pleasant Hill Missionary Baptist Church", "src": "osm", "osm": "n356881063", "religion": "christian"}}, {"type": "Feature", "geometry": {"type": "Point", "coordinates": [-89.940645, 35.068147]}, "properties": {"name": "Forest Chapel", "src": "osm", "osm": "n356881072", "religion": "christian"}}, {"type": "Feature", "geometry": {"type": "Point", "coordinates": [-90.028146, 35.215089]}, "properties": {"name": "Frayser Assembly of God Church", "src": "osm", "osm": "n356881084", "religion": "christian"}}, {"type": "Feature", "geometry": {"type": "Point", "coordinates": [-90.003979, 35.215088]}, "properties": {"name": "Frayser Christian Church", "src": "osm", "osm": "n356881088", "religion": "christian"}}, {"type": "Feature", "geometry": {"type": "Point", "coordinates": [-89.987054, 35.218004]}, "properties": {"name": "Frayser Cumberland Presbyterian Church", "src": "osm", "osm": "n356881092", "religion": "christian"}}, {"type": "Feature", "geometry": {"type": "Point", "coordinates": [-89.981499, 35.219164]}, "properties": {"name": "Faith United Methodist Church", "src": "osm", "osm": "n356881096", "religion": "christian", "street": "2450 Frayser Boulevard"}}, {"type": "Feature", "geometry": {"type": "Point", "coordinates": [-89.99759, 35.2037]}, "properties": {"name": "Frayser Pentecostal Church", "src": "osm", "osm": "n356881098", "religion": "christian"}}, {"type": "Feature", "geometry": {"type": "Point", "coordinates": [-90.011757, 35.212588]}, "properties": {"name": "Frayser Presbyterian Church", "src": "osm", "osm": "n356881100", "religion": "christian"}}, {"type": "Feature", "geometry": {"type": "Point", "coordinates": [-89.998701, 35.217033]}, "properties": {"name": "Frayser Primitive Baptist Church", "src": "osm", "osm": "n356881102", "religion": "christian"}}, {"type": "Feature", "geometry": {"type": "Point", "coordinates": [-90.012035, 35.164534]}, "properties": {"name": "Friendship Baptist Church", "src": "osm", "osm": "n356881105", "religion": "christian"}}, {"type": "Feature", "geometry": {"type": "Point", "coordinates": [-90.037869, 35.026203]}, "properties": {"name": "Full Gospel Tabernacle", "src": "osm", "osm": "n356881112", "religion": "christian"}}, {"type": "Feature", "geometry": {"type": "Point", "coordinates": [-90.019257, 35.173978]}, "properties": {"name": "General Assembly and First Born Church", "src": "osm", "osm": "n356881127", "religion": "christian"}}, {"type": "Feature", "geometry": {"type": "Point", "coordinates": [-90.052869, 35.128979]}, "properties": {"name": "Georgia Avenue Freewill Baptist Church", "src": "osm", "osm": "n356881129", "religion": "christian"}}, {"type": "Feature", "geometry": {"type": "Point", "coordinates": [-89.99412, 35.233142]}, "properties": {"name": "Georgian Hills United Methodist Church", "src": "osm", "osm": "n356881132", "religion": "christian"}}, {"type": "Feature", "geometry": {"type": "Point", "coordinates": [-90.015368, 35.172034]}, "properties": {"name": "Gethsemane Garden Church", "src": "osm", "osm": "n356881134", "religion": "christian"}}, {"type": "Feature", "geometry": {"type": "Point", "coordinates": [-90.026758, 35.119257]}, "properties": {"name": "Gods Miracle Prayer Temple", "src": "osm", "osm": "n356881152", "religion": "christian"}}, {"type": "Feature", "geometry": {"type": "Point", "coordinates": [-90.064536, 35.104813]}, "properties": {"name": "Golden Gate Missionary Baptist Church", "src": "osm", "osm": "n356881156", "religion": "christian"}}, {"type": "Feature", "geometry": {"type": "Point", "coordinates": [-89.975645, 35.175089]}, "properties": {"name": "Golden Leaf Baptist Church", "src": "osm", "osm": "n356881158", "religion": "christian"}}, {"type": "Feature", "geometry": {"type": "Point", "coordinates": [-90.03148, 35.170367]}, "properties": {"name": "Gospel Temple Baptist Church", "src": "osm", "osm": "n356881165", "religion": "christian"}}, {"type": "Feature", "geometry": {"type": "Point", "coordinates": [-89.992867, 35.227588]}, "properties": {"name": "Grace Baptist Temple", "src": "osm", "osm": "n356881168", "religion": "christian"}}, {"type": "Feature", "geometry": {"type": "Point", "coordinates": [-89.911199, 35.153978]}, "properties": {"name": "Grace Chapel Primitive Baptist Church", "src": "osm", "osm": "n356881170", "religion": "christian"}}, {"type": "Feature", "geometry": {"type": "Point", "coordinates": [-89.940089, 35.099535]}, "properties": {"name": "Grace Gospel Chapel", "src": "osm", "osm": "n356881172", "religion": "christian"}}, {"type": "Feature", "geometry": {"type": "Point", "coordinates": [-90.007035, 35.042314]}, "properties": {"name": "Gracewood Presbyterian Church", "src": "osm", "osm": "n356881184", "religion": "christian"}}, {"type": "Feature", "geometry": {"type": "Point", "coordinates": [-89.933144, 35.179533]}, "properties": {"name": "Gragg Avenue Church of Christ", "src": "osm", "osm": "n356881185", "religion": "christian"}}, {"type": "Feature", "geometry": {"type": "Point", "coordinates": [-90.030505, 35.168605]}, "properties": {"name": "Greater Community Temple Church of God in Christ", "src": "osm", "osm": "n356881195", "religion": "christian"}}, {"type": "Feature", "geometry": {"type": "Point", "coordinates": [-90.024535, 35.120924]}, "properties": {"name": "Greater Corinthian Missionary Baptist Church", "src": "osm", "osm": "n356881197", "religion": "christian"}}, {"type": "Feature", "geometry": {"type": "Point", "coordinates": [-90.032313, 35.167312]}, "properties": {"name": "Greater Faith Baptist Church", "src": "osm", "osm": "n356881199", "religion": "christian"}}, {"type": "Feature", "geometry": {"type": "Point", "coordinates": [-89.962867, 35.174534]}, "properties": {"name": "Greater First Baptist Church", "src": "osm", "osm": "n356881201", "religion": "christian"}}, {"type": "Feature", "geometry": {"type": "Point", "coordinates": [-89.977021, 35.158258]}, "properties": {"name": "Greater Galatian Baptist Church", "src": "osm", "osm": "n356881203", "religion": "christian"}}, {"type": "Feature", "geometry": {"type": "Point", "coordinates": [-89.994535, 35.100368]}, "properties": {"name": "Greater Gethsemane Baptist Church", "src": "osm", "osm": "n356881205", "religion": "christian"}}, {"type": "Feature", "geometry": {"type": "Point", "coordinates": [-89.974473, 35.11707]}, "properties": {"name": "Greater Hope Baptist Church", "src": "osm", "osm": "n356881206", "religion": "christian"}}, {"type": "Feature", "geometry": {"type": "Point", "coordinates": [-90.040924, 35.123146]}, "properties": {"name": "Greater Hyde Park Baptist Church", "src": "osm", "osm": "n356881208", "religion": "christian"}}, {"type": "Feature", "geometry": {"type": "Point", "coordinates": [-90.071533, 35.065281]}, "properties": {"name": "Greater Mount Calvary Missionary Baptist Church", "src": "osm", "osm": "n356881213", "religion": "christian"}}, {"type": "Feature", "geometry": {"type": "Point", "coordinates": [-89.988701, 35.175089]}, "properties": {"name": "Greater Mount Zion Baptist Church", "src": "osm", "osm": "n356881219", "religion": "christian"}}, {"type": "Feature", "geometry": {"type": "Point", "coordinates": [-90.036991, 35.114626]}, "properties": {"name": "Greater New Salem Baptist Church", "src": "osm", "osm": "n356881221", "religion": "christian"}}, {"type": "Feature", "geometry": {"type": "Point", "coordinates": [-90.06287, 35.105646]}, "properties": {"name": "Greater Open Door Missionary Baptist Church", "src": "osm", "osm": "n356881226", "religion": "christian"}}, {"type": "Feature", "geometry": {"type": "Point", "coordinates": [-90.048702, 35.115646]}, "properties": {"name": "Greater Pine Hill Missionary Baptist Church", "src": "osm", "osm": "n356881228", "religion": "christian"}}, {"type": "Feature", "geometry": {"type": "Point", "coordinates": [-89.954533, 35.147034]}, "properties": {"name": "Greater Pleasant Hill Baptist Church", "src": "osm", "osm": "n356881230", "religion": "christian"}}, {"type": "Feature", "geometry": {"type": "Point", "coordinates": [-90.030091, 35.114813]}, "properties": {"name": "Greater Prospect Missionary Baptist Church", "src": "osm", "osm": "n356881231", "religion": "christian"}}, {"type": "Feature", "geometry": {"type": "Point", "coordinates": [-90.039535, 35.121757]}, "properties": {"name": "Greater Pure in Heart Baptist Church", "src": "osm", "osm": "n356881232", "religion": "christian"}}, {"type": "Feature", "geometry": {"type": "Point", "coordinates": [-90.080926, 35.061481]}, "properties": {"name": "Greater Southside Missionary Baptist Church", "src": "osm", "osm": "n356881234", "religion": "christian"}}, {"type": "Feature", "geometry": {"type": "Point", "coordinates": [-89.952589, 35.09398]}, "properties": {"name": "Greenwood Christian Methodist Episcopal Church", "src": "osm", "osm": "n356881239", "religion": "christian"}}, {"type": "Feature", "geometry": {"type": "Point", "coordinates": [-89.931477, 35.172589]}, "properties": {"name": "Bethany Temple", "src": "osm", "osm": "n356881240", "religion": "christian"}}, {"type": "Feature", "geometry": {"type": "Point", "coordinates": [-89.920366, 35.182033]}, "properties": {"name": "Hartland Heights Baptist Church", "src": "osm", "osm": "n356881248", "religion": "christian"}}, {"type": "Feature", "geometry": {"type": "Point", "coordinates": [-89.922865, 35.220644]}, "properties": {"name": "Heritage Baptist Church", "src": "osm", "osm": "n356881250", "religion": "christian"}}, {"type": "Feature", "geometry": {"type": "Point", "coordinates": [-89.956477, 35.200089]}, "properties": {"name": "Heritage Presbyterian Church", "src": "osm", "osm": "n356881257", "religion": "christian"}}, {"type": "Feature", "geometry": {"type": "Point", "coordinates": [-89.9487, 35.150645]}, "properties": {"name": "Highland Heights Baptist Church", "src": "osm", "osm": "n356881261", "religion": "christian"}}, {"type": "Feature", "geometry": {"type": "Point", "coordinates": [-89.946478, 35.152312]}, "properties": {"name": "Highland Heights Cumberland Presbyterian Church", "src": "osm", "osm": "n356881263", "religion": "christian"}}, {"type": "Feature", "geometry": {"type": "Point", "coordinates": [-89.945086, 35.149736]}, "properties": {"name": "Highland Heights United Methodist Church", "src": "osm", "osm": "n356881269", "religion": "christian", "street": "3476 North Highland Street"}}, {"type": "Feature", "geometry": {"type": "Point", "coordinates": [-89.972867, 35.167867]}, "properties": {"name": "Hill Chapel Baptist Church", "src": "osm", "osm": "n356881270", "religion": "christian"}}, {"type": "Feature", "geometry": {"type": "Point", "coordinates": [-90.043424, 35.16259]}, "properties": {"name": "Holy Chapel Baptist Church", "src": "osm", "osm": "n356881272", "religion": "christian"}}, {"type": "Feature", "geometry": {"type": "Point", "coordinates": [-90.04898, 35.128979]}, "properties": {"name": "Holy Ghost Spiritual Temple", "src": "osm", "osm": "n356881274"}}, {"type": "Feature", "geometry": {"type": "Point", "coordinates": [-90.030646, 35.167312]}, "properties": {"name": "Holy Ghost Spiritual Temple", "src": "osm", "osm": "n356881276"}}, {"type": "Feature", "geometry": {"type": "Point", "coordinates": [-90.036588, 35.113621]}, "properties": {"name": "Holy Ghost Temple Church of God in Christ", "src": "osm", "osm": "n356881278", "religion": "christian"}}, {"type": "Feature", "geometry": {"type": "Point", "coordinates": [-89.900088, 35.106479]}, "properties": {"name": "Holy Rosary Catholic Church", "src": "osm", "osm": "n356881280", "religion": "christian"}}, {"type": "Feature", "geometry": {"type": "Point", "coordinates": [-90.08037, 35.061481]}, "properties": {"name": "Holy Temple Church", "src": "osm", "osm": "n356881282", "religion": "christian"}}, {"type": "Feature", "geometry": {"type": "Point", "coordinates": [-90.018078, 35.112355]}, "properties": {"name": "Holy Temple Church of God in Christ", "src": "osm", "osm": "n356881284", "religion": "christian"}}, {"type": "Feature", "geometry": {"type": "Point", "coordinates": [-90.034813, 35.161479]}, "properties": {"name": "Holy Names of Jesus and Mary Catholic Church", "src": "osm", "osm": "n356881287", "religion": "christian"}}, {"type": "Feature", "geometry": {"type": "Point", "coordinates": [-90.059258, 35.08648]}, "properties": {"name": "House of Hope Missionary Baptist Church", "src": "osm", "osm": "n356881291", "religion": "christian"}}, {"type": "Feature", "geometry": {"type": "Point", "coordinates": [-89.960367, 35.175089]}, "properties": {"name": "House of Prayer Christian Church", "src": "osm", "osm": "n356881292", "religion": "christian"}}, {"type": "Feature", "geometry": {"type": "Point", "coordinates": [-90.048702, 35.128979]}, "properties": {"name": "In Time House of Prayer Church", "src": "osm", "osm": "n356881295", "religion": "christian"}}, {"type": "Feature", "geometry": {"type": "Point", "coordinates": [-90.028147, 35.111479]}, "properties": {"name": "Independent Missionary Baptist Church", "src": "osm", "osm": "n356881296", "religion": "christian"}}, {"type": "Feature", "geometry": {"type": "Point", "coordinates": [-89.944202, 35.170736]}, "properties": {"name": "Jackson Avenue Methodist Church", "src": "osm", "osm": "n356881299", "religion": "christian"}}, {"type": "Feature", "geometry": {"type": "Point", "coordinates": [-89.953422, 35.199811]}, "properties": {"name": "James Road Baptist Church", "src": "osm", "osm": "n356881300", "religion": "christian"}}, {"type": "Feature", "geometry": {"type": "Point", "coordinates": [-90.039813, 35.122035]}, "properties": {"name": "Jerusalem Chapel", "src": "osm", "osm": "n356881306", "religion": "christian"}}, {"type": "Feature", "geometry": {"type": "Point", "coordinates": [-90.029257, 35.168145]}, "properties": {"name": "Jerusalem Church of God in Christ", "src": "osm", "osm": "n356881308", "religion": "christian"}}, {"type": "Feature", "geometry": {"type": "Point", "coordinates": [-90.024008, 35.111877]}, "properties": {"name": "Jordan River Baptist Church", "src": "osm", "osm": "n356881309", "religion": "christian"}}, {"type": "Feature", "geometry": {"type": "Point", "coordinates": [-90.018146, 35.160367]}, "properties": {"name": "Keel Avenue Baptist Church", "src": "osm", "osm": "n356881311", "religion": "christian"}}, {"type": "Feature", "geometry": {"type": "Point", "coordinates": [-90.063981, 35.087036]}, "properties": {"name": "King Place Missionary Baptist Church", "src": "osm", "osm": "n356881331", "religion": "christian"}}, {"type": "Feature", "geometry": {"type": "Point", "coordinates": [-90.051551, 35.110609]}, "properties": {"name": "King Solomon Missionary Baptist Church", "src": "osm", "osm": "n356881333", "religion": "christian"}}, {"type": "Feature", "geometry": {"type": "Point", "coordinates": [-89.919254, 35.172034]}, "properties": {"name": "Kingdom Hall of Jehovahs Witnesses", "src": "osm", "osm": "n356881337", "religion": "christian"}}, {"type": "Feature", "geometry": {"type": "Point", "coordinates": [-90.013424, 35.165367]}, "properties": {"name": "Klondike Church of Christ", "src": "osm", "osm": "n356881344", "religion": "christian"}}, {"type": "Feature", "geometry": {"type": "Point", "coordinates": [-90.046635, 35.098274]}, "properties": {"name": "Koinona Baptist Church", "src": "osm", "osm": "n356881348", "religion": "christian"}}, {"type": "Feature", "geometry": {"type": "Point", "coordinates": [-90.035359, 35.09972]}, "properties": {"name": "Lake Grove Baptist Church Number Two", "src": "osm", "osm": "n356881358", "religion": "christian"}}, {"type": "Feature", "geometry": {"type": "Point", "coordinates": [-89.97509, 35.098702]}, "properties": {"name": "Lamar Heights Baptist Church", "src": "osm", "osm": "n356881363", "religion": "christian"}}, {"type": "Feature", "geometry": {"type": "Point", "coordinates": [-89.896754, 35.158423]}, "properties": {"name": "Leaclair Baptist Church", "src": "osm", "osm": "n356881387", "religion": "christian"}}, {"type": "Feature", "geometry": {"type": "Point", "coordinates": [-89.938977, 35.163423]}, "properties": {"name": "Leawood Baptist Church", "src": "osm", "osm": "n356881399", "religion": "christian"}}, {"type": "Feature", "geometry": {"type": "Point", "coordinates": [-90.042869, 35.168701]}, "properties": {"name": "Lilly of Valley Baptist Church", "src": "osm", "osm": "n356881413", "religion": "christian"}}, {"type": "Feature", "geometry": {"type": "Point", "coordinates": [-90.038787, 35.112308]}, "properties": {"name": "Little Sanctified Mission Church of God in Christ", "src": "osm", "osm": "n356881427", "religion": "christian"}}, {"type": "Feature", "geometry": {"type": "Point", "coordinates": [-90.04471, 35.094827]}, "properties": {"name": "Longview Community Holiness Church", "src": "osm", "osm": "n356881436", "religion": "christian"}}, {"type": "Feature", "geometry": {"type": "Point", "coordinates": [-89.944811, 35.123423]}, "properties": {"name": "Lutheran Church of the Redeemer", "src": "osm", "osm": "n356881453", "religion": "christian"}}, {"type": "Feature", "geometry": {"type": "Point", "coordinates": [-89.841812, 35.047751]}, "properties": {"name": "World Overcomers Outreach Ministries Church", "src": "osm", "osm": "n356895536", "religion": "christian", "street": "6655 Winchester Road"}}, {"type": "Feature", "geometry": {"type": "Point", "coordinates": [-89.866476, 35.06148]}, "properties": {"name": "Church of the Holy Apostles", "src": "osm", "osm": "n356895537", "religion": "christian"}}, {"type": "Feature", "geometry": {"type": "Point", "coordinates": [-89.906477, 35.148423]}, "properties": {"name": "Grimes Memorial Methodist Church", "src": "osm", "osm": "n356895565", "religion": "christian"}}, {"type": "Feature", "geometry": {"type": "Point", "coordinates": [-90.038146, 35.161479]}, "properties": {"name": "Holy Name Convent", "src": "osm", "osm": "n356895569"}}, {"type": "Feature", "geometry": {"type": "Point", "coordinates": [-90.005646, 35.126479]}, "properties": {"name": "Immaculate Conception Cathedral", "src": "osm", "osm": "n356895572", "religion": "christian"}}, {"type": "Feature", "geometry": {"type": "Point", "coordinates": [-90.035369, 35.044814]}, "properties": {"name": "Trinity Church", "src": "osm", "osm": "n356895624", "religion": "christian"}}, {"type": "Feature", "geometry": {"type": "Point", "coordinates": [-90.040387, 35.121114]}, "properties": {"name": "Market Place Baptist Church", "src": "osm", "osm": "n356897885", "religion": "christian"}}, {"type": "Feature", "geometry": {"type": "Point", "coordinates": [-89.985048, 35.223655]}, "properties": {"name": "Oak Crest Baptist Church", "src": "osm", "osm": "n356897889", "religion": "christian"}}, {"type": "Feature", "geometry": {"type": "Point", "coordinates": [-89.946377, 35.072924]}, "properties": {"name": "Abounding Grace Church of God in Christ", "src": "osm", "osm": "n356898662", "religion": "christian"}}, {"type": "Feature", "geometry": {"type": "Point", "coordinates": [-90.09236, 35.034886]}, "properties": {"name": "Abundant Grace Fellowship", "src": "osm", "osm": "n356898664"}}, {"type": "Feature", "geometry": {"type": "Point", "coordinates": [-90.007702, 35.121072]}, "properties": {"name": "Abundant Life Temple", "src": "osm", "osm": "n356898666"}}, {"type": "Feature", "geometry": {"type": "Point", "coordinates": [-89.911153, 35.064149]}, "properties": {"name": "Agape Fellowship Church", "src": "osm", "osm": "n356898673", "religion": "christian"}}, {"type": "Feature", "geometry": {"type": "Point", "coordinates": [-90.09914, 35.09441]}, "properties": {"name": "Alice Avenue Church of Christ", "src": "osm", "osm": "n356898675", "religion": "christian"}}, {"type": "Feature", "geometry": {"type": "Point", "coordinates": [-90.035481, 35.04396]}, "properties": {"name": "All Believers Christian Center", "src": "osm", "osm": "n356898677", "religion": "christian"}}, {"type": "Feature", "geometry": {"type": "Point", "coordinates": [-90.05838, 35.06663]}, "properties": {"name": "All People Fellowship Holiness Church", "src": "osm", "osm": "n356898679", "religion": "christian"}}, {"type": "Feature", "geometry": {"type": "Point", "coordinates": [-89.831881, 35.042052]}, "properties": {"name": "Anointed Temple of Praise", "src": "osm", "osm": "n356898683", "religion": "christian"}}, {"type": "Feature", "geometry": {"type": "Point", "coordinates": [-89.995162, 35.217693]}, "properties": {"name": "Back To Pentecostal Apostolic Church", "src": "osm", "osm": "n356898688", "religion": "christian"}}, {"type": "Feature", "geometry": {"type": "Point", "coordinates": [-89.841769, 35.076248]}, "properties": {"name": "Balmoral Baptist Church", "src": "osm", "osm": "n356898690", "religion": "christian"}}, {"type": "Feature", "geometry": {"type": "Point", "coordinates": [-89.851045, 35.074177]}, "properties": {"name": "Balmoral Presbyterian Church", "src": "osm", "osm": "n356898692", "religion": "christian"}}, {"type": "Feature", "geometry": {"type": "Point", "coordinates": [-89.941022, 35.11861]}, "properties": {"name": "Baptist Collegiate Ministries", "src": "osm", "osm": "n356898695", "religion": "christian"}}, {"type": "Feature", "geometry": {"type": "Point", "coordinates": [-89.940756, 35.118704]}, "properties": {"name": "Baptist Student Union of Memphis State University", "src": "osm", "osm": "n356898698", "religion": "christian"}}, {"type": "Feature", "geometry": {"type": "Point", "coordinates": [-89.965856, 35.102354]}, "properties": {"name": "Barron Heights Church", "src": "osm", "osm": "n356898701", "religion": "christian"}}, {"type": "Feature", "geometry": {"type": "Point", "coordinates": [-89.886251, 35.070641]}, "properties": {"name": "Barton First Southern Methodist Church", "src": "osm", "osm": "n356898708", "religion": "christian"}}, {"type": "Feature", "geometry": {"type": "Point", "coordinates": [-89.974928, 35.100585]}, "properties": {"name": "Believers in Faith Missionary Baptist Church", "src": "osm", "osm": "n356898710", "religion": "christian"}}, {"type": "Feature", "geometry": {"type": "Point", "coordinates": [-90.037103, 35.127753]}, "properties": {"name": "Belmount Missionary Baptist Church", "src": "osm", "osm": "n356898712", "religion": "christian"}}, {"type": "Feature", "geometry": {"type": "Point", "coordinates": [-90.007915, 35.035868]}, "properties": {"name": "Berean Missionary Baptist Church", "src": "osm", "osm": "n356898715", "religion": "christian"}}, {"type": "Feature", "geometry": {"type": "Point", "coordinates": [-89.96281, 35.100173]}, "properties": {"name": "Bethany Seventh Day Adventist Church", "src": "osm", "osm": "n356898718", "religion": "christian"}}, {"type": "Feature", "geometry": {"type": "Point", "coordinates": [-89.966719, 35.151319]}, "properties": {"name": "Bethany Temple Church of God in Christ Holiness", "src": "osm", "osm": "n356898719", "religion": "christian"}}, {"type": "Feature", "geometry": {"type": "Point", "coordinates": [-89.995679, 35.078079]}, "properties": {"name": "Bethel African Methodist Episcopal Church", "src": "osm", "osm": "n356898721", "religion": "christian"}}, {"type": "Feature", "geometry": {"type": "Point", "coordinates": [-89.989681, 35.206833]}, "properties": {"name": "Bethel Church of God In Christ", "src": "osm", "osm": "n356898724", "religion": "christian"}}, {"type": "Feature", "geometry": {"type": "Point", "coordinates": [-90.037567, 35.118076]}, "properties": {"name": "Bethel Presbyterian Church", "src": "osm", "osm": "n356898728", "religion": "christian"}}, {"type": "Feature", "geometry": {"type": "Point", "coordinates": [-89.950459, 35.108359]}, "properties": {"name": "Bethel Temple Church of God in Christ", "src": "osm", "osm": "n356898731", "religion": "christian"}}, {"type": "Feature", "geometry": {"type": "Point", "coordinates": [-90.069905, 35.043201]}, "properties": {"name": "Bethesda Apostolic Church", "src": "osm", "osm": "n356898734", "religion": "christian"}}, {"type": "Feature", "geometry": {"type": "Point", "coordinates": [-89.941802, 35.18105]}, "properties": {"name": "Bethesda Word of Life Christian Center", "src": "osm", "osm": "n356898737", "religion": "christian"}}, {"type": "Feature", "geometry": {"type": "Point", "coordinates": [-89.940285, 35.020045]}, "properties": {"name": "Bethlehem Missionary Baptist Church", "src": "osm", "osm": "n356898739", "religion": "christian"}}, {"type": "Feature", "geometry": {"type": "Point", "coordinates": [-90.027351, 35.160891]}, "properties": {"name": "Bethlehem Missionary Baptist Church", "src": "osm", "osm": "n356898741", "religion": "christian"}}, {"type": "Feature", "geometry": {"type": "Point", "coordinates": [-90.074067, 35.043227]}, "properties": {"name": "Bethlehem Temple Revival Center", "src": "osm", "osm": "n356898753"}}, {"type": "Feature", "geometry": {"type": "Point", "coordinates": [-89.981949, 35.110226]}, "properties": {"name": "Beulah Baptist Church Family Life Center", "src": "osm", "osm": "n356898760", "religion": "christian"}}, {"type": "Feature", "geometry": {"type": "Point", "coordinates": [-89.974415, 35.143949]}, "properties": {"name": "Blessed Sacrament Church", "src": "osm", "osm": "n356898766", "religion": "christian"}}, {"type": "Feature", "geometry": {"type": "Point", "coordinates": [-90.046768, 35.117915]}, "properties": {"name": "Blessed Trinity Missionary Baptist Church", "src": "osm", "osm": "n356898768", "religion": "christian"}}, {"type": "Feature", "geometry": {"type": "Point", "coordinates": [-90.049553, 35.105984]}, "properties": {"name": "Branch of Christ Missionary Baptist Church", "src": "osm", "osm": "n356898771", "religion": "christian"}}, {"type": "Feature", "geometry": {"type": "Point", "coordinates": [-90.079354, 35.0658]}, "properties": {"name": "Bread of Life Missionary Baptist Church", "src": "osm", "osm": "n356898774", "religion": "christian"}}, {"type": "Feature", "geometry": {"type": "Point", "coordinates": [-89.94249, 35.232677]}, "properties": {"name": "Breath of Life Christian Center", "src": "osm", "osm": "n356898779", "religion": "christian"}}, {"type": "Feature", "geometry": {"type": "Point", "coordinates": [-89.936473, 35.222133]}, "properties": {"name": "Breath of Life Christian Center", "src": "osm", "osm": "n356898782", "religion": "christian"}}, {"type": "Feature", "geometry": {"type": "Point", "coordinates": [-89.874838, 35.0606]}, "properties": {"name": "Breath of Life Seventh Day Adventist Church", "src": "osm", "osm": "n356898786", "religion": "christian"}}, {"type": "Feature", "geometry": {"type": "Point", "coordinates": [-89.852244, 35.104905]}, "properties": {"name": "B\u2019rit Hadasha Messianic Jewish Congregation", "src": "osm", "osm": "n356898788", "religion": "christian", "street": "6320 North Quail Hollow Road"}}, {"type": "Feature", "geometry": {"type": "Point", "coordinates": [-89.884271, 35.216779]}, "properties": {"name": "Brownsville Road Church of Christ", "src": "osm", "osm": "n356898796", "religion": "christian"}}, {"type": "Feature", "geometry": {"type": "Point", "coordinates": [-89.91928, 35.013784]}, "properties": {"name": "Burdette United Methodist Church", "src": "osm", "osm": "n356898800", "religion": "christian"}}, {"type": "Feature", "geometry": {"type": "Point", "coordinates": [-89.924636, 35.186802]}, "properties": {"name": "Calvary Chapel of Memphis", "src": "osm", "osm": "n356898812", "religion": "christian"}}, {"type": "Feature", "geometry": {"type": "Point", "coordinates": [-90.054773, 35.121043]}, "properties": {"name": "Calvary Rescue Mission", "src": "osm", "osm": "n356898820", "religion": "christian"}}, {"type": "Feature", "geometry": {"type": "Point", "coordinates": [-90.037338, 35.130749]}, "properties": {"name": "Canaan Church of God in Christ", "src": "osm", "osm": "n356898833", "religion": "christian"}}, {"type": "Feature", "geometry": {"type": "Point", "coordinates": [-89.831935, 35.019357]}, "properties": {"name": "Capleville United Methodist Church", "src": "osm", "osm": "n356898835", "religion": "christian"}}, {"type": "Feature", "geometry": {"type": "Point", "coordinates": [-89.982812, 35.248523]}, "properties": {"name": "Carver Heights Baptist Church", "src": "osm", "osm": "n356898837", "religion": "christian"}}, {"type": "Feature", "geometry": {"type": "Point", "coordinates": [-89.906221, 35.090653]}, "properties": {"name": "Casa de Oracion", "src": "osm", "osm": "n356898840"}}, {"type": "Feature", "geometry": {"type": "Point", "coordinates": [-89.9355, 35.162186]}, "properties": {"name": "Casa de Oracion", "src": "osm", "osm": "n356898842", "religion": "christian"}}, {"type": "Feature", "geometry": {"type": "Point", "coordinates": [-89.983819, 35.159223]}, "properties": {"name": "Cathedral of Faith Ministries", "src": "osm", "osm": "n356898844", "religion": "christian"}}, {"type": "Feature", "geometry": {"type": "Point", "coordinates": [-89.989475, 35.217477]}, "properties": {"name": "Cathedral of Joy Outreach Ministry", "src": "osm", "osm": "n356898847", "religion": "christian"}}, {"type": "Feature", "geometry": {"type": "Point", "coordinates": [-89.974425, 35.143834]}, "properties": {"name": "Catholic Cursillo Center of Memphis", "src": "osm", "osm": "n356898851", "religion": "christian"}}, {"type": "Feature", "geometry": {"type": "Point", "coordinates": [-90.020228, 35.147807]}, "properties": {"name": "Catholic Diocese of Memphis", "src": "osm", "osm": "n356898853", "religion": "christian"}}, {"type": "Feature", "geometry": {"type": "Point", "coordinates": [-90.042533, 35.116443]}, "properties": {"name": "Centenary United Methodist Church", "src": "osm", "osm": "n356898855", "religion": "christian", "street": "584 East McLemore Avenue"}}, {"type": "Feature", "geometry": {"type": "Point", "coordinates": [-89.940287, 35.020031]}, "properties": {"name": "Center Chapel Missionary Baptist Church", "src": "osm", "osm": "n356898857", "religion": "christian"}}, {"type": "Feature", "geometry": {"type": "Point", "coordinates": [-89.979307, 35.175004]}, "properties": {"name": "Chelsea Avenue Church of Christ", "src": "osm", "osm": "n356898863", "religion": "christian"}}, {"type": "Feature", "geometry": {"type": "Point", "coordinates": [-89.883813, 35.090869]}, "properties": {"name": "Cherokee Baptist Church", "src": "osm", "osm": "n356898868", "religion": "christian"}}, {"type": "Feature", "geometry": {"type": "Point", "coordinates": [-89.99405, 35.241342]}, "properties": {"name": "Chief Corner Stone Church", "src": "osm", "osm": "n356898869", "religion": "christian"}}, {"type": "Feature", "geometry": {"type": "Point", "coordinates": [-90.010402, 35.044179]}, "properties": {"name": "Christ Baptist Church", "src": "osm", "osm": "n356898872", "religion": "christian"}}, {"type": "Feature", "geometry": {"type": "Point", "coordinates": [-90.044683, 35.107047]}, "properties": {"name": "Christ Communion Church of God in Christ", "src": "osm", "osm": "n356898873", "religion": "christian"}}, {"type": "Feature", "geometry": {"type": "Point", "coordinates": [-89.836801, 35.201802]}, "properties": {"name": "Christ Evangelical Church", "src": "osm", "osm": "n356898874", "religion": "christian"}}, {"type": "Feature", "geometry": {"type": "Point", "coordinates": [-89.991775, 35.065416]}, "properties": {"name": "Christ Fellowship Church", "src": "osm", "osm": "n356898876", "religion": "christian"}}, {"type": "Feature", "geometry": {"type": "Point", "coordinates": [-90.032853, 35.034759]}, "properties": {"name": "Christ United Baptist Church", "src": "osm", "osm": "n356898881", "religion": "christian"}}, {"type": "Feature", "geometry": {"type": "Point", "coordinates": [-90.061968, 35.112854]}, "properties": {"name": "Christ Way Community Church", "src": "osm", "osm": "n356898882", "religion": "christian"}}, {"type": "Feature", "geometry": {"type": "Point", "coordinates": [-89.97944, 35.163155]}, "properties": {"name": "Christian Chapel Baptist Church", "src": "osm", "osm": "n356898884", "religion": "christian"}}, {"type": "Feature", "geometry": {"type": "Point", "coordinates": [-89.997719, 35.20378]}, "properties": {"name": "Christian Life Tabernacle", "src": "osm", "osm": "n356898886", "religion": "christian"}}, {"type": "Feature", "geometry": {"type": "Point", "coordinates": [-90.023828, 35.02615]}, "properties": {"name": "Christian Methodist Episcopal Church", "src": "osm", "osm": "n356898889", "religion": "christian"}}, {"type": "Feature", "geometry": {"type": "Point", "coordinates": [-90.024309, 35.003391]}, "properties": {"name": "Christian Methodist Episcopal Temple", "src": "osm", "osm": "n356898890", "religion": "christian"}}, {"type": "Feature", "geometry": {"type": "Point", "coordinates": [-90.027342, 35.16996]}, "properties": {"name": "Christian Springs Baptist Church", "src": "osm", "osm": "n356898891", "religion": "christian"}}, {"type": "Feature", "geometry": {"type": "Point", "coordinates": [-89.991794, 35.065426]}, "properties": {"name": "Church at Memphis", "src": "osm", "osm": "n356898893", "religion": "christian"}}, {"type": "Feature", "geometry": {"type": "Point", "coordinates": [-90.069983, 35.043119]}, "properties": {"name": "Church of Christ at Horn Lake and Levi", "src": "osm", "osm": "n356898896", "religion": "christian"}}, {"type": "Feature", "geometry": {"type": "Point", "coordinates": [-89.84924, 35.0763]}, "properties": {"name": "Church of Christ of Quince Road", "src": "osm", "osm": "n356898898", "religion": "christian"}}, {"type": "Feature", "geometry": {"type": "Point", "coordinates": [-89.91649, 35.172924]}, "properties": {"name": "Church of God", "src": "osm", "osm": "n356898900", "religion": "christian"}}, {"type": "Feature", "geometry": {"type": "Point", "coordinates": [-89.97907, 35.101644]}, "properties": {"name": "Church of God In Christ", "src": "osm", "osm": "n356898901", "religion": "christian"}}, {"type": "Feature", "geometry": {"type": "Point", "coordinates": [-89.929337, 35.175963]}, "properties": {"name": "Church of Jesus Christ of the Oneness Faith", "src": "osm", "osm": "n356898905", "religion": "christian"}}, {"type": "Feature", "geometry": {"type": "Point", "coordinates": [-89.924972, 35.226018]}, "properties": {"name": "Catholic Church of the Ascension", "src": "osm", "osm": "n356898906", "religion": "christian", "street": "3680 Ramill Road"}}, {"type": "Feature", "geometry": {"type": "Point", "coordinates": [-89.832069, 35.086259]}, "properties": {"name": "Church of the Holy Spirit", "src": "osm", "osm": "n356898907", "religion": "christian"}}, {"type": "Feature", "geometry": {"type": "Point", "coordinates": [-90.023816, 35.026171]}, "properties": {"name": "Cleaves Memorial Christian Methodist Episcopal Church", "src": "osm", "osm": "n356898911", "religion": "christian"}}, {"type": "Feature", "geometry": {"type": "Point", "coordinates": [-89.948338, 35.156135]}, "properties": {"name": "Coleman Avenue Church of Christ", "src": "osm", "osm": "n356898913", "religion": "christian"}}, {"type": "Feature", "geometry": {"type": "Point", "coordinates": [-89.906424, 35.090665]}, "properties": {"name": "Colonial Cumberland Presbyterian Church", "src": "osm", "osm": "n356898915", "religion": "christian"}}, {"type": "Feature", "geometry": {"type": "Point", "coordinates": [-90.035886, 35.164366]}, "properties": {"name": "Common People Temple", "src": "osm", "osm": "n356898924"}}, {"type": "Feature", "geometry": {"type": "Point", "coordinates": [-89.986699, 35.127877]}, "properties": {"name": "Community Bible Church", "src": "osm", "osm": "n356898937", "religion": "christian"}}, {"type": "Feature", "geometry": {"type": "Point", "coordinates": [-89.980982, 35.156394]}, "properties": {"name": "Community of Faith Christian Church", "src": "osm", "osm": "n356898939", "religion": "christian"}}, {"type": "Feature", "geometry": {"type": "Point", "coordinates": [-89.837176, 35.190591]}, "properties": {"name": "Cornerstone Church", "src": "osm", "osm": "n356898942", "religion": "christian"}}, {"type": "Feature", "geometry": {"type": "Point", "coordinates": [-89.929515, 35.08852]}, "properties": {"name": "Cross Temple Church of God in Christ", "src": "osm", "osm": "n356898948", "religion": "christian"}}, {"type": "Feature", "geometry": {"type": "Point", "coordinates": [-89.992951, 35.226489]}, "properties": {"name": "Crossroads Baptist Church", "src": "osm", "osm": "n356898950", "religion": "christian"}}, {"type": "Feature", "geometry": {"type": "Point", "coordinates": [-90.055344, 35.035358]}, "properties": {"name": "Cummings Street Baptist Church", "src": "osm", "osm": "n356898955", "religion": "christian"}}, {"type": "Feature", "geometry": {"type": "Point", "coordinates": [-89.9802, 35.1297]}, "properties": {"name": "De LaSalle Chapel", "src": "osm", "osm": "n356898956", "religion": "christian"}}, {"type": "Feature", "geometry": {"type": "Point", "coordinates": [-90.006897, 35.009784]}, "properties": {"name": "Deliverance Temple Church of God in Christ", "src": "osm", "osm": "n356898960", "religion": "christian"}}, {"type": "Feature", "geometry": {"type": "Point", "coordinates": [-90.017747, 35.177223]}, "properties": {"name": "Deliverance Temple Restoration Church", "src": "osm", "osm": "n356898961", "religion": "christian"}}, {"type": "Feature", "geometry": {"type": "Point", "coordinates": [-89.955114, 35.016038]}, "properties": {"name": "Easthaven Church of Christ", "src": "osm", "osm": "n356898967", "religion": "christian"}}, {"type": "Feature", "geometry": {"type": "Point", "coordinates": [-89.929056, 35.087725]}, "properties": {"name": "El-Shaddai Pentecostal Church of Christ", "src": "osm", "osm": "n356898971", "religion": "christian"}}, {"type": "Feature", "geometry": {"type": "Point", "coordinates": [-89.993186, 35.215837]}, "properties": {"name": "Emanuel Church of the Nazarene", "src": "osm", "osm": "n356898972", "religion": "christian"}}, {"type": "Feature", "geometry": {"type": "Point", "coordinates": [-90.037644, 35.026385]}, "properties": {"name": "Emmanuel Baptist Church", "src": "osm", "osm": "n356898973", "religion": "christian"}}, {"type": "Feature", "geometry": {"type": "Point", "coordinates": [-89.905889, 35.199036]}, "properties": {"name": "Emmanuel Baptist Church", "src": "osm", "osm": "n356898975", "religion": "christian"}}, {"type": "Feature", "geometry": {"type": "Point", "coordinates": [-89.996139, 35.035139]}, "properties": {"name": "Emmanuel Episcopal Church", "src": "osm", "osm": "n356898977", "religion": "christian"}}, {"type": "Feature", "geometry": {"type": "Point", "coordinates": [-89.844389, 35.083462]}, "properties": {"name": "Emmanuel United Methodist Church", "src": "osm", "osm": "n356898980", "religion": "christian", "street": "2404 Kirby Road"}}, {"type": "Feature", "geometry": {"type": "Point", "coordinates": [-89.986757, 35.099265]}, "properties": {"name": "End Time Church of God in Christ", "src": "osm", "osm": "n356898982", "religion": "christian"}}, {"type": "Feature", "geometry": {"type": "Point", "coordinates": [-90.010973, 35.112234]}, "properties": {"name": "Eternal Peace Baptist Church", "src": "osm", "osm": "n356898983", "religion": "christian"}}, {"type": "Feature", "geometry": {"type": "Point", "coordinates": [-89.906112, 35.115371]}, "properties": {"name": "Eudora Baptist Church", "src": "osm", "osm": "n356898985", "religion": "christian"}}, {"type": "Feature", "geometry": {"type": "Point", "coordinates": [-90.008959, 35.121305]}, "properties": {"name": "Eureka Missionary Baptist Church", "src": "osm", "osm": "n356898986", "religion": "christian"}}, {"type": "Feature", "geometry": {"type": "Point", "coordinates": [-89.999284, 35.081341]}, "properties": {"name": "Evangelist Baptist Church", "src": "osm", "osm": "n356898988", "religion": "christian"}}, {"type": "Feature", "geometry": {"type": "Point", "coordinates": [-89.896524, 35.085398]}, "properties": {"name": "Faith Christian Church", "src": "osm", "osm": "n356898992", "religion": "christian"}}, {"type": "Feature", "geometry": {"type": "Point", "coordinates": [-89.992173, 35.205652]}, "properties": {"name": "Faith Fellowship Church of God in Christ", "src": "osm", "osm": "n356898993", "religion": "christian"}}, {"type": "Feature", "geometry": {"type": "Point", "coordinates": [-89.933166, 35.179538]}, "properties": {"name": "Faith Heritage Church of God In Christ", "src": "osm", "osm": "n356899003", "religion": "christian"}}, {"type": "Feature", "geometry": {"type": "Point", "coordinates": [-90.029935, 35.094406]}, "properties": {"name": "Faith Temple Missionary Baptist Church", "src": "osm", "osm": "n356899017", "religion": "christian"}}, {"type": "Feature", "geometry": {"type": "Point", "coordinates": [-90.041374, 35.217099]}, "properties": {"name": "Faith Temple Missionary Baptist Church", "src": "osm", "osm": "n356899020", "religion": "christian"}}, {"type": "Feature", "geometry": {"type": "Point", "coordinates": [-89.790169, 35.060137]}, "properties": {"name": "Faithbridge Fellowship Church", "src": "osm", "osm": "n356899021", "religion": "christian"}}, {"type": "Feature", "geometry": {"type": "Point", "coordinates": [-89.929426, 35.152122]}, "properties": {"name": "Family Tabernacle Church of God", "src": "osm", "osm": "n356899022", "religion": "christian"}}, {"type": "Feature", "geometry": {"type": "Point", "coordinates": [-89.975298, 35.215766]}, "properties": {"name": "Featherstone Temple Christian Methodist Episcopal Church", "src": "osm", "osm": "n356899025", "religion": "christian"}}, {"type": "Feature", "geometry": {"type": "Point", "coordinates": [-89.950647, 35.129557]}, "properties": {"name": "Fellowship Bible Church of Memphis", "src": "osm", "osm": "n356899028", "religion": "christian"}}, {"type": "Feature", "geometry": {"type": "Point", "coordinates": [-89.961967, 35.006355]}, "properties": {"name": "Fellowship United Baptist Church", "src": "osm", "osm": "n356899029", "religion": "christian"}}, {"type": "Feature", "geometry": {"type": "Point", "coordinates": [-89.921489, 35.056919]}, "properties": {"name": "Fireside Temple Church of God in Christ", "src": "osm", "osm": "n356899030", "religion": "christian"}}, {"type": "Feature", "geometry": {"type": "Point", "coordinates": [-89.990669, 35.118481]}, "properties": {"name": "First Congregational Church United Church of Christ", "src": "osm", "osm": "n356899033", "religion": "christian"}}, {"type": "Feature", "geometry": {"type": "Point", "coordinates": [-89.960049, 35.220773]}, "properties": {"name": "First Gethsemane Baptist Church", "src": "osm", "osm": "n356899039", "religion": "christian"}}, {"type": "Feature", "geometry": {"type": "Point", "coordinates": [-89.907439, 35.14372]}, "properties": {"name": "First Korean Presbyterian Church of Memphis", "src": "osm", "osm": "n356899042", "religion": "christian"}}, {"type": "Feature", "geometry": {"type": "Point", "coordinates": [-90.01924, 35.17393]}, "properties": {"name": "First Tabernacle Church of God and Christ", "src": "osm", "osm": "n356899045", "religion": "christian"}}, {"type": "Feature", "geometry": {"type": "Point", "coordinates": [-90.041905, 35.112307]}, "properties": {"name": "First True Word Church Ministry", "src": "osm", "osm": "n356899049", "religion": "christian"}}, {"type": "Feature", "geometry": {"type": "Point", "coordinates": [-90.006891, 35.009794]}, "properties": {"name": "Foundational Rock Holiness Church", "src": "osm", "osm": "n356899060", "religion": "christian"}}, {"type": "Feature", "geometry": {"type": "Point", "coordinates": [-90.055211, 35.103094]}, "properties": {"name": "Free Spirit Baptist Church", "src": "osm", "osm": "n356899063", "religion": "christian"}}, {"type": "Feature", "geometry": {"type": "Point", "coordinates": [-89.920324, 35.073697]}, "properties": {"name": "Freedoms Chapel Christian Church", "src": "osm", "osm": "n356899066", "religion": "christian"}}, {"type": "Feature", "geometry": {"type": "Point", "coordinates": [-89.997483, 35.078132]}, "properties": {"name": "Friendship Missionary Baptist Church", "src": "osm", "osm": "n356899068", "religion": "christian"}}, {"type": "Feature", "geometry": {"type": "Point", "coordinates": [-90.047939, 35.12859]}, "properties": {"name": "Galatian Missionary Baptist Church", "src": "osm", "osm": "n356899070", "religion": "christian"}}, {"type": "Feature", "geometry": {"type": "Point", "coordinates": [-89.989436, 35.078942]}, "properties": {"name": "Gateway Church of God in Christ", "src": "osm", "osm": "n356899076", "religion": "christian"}}, {"type": "Feature", "geometry": {"type": "Point", "coordinates": [-90.002345, 35.227706]}, "properties": {"name": "Georgian Hills Baptist Church", "src": "osm", "osm": "n356899082", "religion": "christian"}}, {"type": "Feature", "geometry": {"type": "Point", "coordinates": [-89.824565, 35.042192]}, "properties": {"name": "Germantown Korean Baptist Church", "src": "osm", "osm": "n356899086", "religion": "christian"}}, {"type": "Feature", "geometry": {"type": "Point", "coordinates": [-89.999426, 35.16413]}, "properties": {"name": "Gethsemane Garden Church of God in Christ", "src": "osm", "osm": "n356899093", "religion": "christian"}}, {"type": "Feature", "geometry": {"type": "Point", "coordinates": [-90.061167, 35.112176]}, "properties": {"name": "Gilmer Temple Church of God in Christ", "src": "osm", "osm": "n356899095", "religion": "christian"}}, {"type": "Feature", "geometry": {"type": "Point", "coordinates": [-89.882716, 35.184327]}, "properties": {"name": "Gloria Dei Lutheran Church", "src": "osm", "osm": "n356899098", "religion": "christian"}}, {"type": "Feature", "geometry": {"type": "Point", "coordinates": [-89.972926, 35.154043]}, "properties": {"name": "Glory Tabernacle Christian Church", "src": "osm", "osm": "n356899102", "religion": "christian"}}, {"type": "Feature", "geometry": {"type": "Point", "coordinates": [-89.961962, 35.107498]}, "properties": {"name": "Glory To God Love Ministries", "src": "osm", "osm": "n356899104", "religion": "christian"}}, {"type": "Feature", "geometry": {"type": "Point", "coordinates": [-89.9479, 35.108228]}, "properties": {"name": "God Holy Word Church", "src": "osm", "osm": "n356899108", "religion": "christian"}}, {"type": "Feature", "geometry": {"type": "Point", "coordinates": [-89.955471, 35.20039]}, "properties": {"name": "Golden Gate Cathedral", "src": "osm", "osm": "n356899110", "religion": "christian"}}, {"type": "Feature", "geometry": {"type": "Point", "coordinates": [-89.952412, 35.094177]}, "properties": {"name": "Good Fellowship Church", "src": "osm", "osm": "n356899114", "religion": "christian"}}, {"type": "Feature", "geometry": {"type": "Point", "coordinates": [-90.079201, 35.066105]}, "properties": {"name": "Good News Holiness Baptist Church", "src": "osm", "osm": "n356899117", "religion": "christian"}}, {"type": "Feature", "geometry": {"type": "Point", "coordinates": [-89.962138, 35.005309]}, "properties": {"name": "Grace Christian Fellowship Church", "src": "osm", "osm": "n356899122", "religion": "christian"}}, {"type": "Feature", "geometry": {"type": "Point", "coordinates": [-89.88112, 35.18521]}, "properties": {"name": "Grace Community Church", "src": "osm", "osm": "n356899130", "religion": "christian"}}, {"type": "Feature", "geometry": {"type": "Point", "coordinates": [-90.041497, 35.045011]}, "properties": {"name": "Grace Evangelical Free Church", "src": "osm", "osm": "n356899132", "religion": "christian"}}, {"type": "Feature", "geometry": {"type": "Point", "coordinates": [-90.055743, 35.027191]}, "properties": {"name": "Grace Landmark Missionary Baptist Church", "src": "osm", "osm": "n356899138", "religion": "christian"}}, {"type": "Feature", "geometry": {"type": "Point", "coordinates": [-90.039009, 35.124395]}, "properties": {"name": "Greater Beulah Land Missionary Baptist Church", "src": "osm", "osm": "n356899153", "religion": "christian"}}, {"type": "Feature", "geometry": {"type": "Point", "coordinates": [-89.892454, 35.050169]}, "properties": {"name": "Greater Community Temple Church of God in Christ of Hickory Hill", "src": "osm", "osm": "n356899156", "religion": "christian"}}, {"type": "Feature", "geometry": {"type": "Point", "coordinates": [-90.086889, 35.021094]}, "properties": {"name": "Greater Faith Church of Deliverance", "src": "osm", "osm": "n356899167", "religion": "christian"}}, {"type": "Feature", "geometry": {"type": "Point", "coordinates": [-90.033196, 35.019629]}, "properties": {"name": "Greater Faith Tabernacle Church of God in Christ", "src": "osm", "osm": "n356899172", "religion": "christian"}}, {"type": "Feature", "geometry": {"type": "Point", "coordinates": [-90.046451, 35.123423]}, "properties": {"name": "Greater Golden Harvest Baptist Church", "src": "osm", "osm": "n356899175", "religion": "christian"}}, {"type": "Feature", "geometry": {"type": "Point", "coordinates": [-89.9023, 35.052345]}, "properties": {"name": "Greater Harvest Church of God in Christ", "src": "osm", "osm": "n356899181", "religion": "christian"}}, {"type": "Feature", "geometry": {"type": "Point", "coordinates": [-89.920667, 35.208279]}, "properties": {"name": "Greater Imani Church", "src": "osm", "osm": "n356899187", "religion": "christian"}}, {"type": "Feature", "geometry": {"type": "Point", "coordinates": [-90.035398, 35.163112]}, "properties": {"name": "Greater Kerr Baptist Church", "src": "osm", "osm": "n356899189", "religion": "christian"}}, {"type": "Feature", "geometry": {"type": "Point", "coordinates": [-89.942339, 35.100918]}, "properties": {"name": "Greater Life Missionary Baptist Church", "src": "osm", "osm": "n356899195", "religion": "christian"}}, {"type": "Feature", "geometry": {"type": "Point", "coordinates": [-90.050671, 35.131206]}, "properties": {"name": "Greater Light Christian Church", "src": "osm", "osm": "n356899198", "religion": "christian"}}, {"type": "Feature", "geometry": {"type": "Point", "coordinates": [-89.897892, 35.062852]}, "properties": {"name": "Greater Middle Baptist Church", "src": "osm", "osm": "n356899200", "religion": "christian"}}, {"type": "Feature", "geometry": {"type": "Point", "coordinates": [-90.041836, 35.103064]}, "properties": {"name": "Greater Mount Nebo Missionary Baptist Church", "src": "osm", "osm": "n356899202", "religion": "christian"}}, {"type": "Feature", "geometry": {"type": "Point", "coordinates": [-90.051923, 35.105677]}, "properties": {"name": "Greater New Jerusalem Missionary Baptist Church", "src": "osm", "osm": "n356899208", "religion": "christian"}}, {"type": "Feature", "geometry": {"type": "Point", "coordinates": [-90.039043, 35.102438]}, "properties": {"name": "Greater New Liberty Church", "src": "osm", "osm": "n356899210", "religion": "christian"}}, {"type": "Feature", "geometry": {"type": "Point", "coordinates": [-90.095853, 35.050055]}, "properties": {"name": "Greater Saint Mark Church of God in Christ", "src": "osm", "osm": "n356899216", "religion": "christian"}}, {"type": "Feature", "geometry": {"type": "Point", "coordinates": [-89.977882, 35.209685]}, "properties": {"name": "Greater Tabernacle Missionary Baptist Church", "src": "osm", "osm": "n356899228", "religion": "christian"}}, {"type": "Feature", "geometry": {"type": "Point", "coordinates": [-89.916738, 35.168609]}, "properties": {"name": "Greater United Independent Christian Church", "src": "osm", "osm": "n356899231", "religion": "christian"}}, {"type": "Feature", "geometry": {"type": "Point", "coordinates": [-90.02474, 35.201555]}, "properties": {"name": "Greenlaw Baptist Church", "src": "osm", "osm": "n356899234", "religion": "christian"}}, {"type": "Feature", "geometry": {"type": "Point", "coordinates": [-90.043759, 35.104028]}, "properties": {"name": "Harris Memorial Christian Methodist Episcopal Church", "src": "osm", "osm": "n356899241", "religion": "christian"}}, {"type": "Feature", "geometry": {"type": "Point", "coordinates": [-89.955598, 35.042407]}, "properties": {"name": "Healing Center Full Gospel Baptist Church", "src": "osm", "osm": "n356899243", "religion": "christian"}}, {"type": "Feature", "geometry": {"type": "Point", "coordinates": [-89.974525, 35.137255]}, "properties": {"name": "Healing Hearts Ministries", "src": "osm", "osm": "n356899245", "religion": "christian"}}, {"type": "Feature", "geometry": {"type": "Point", "coordinates": [-89.86379, 35.050635]}, "properties": {"name": "Hickory Hill Missionary Baptist Church", "src": "osm", "osm": "n356899249", "religion": "christian"}}, {"type": "Feature", "geometry": {"type": "Point", "coordinates": [-89.948676, 35.150502]}, "properties": {"name": "Highland Heights Baptist Church Missionary Home North", "src": "osm", "osm": "n356899253", "religion": "christian"}}, {"type": "Feature", "geometry": {"type": "Point", "coordinates": [-89.949798, 35.150668]}, "properties": {"name": "Highland Heights Baptist Church Missionary Home West", "src": "osm", "osm": "n356899256", "religion": "christian"}}, {"type": "Feature", "geometry": {"type": "Point", "coordinates": [-89.91231, 35.199825]}, "properties": {"name": "Hill Chapel Missionary Baptist Church", "src": "osm", "osm": "n356899259", "religion": "christian"}}, {"type": "Feature", "geometry": {"type": "Point", "coordinates": [-89.995573, 35.134402]}, "properties": {"name": "Historical Foundation of the Cumberland Presbyterian Church", "src": "osm", "osm": "n356899261", "religion": "christian"}}, {"type": "Feature", "geometry": {"type": "Point", "coordinates": [-89.975625, 35.180502]}, "properties": {"name": "Hollywood Street Church of Christ", "src": "osm", "osm": "n356899263", "religion": "christian"}}, {"type": "Feature", "geometry": {"type": "Point", "coordinates": [-90.043651, 35.162204]}, "properties": {"name": "Holy Chapel Missionary Baptist Church", "src": "osm", "osm": "n356899270", "religion": "christian"}}, {"type": "Feature", "geometry": {"type": "Point", "coordinates": [-89.957013, 35.200294]}, "properties": {"name": "Holy City Church of God in Christ", "src": "osm", "osm": "n356899272", "religion": "christian"}}, {"type": "Feature", "geometry": {"type": "Point", "coordinates": [-89.946154, 35.112861]}, "properties": {"name": "Holy Trinity Community Church", "src": "osm", "osm": "n356899278", "religion": "christian"}}, {"type": "Feature", "geometry": {"type": "Point", "coordinates": [-89.93689, 35.092786]}, "properties": {"name": "Holy Trinity Episcopal Church", "src": "osm", "osm": "n356899281", "religion": "christian"}}, {"type": "Feature", "geometry": {"type": "Point", "coordinates": [-89.987407, 35.177186]}, "properties": {"name": "Homeland Church of God in Christ", "src": "osm", "osm": "n356899284", "religion": "christian"}}, {"type": "Feature", "geometry": {"type": "Point", "coordinates": [-90.02244, 35.17772]}, "properties": {"name": "Hope Evangelistic Church of God in Christ", "src": "osm", "osm": "n356899286", "religion": "christian"}}, {"type": "Feature", "geometry": {"type": "Point", "coordinates": [-89.940104, 35.099521]}, "properties": {"name": "Hosanna Christian Center", "src": "osm", "osm": "n356899291", "religion": "christian"}}, {"type": "Feature", "geometry": {"type": "Point", "coordinates": [-89.910076, 35.062076]}, "properties": {"name": "House of Prayer Church", "src": "osm", "osm": "n356899293", "religion": "christian"}}, {"type": "Feature", "geometry": {"type": "Point", "coordinates": [-90.075499, 35.096743]}, "properties": {"name": "House of the Lord Church of God in Christ Holiness", "src": "osm", "osm": "n356899295", "religion": "christian"}}, {"type": "Feature", "geometry": {"type": "Point", "coordinates": [-89.982691, 35.16944]}, "properties": {"name": "Hunter Avenue Baptist Church", "src": "osm", "osm": "n356899298", "religion": "christian"}}, {"type": "Feature", "geometry": {"type": "Point", "coordinates": [-89.93783, 35.161928]}, "properties": {"name": "Iglesia de Dios Hispana", "src": "osm", "osm": "n356899303", "religion": "christian"}}, {"type": "Feature", "geometry": {"type": "Point", "coordinates": [-89.938525, 35.16331]}, "properties": {"name": "Iglesia La Buena Esperanza", "src": "osm", "osm": "n356899576", "religion": "christian"}}, {"type": "Feature", "geometry": {"type": "Point", "coordinates": [-90.02638, 35.014266]}, "properties": {"name": "Israel of God Church", "src": "osm", "osm": "n356899579", "religion": "christian"}}, {"type": "Feature", "geometry": {"type": "Point", "coordinates": [-89.983658, 35.199564]}, "properties": {"name": "James Road Church of Christ", "src": "osm", "osm": "n356899580", "religion": "christian"}}, {"type": "Feature", "geometry": {"type": "Point", "coordinates": [-90.073691, 35.095136]}, "properties": {"name": "Jesus Is the Way Church of God in Christ", "src": "osm", "osm": "n356899581", "religion": "christian"}}, {"type": "Feature", "geometry": {"type": "Point", "coordinates": [-90.048712, 35.045981]}, "properties": {"name": "Johnson Chapel Christian Methodist Episcopal Church", "src": "osm", "osm": "n356899582", "religion": "christian"}}, {"type": "Feature", "geometry": {"type": "Point", "coordinates": [-89.898281, 35.049992]}, "properties": {"name": "Kensington Baptist Church", "src": "osm", "osm": "n356899584", "religion": "christian"}}, {"type": "Feature", "geometry": {"type": "Point", "coordinates": [-90.048021, 35.108562]}, "properties": {"name": "Kingdom Hall of Jehovahs Witnesses", "src": "osm", "osm": "n356899591", "religion": "christian"}}, {"type": "Feature", "geometry": {"type": "Point", "coordinates": [-89.976178, 35.227955]}, "properties": {"name": "Kingdom Hall of Jehovahs Witnesses", "src": "osm", "osm": "n356899596", "religion": "christian"}}, {"type": "Feature", "geometry": {"type": "Point", "coordinates": [-89.852368, 35.099935]}, "properties": {"name": "Kirby Woods Baptist Church", "src": "osm", "osm": "n356899598", "religion": "christian"}}, {"type": "Feature", "geometry": {"type": "Point", "coordinates": [-89.937714, 35.161909]}, "properties": {"name": "Leawood Baptist Prayer Tower", "src": "osm", "osm": "n356899605", "religion": "christian"}}, {"type": "Feature", "geometry": {"type": "Point", "coordinates": [-90.042986, 35.114231]}, "properties": {"name": "Lemoyne Truevine Missionary Baptist Church", "src": "osm", "osm": "n356899606", "religion": "christian"}}, {"type": "Feature", "geometry": {"type": "Point", "coordinates": [-89.973124, 35.118183]}, "properties": {"name": "Lewis Davis Christian Methodist Episcopal Church", "src": "osm", "osm": "n356899607", "religion": "christian"}}, {"type": "Feature", "geometry": {"type": "Point", "coordinates": [-89.98524, 35.227504]}, "properties": {"name": "Liberty in Jesus Ministries", "src": "osm", "osm": "n356899613", "religion": "christian"}}, {"type": "Feature", "geometry": {"type": "Point", "coordinates": [-89.998491, 35.116596]}, "properties": {"name": "Libertys Mass Baptist Church", "src": "osm", "osm": "n356899614", "religion": "christian"}}, {"type": "Feature", "geometry": {"type": "Point", "coordinates": [-90.071507, 35.063511]}, "properties": {"name": "Life Mission Ministry", "src": "osm", "osm": "n356899617", "religion": "christian"}}, {"type": "Feature", "geometry": {"type": "Point", "coordinates": [-89.894795, 35.218819]}, "properties": {"name": "Lighthouse Baptist Church", "src": "osm", "osm": "n356899618", "religion": "christian"}}, {"type": "Feature", "geometry": {"type": "Point", "coordinates": [-89.918833, 35.205633]}, "properties": {"name": "Lighthouse Ministries", "src": "osm", "osm": "n356899620", "religion": "christian"}}, {"type": "Feature", "geometry": {"type": "Point", "coordinates": [-90.023226, 35.000311]}, "properties": {"name": "Lily of the Valley Church of God in Christ", "src": "osm", "osm": "n356899621", "religion": "christian"}}, {"type": "Feature", "geometry": {"type": "Point", "coordinates": [-89.925926, 35.22582]}, "properties": {"name": "Living Manna Church of God", "src": "osm", "osm": "n356899623", "religion": "christian"}}, {"type": "Feature", "geometry": {"type": "Point", "coordinates": [-90.117405, 35.021086]}, "properties": {"name": "Living the Kingdom Life Baptist Church", "src": "osm", "osm": "n356899625", "religion": "christian"}}, {"type": "Feature", "geometry": {"type": "Point", "coordinates": [-89.976141, 35.147862]}, "properties": {"name": "Living Word Christian Church", "src": "osm", "osm": "n356899626", "religion": "christian"}}, {"type": "Feature", "geometry": {"type": "Point", "coordinates": [-89.917353, 35.2051]}, "properties": {"name": "Living Word Fellowship Church", "src": "osm", "osm": "n356899627", "religion": "christian"}}, {"type": "Feature", "geometry": {"type": "Point", "coordinates": [-90.002895, 35.216829]}, "properties": {"name": "Logos Baptist Church", "src": "osm", "osm": "n356899630", "religion": "christian"}}, {"type": "Feature", "geometry": {"type": "Point", "coordinates": [-89.834032, 35.094585]}, "properties": {"name": "Lord of Life Lutheran Church", "src": "osm", "osm": "n356899631", "religion": "christian"}}, {"type": "Feature", "geometry": {"type": "Point", "coordinates": [-89.967771, 35.120048]}, "properties": {"name": "Lords Tabernacle Church", "src": "osm", "osm": "n356899632", "religion": "christian"}}, {"type": "Feature", "geometry": {"type": "Point", "coordinates": [-89.967827, 35.119745]}, "properties": {"name": "Lords Tabernacle Holiness Church", "src": "osm", "osm": "n356899635", "religion": "christian"}}, {"type": "Feature", "geometry": {"type": "Point", "coordinates": [-90.001878, 35.08149]}, "properties": {"name": "Love Temple Church of God in Christ", "src": "osm", "osm": "n356899636", "religion": "christian"}}, {"type": "Feature", "geometry": {"type": "Point", "coordinates": [-89.975312, 35.166211]}, "properties": {"name": "Love Temple Ministries", "src": "osm", "osm": "n356899637", "religion": "christian"}}, {"type": "Feature", "geometry": {"type": "Point", "coordinates": [-89.905851, 35.199052]}, "properties": {"name": "Manantial de Vida Assembly of God Church", "src": "osm", "osm": "n356899640", "religion": "christian"}}, {"type": "Feature", "geometry": {"type": "Point", "coordinates": [-90.037213, 35.225982]}, "properties": {"name": "Maranatha Baptist Church", "src": "osm", "osm": "n356899641", "religion": "christian"}}, {"type": "Feature", "geometry": {"type": "Point", "coordinates": [-90.046218, 35.0067]}, "properties": {"name": "Maranatha Faith Temple", "src": "osm", "osm": "n356899642"}}, {"type": "Feature", "geometry": {"type": "Point", "coordinates": [-90.080338, 35.027537]}, "properties": {"name": "Masjid Al-MuMinun", "src": "osm", "osm": "n356899643", "religion": "muslim", "street": "4412 South Third Street"}}, {"type": "Feature", "geometry": {"type": "Point", "coordinates": [-90.006665, 35.107093]}, "properties": {"name": "Melrose Baptist Church", "src": "osm", "osm": "n356899649", "religion": "christian"}}, {"type": "Feature", "geometry": {"type": "Point", "coordinates": [-89.934229, 35.14967]}, "properties": {"name": "Memphis International Church", "src": "osm", "osm": "n356899655", "religion": "christian"}}, {"type": "Feature", "geometry": {"type": "Point", "coordinates": [-89.88618, 35.0681]}, "properties": {"name": "Memphis Korean United Methodist Church", "src": "osm", "osm": "n356899656", "religion": "christian"}}, {"type": "Feature", "geometry": {"type": "Point", "coordinates": [-89.961706, 35.136573]}, "properties": {"name": "Memphis Union Mission", "src": "osm", "osm": "n356899660", "religion": "christian"}}, {"type": "Feature", "geometry": {"type": "Point", "coordinates": [-90.036774, 35.016175]}, "properties": {"name": "Middle Baptist Church", "src": "osm", "osm": "n356899661", "religion": "christian"}}, {"type": "Feature", "geometry": {"type": "Point", "coordinates": [-89.94924, 35.116149]}, "properties": {"name": "Midsouth Presbytery", "src": "osm", "osm": "n356899662", "religion": "christian"}}, {"type": "Feature", "geometry": {"type": "Point", "coordinates": [-89.997564, 35.135282]}, "properties": {"name": "Midtown Church of Christ", "src": "osm", "osm": "n356899664", "religion": "christian"}}, {"type": "Feature", "geometry": {"type": "Point", "coordinates": [-90.043146, 35.102442]}, "properties": {"name": "Mission Global Ministries", "src": "osm", "osm": "n356899667", "religion": "christian"}}, {"type": "Feature", "geometry": {"type": "Point", "coordinates": [-89.977514, 35.151415]}, "properties": {"name": "Mission of Hope Holiness Church", "src": "osm", "osm": "n356899669", "religion": "christian"}}, {"type": "Feature", "geometry": {"type": "Point", "coordinates": [-90.019575, 35.211418]}, "properties": {"name": "Monastery of Saint Clare", "src": "osm", "osm": "n356899671"}}, {"type": "Feature", "geometry": {"type": "Point", "coordinates": [-89.974994, 35.098784]}, "properties": {"name": "Monument of Love Baptist Church", "src": "osm", "osm": "n356899672", "religion": "christian"}}, {"type": "Feature", "geometry": {"type": "Point", "coordinates": [-90.012644, 35.162145]}, "properties": {"name": "Moore Memorial Church of God in Christ", "src": "osm", "osm": "n356899674", "religion": "christian"}}, {"type": "Feature", "geometry": {"type": "Point", "coordinates": [-89.978808, 35.105051]}, "properties": {"name": "Mount Bethel Baptist Church", "src": "osm", "osm": "n356899678", "religion": "christian"}}, {"type": "Feature", "geometry": {"type": "Point", "coordinates": [-90.022778, 35.174774]}, "properties": {"name": "Mount Calvary Baptist Church", "src": "osm", "osm": "n356899679", "religion": "christian"}}, {"type": "Feature", "geometry": {"type": "Point", "coordinates": [-90.051428, 35.103699]}, "properties": {"name": "Mount Calvary Missionary Baptist Church", "src": "osm", "osm": "n356899680", "religion": "christian"}}, {"type": "Feature", "geometry": {"type": "Point", "coordinates": [-90.048779, 35.110973]}, "properties": {"name": "Mount Erie Baptist Church", "src": "osm", "osm": "n356899681", "religion": "christian"}}, {"type": "Feature", "geometry": {"type": "Point", "coordinates": [-90.060742, 35.008713]}, "properties": {"name": "Mount Joyner Missionary Baptist Church", "src": "osm", "osm": "n356899684", "religion": "christian"}}, {"type": "Feature", "geometry": {"type": "Point", "coordinates": [-89.974358, 35.112947]}, "properties": {"name": "Mount Moriah Baptist Church", "src": "osm", "osm": "n356899685", "religion": "christian"}}, {"type": "Feature", "geometry": {"type": "Point", "coordinates": [-89.965517, 35.097757]}, "properties": {"name": "Mount Moriah East Baptist Church", "src": "osm", "osm": "n356899686", "religion": "christian"}}, {"type": "Feature", "geometry": {"type": "Point", "coordinates": [-89.969987, 35.113894]}, "properties": {"name": "Mount Olive Baptist Church", "src": "osm", "osm": "n356899688", "religion": "christian"}}, {"type": "Feature", "geometry": {"type": "Point", "coordinates": [-89.955579, 35.026795]}, "properties": {"name": "Mount Olive Temple Church of The Living God Pentecostal Church", "src": "osm", "osm": "n356899689", "religion": "christian"}}, {"type": "Feature", "geometry": {"type": "Point", "coordinates": [-89.897718, 35.131108]}, "properties": {"name": "Mullins United Methodist Church", "src": "osm", "osm": "n356899694", "religion": "christian", "street": "4 North Mendenhall Road"}}, {"type": "Feature", "geometry": {"type": "Point", "coordinates": [-90.05576, 35.104737]}, "properties": {"name": "New Allen African Methodist Episcopal Church", "src": "osm", "osm": "n356899698", "religion": "christian"}}, {"type": "Feature", "geometry": {"type": "Point", "coordinates": [-89.947208, 35.098756]}, "properties": {"name": "New Antioch Missionary Baptist Church", "src": "osm", "osm": "n356899699", "religion": "christian"}}, {"type": "Feature", "geometry": {"type": "Point", "coordinates": [-89.847976, 35.0262]}, "properties": {"name": "New Beginnings Community Church of God in Christ", "src": "osm", "osm": "n356899702", "religion": "christian"}}, {"type": "Feature", "geometry": {"type": "Point", "coordinates": [-90.021117, 35.163298]}, "properties": {"name": "New Bellevue Baptist Church", "src": "osm", "osm": "n356899703", "religion": "christian"}}, {"type": "Feature", "geometry": {"type": "Point", "coordinates": [-89.988683, 35.081064]}, "properties": {"name": "New Bethel Full Gospel Baptist Church", "src": "osm", "osm": "n356899706", "religion": "christian"}}, {"type": "Feature", "geometry": {"type": "Point", "coordinates": [-90.018887, 35.175843]}, "properties": {"name": "New Chicago Church of God in Christ", "src": "osm", "osm": "n356899707", "religion": "christian", "street": "Louisville Avenue"}}, {"type": "Feature", "geometry": {"type": "Point", "coordinates": [-89.949416, 35.237823]}, "properties": {"name": "New Covenant Holiness Church", "src": "osm", "osm": "n356899709", "religion": "christian"}}, {"type": "Feature", "geometry": {"type": "Point", "coordinates": [-89.9427, 35.222577]}, "properties": {"name": "New Dimensions Ministries", "src": "osm", "osm": "n356899711", "religion": "christian"}}, {"type": "Feature", "geometry": {"type": "Point", "coordinates": [-89.859201, 35.050846]}, "properties": {"name": "New Direction Christian Church", "src": "osm", "osm": "n356899712", "religion": "christian"}}, {"type": "Feature", "geometry": {"type": "Point", "coordinates": [-89.982994, 35.217764]}, "properties": {"name": "New El Bethel Church on a Hill", "src": "osm", "osm": "n356899721", "religion": "christian"}}, {"type": "Feature", "geometry": {"type": "Point", "coordinates": [-90.069831, 35.043207]}, "properties": {"name": "New Fellowship Missionary Baptist Church", "src": "osm", "osm": "n356899725", "religion": "christian"}}, {"type": "Feature", "geometry": {"type": "Point", "coordinates": [-90.072804, 35.05374]}, "properties": {"name": "New Genesis Baptist Church", "src": "osm", "osm": "n356899728", "religion": "christian"}}, {"type": "Feature", "geometry": {"type": "Point", "coordinates": [-89.932264, 35.095553]}, "properties": {"name": "New Grove Baptist Church", "src": "osm", "osm": "n356899731", "religion": "christian"}}, {"type": "Feature", "geometry": {"type": "Point", "coordinates": [-89.98511, 35.174515]}, "properties": {"name": "New Heights Third Day Church", "src": "osm", "osm": "n356899735", "religion": "christian"}}, {"type": "Feature", "geometry": {"type": "Point", "coordinates": [-89.843949, 35.035788]}, "properties": {"name": "New Hickory Hill Missionary Baptist Church", "src": "osm", "osm": "n356899736", "religion": "christian"}}, {"type": "Feature", "geometry": {"type": "Point", "coordinates": [-89.980774, 35.101744]}, "properties": {"name": "New Hope Church of God", "src": "osm", "osm": "n356899740", "religion": "christian"}}, {"type": "Feature", "geometry": {"type": "Point", "coordinates": [-89.971648, 35.080149]}, "properties": {"name": "New Jerusalem Church of God in Christ", "src": "osm", "osm": "n356899742", "religion": "christian"}}, {"type": "Feature", "geometry": {"type": "Point", "coordinates": [-90.022409, 35.087904]}, "properties": {"name": "New Jerusalem Missionary Baptist Church", "src": "osm", "osm": "n356899744", "religion": "christian"}}, {"type": "Feature", "geometry": {"type": "Point", "coordinates": [-90.052917, 35.112799]}, "properties": {"name": "New Life Baptist Church", "src": "osm", "osm": "n356899745", "religion": "christian"}}, {"type": "Feature", "geometry": {"type": "Point", "coordinates": [-89.889259, 35.084952]}, "properties": {"name": "New Life Holiness Church", "src": "osm", "osm": "n356899748", "religion": "christian"}}, {"type": "Feature", "geometry": {"type": "Point", "coordinates": [-90.036964, 35.123644]}, "properties": {"name": "New Mount Olive Baptist Church", "src": "osm", "osm": "n356899749", "religion": "christian"}}, {"type": "Feature", "geometry": {"type": "Point", "coordinates": [-90.059839, 35.066504]}, "properties": {"name": "New Mount Sinai Baptist Church", "src": "osm", "osm": "n356899750", "religion": "christian"}}, {"type": "Feature", "geometry": {"type": "Point", "coordinates": [-90.067221, 35.014217]}, "properties": {"name": "New Mount Sinai Missionary Baptist Church", "src": "osm", "osm": "n356899752", "religion": "christian"}}, {"type": "Feature", "geometry": {"type": "Point", "coordinates": [-89.978008, 35.113043]}, "properties": {"name": "New Prospect Church of God in Christ", "src": "osm", "osm": "n356899754", "religion": "christian"}}, {"type": "Feature", "geometry": {"type": "Point", "coordinates": [-89.984175, 35.097887]}, "properties": {"name": "New Saint Paul Missionary Baptist Church", "src": "osm", "osm": "n356899757", "religion": "christian"}}, {"type": "Feature", "geometry": {"type": "Point", "coordinates": [-89.946217, 35.042257]}, "properties": {"name": "New Shiloh Holiness Christian Center Church", "src": "osm", "osm": "n356899758", "religion": "christian"}}, {"type": "Feature", "geometry": {"type": "Point", "coordinates": [-89.9015, 35.152912]}, "properties": {"name": "Oasis Church of God in Christ", "src": "osm", "osm": "n356899763", "religion": "christian"}}, {"type": "Feature", "geometry": {"type": "Point", "coordinates": [-89.974865, 35.176919]}, "properties": {"name": "Old Land Mark Church of God in Christ", "src": "osm", "osm": "n356899765", "religion": "christian"}}, {"type": "Feature", "geometry": {"type": "Point", "coordinates": [-90.082205, 35.045972]}, "properties": {"name": "Old Path Church", "src": "osm", "osm": "n356899766", "religion": "christian"}}, {"type": "Feature", "geometry": {"type": "Point", "coordinates": [-89.915193, 35.063582]}, "properties": {"name": "Olivet Fellowship Baptist Church", "src": "osm", "osm": "n356899768", "religion": "christian"}}, {"type": "Feature", "geometry": {"type": "Point", "coordinates": [-89.94086, 35.179688]}, "properties": {"name": "Orchi Baptist Church", "src": "osm", "osm": "n356899770", "religion": "christian"}}, {"type": "Feature", "geometry": {"type": "Point", "coordinates": [-90.040961, 35.042633]}, "properties": {"name": "Orleans Road Church of Christ", "src": "osm", "osm": "n356899771", "religion": "christian"}}, {"type": "Feature", "geometry": {"type": "Point", "coordinates": [-90.015642, 35.171913]}, "properties": {"name": "Overton Park Seventh Day Adventist Church", "src": "osm", "osm": "n356899774", "religion": "christian"}}, {"type": "Feature", "geometry": {"type": "Point", "coordinates": [-89.966531, 35.006961]}, "properties": {"name": "Pentecostal Praise Church of God In Christ", "src": "osm", "osm": "n356899777", "religion": "christian"}}, {"type": "Feature", "geometry": {"type": "Point", "coordinates": [-90.05303, 35.122165]}, "properties": {"name": "Peters Rock Holiness Church", "src": "osm", "osm": "n356899779", "religion": "christian"}}, {"type": "Feature", "geometry": {"type": "Point", "coordinates": [-89.979643, 35.16983]}, "properties": {"name": "Pleasant View Missionary Baptist Church", "src": "osm", "osm": "n356899786", "religion": "christian"}}, {"type": "Feature", "geometry": {"type": "Point", "coordinates": [-90.017363, 35.08286]}, "properties": {"name": "Powerhouse Ministries Revival Center", "src": "osm", "osm": "n356899787", "religion": "christian"}}, {"type": "Feature", "geometry": {"type": "Point", "coordinates": [-90.029928, 35.094405]}, "properties": {"name": "Praise Temple Church of God in Christ", "src": "osm", "osm": "n356899791", "religion": "christian"}}, {"type": "Feature", "geometry": {"type": "Point", "coordinates": [-90.026517, 35.014315]}, "properties": {"name": "Prayer House of Deliverance", "src": "osm", "osm": "n356899792"}}, {"type": "Feature", "geometry": {"type": "Point", "coordinates": [-89.908864, 35.198902]}, "properties": {"name": "Primera Iglesia Hispana Adventista Seventh Dia", "src": "osm", "osm": "n356899796"}}, {"type": "Feature", "geometry": {"type": "Point", "coordinates": [-89.966932, 35.145055]}, "properties": {"name": "Princeton Avenue Baptist Church", "src": "osm", "osm": "n356899813", "religion": "christian"}}, {"type": "Feature", "geometry": {"type": "Point", "coordinates": [-89.981743, 35.170522]}, "properties": {"name": "Princeton Chapel African Methodist Episcopal Zion Church", "src": "osm", "osm": "n356899821", "religion": "christian"}}, {"type": "Feature", "geometry": {"type": "Point", "coordinates": [-89.992088, 35.2191]}, "properties": {"name": "Promised Land Baptist Church", "src": "osm", "osm": "n356899833", "religion": "christian"}}, {"type": "Feature", "geometry": {"type": "Point", "coordinates": [-89.840258, 35.03451]}, "properties": {"name": "Prospect Christian Missionary Episcopal Church", "src": "osm", "osm": "n356899835", "religion": "christian"}}, {"type": "Feature", "geometry": {"type": "Point", "coordinates": [-89.905229, 35.226157]}, "properties": {"name": "Raleigh Assembly of God Church", "src": "osm", "osm": "n356899840", "religion": "christian"}}, {"type": "Feature", "geometry": {"type": "Point", "coordinates": [-89.905989, 35.225104]}, "properties": {"name": "Raleigh Primitive Baptist Church", "src": "osm", "osm": "n356899841", "religion": "christian"}}, {"type": "Feature", "geometry": {"type": "Point", "coordinates": [-89.981016, 35.156396]}, "properties": {"name": "Real Life Ministries", "src": "osm", "osm": "n356899844", "religion": "christian"}}, {"type": "Feature", "geometry": {"type": "Point", "coordinates": [-89.919741, 35.171913]}, "properties": {"name": "Reformed Baptist Church", "src": "osm", "osm": "n356899845", "religion": "christian"}}, {"type": "Feature", "geometry": {"type": "Point", "coordinates": [-90.025846, 35.013587]}, "properties": {"name": "Refreshing Springs Full Gospel Holiness Church", "src": "osm", "osm": "n356899851", "religion": "christian"}}, {"type": "Feature", "geometry": {"type": "Point", "coordinates": [-90.011638, 35.021529]}, "properties": {"name": "Restoration Revival Temple", "src": "osm", "osm": "n356899854"}}, {"type": "Feature", "geometry": {"type": "Point", "coordinates": [-89.881172, 35.053256]}, "properties": {"name": "Resurrection Catholic Church", "src": "osm", "osm": "n356899855", "religion": "christian"}}, {"type": "Feature", "geometry": {"type": "Point", "coordinates": [-89.871812, 35.050808]}, "properties": {"name": "Resurrection Community Church of God", "src": "osm", "osm": "n356899856", "religion": "christian"}}, {"type": "Feature", "geometry": {"type": "Point", "coordinates": [-89.976177, 35.241734]}, "properties": {"name": "Ridgegrove Church of Christ", "src": "osm", "osm": "n356899859", "religion": "christian"}}, {"type": "Feature", "geometry": {"type": "Point", "coordinates": [-89.855816, 35.062708]}, "properties": {"name": "Ridgeway Assembly of God", "src": "osm", "osm": "n356899860", "religion": "christian"}}, {"type": "Feature", "geometry": {"type": "Point", "coordinates": [-89.858305, 35.079369]}, "properties": {"name": "Ridgeway Baptist Church", "src": "osm", "osm": "n356899861", "religion": "christian"}}, {"type": "Feature", "geometry": {"type": "Point", "coordinates": [-90.060479, 35.050969]}, "properties": {"name": "Riverside Missionary Baptist Church", "src": "osm", "osm": "n356899868", "religion": "christian"}}, {"type": "Feature", "geometry": {"type": "Point", "coordinates": [-90.018198, 35.160439]}, "properties": {"name": "Robert Temple Ministry Church of God in Christ", "src": "osm", "osm": "n356899870", "religion": "christian"}}, {"type": "Feature", "geometry": {"type": "Point", "coordinates": [-89.966934, 35.145215]}, "properties": {"name": "Rock of Ages Christian Methodist Episcopal Church", "src": "osm", "osm": "n356899872", "religion": "christian"}}, {"type": "Feature", "geometry": {"type": "Point", "coordinates": [-90.07367, 35.095145]}, "properties": {"name": "Rock of Jesus Christ Holiness Church", "src": "osm", "osm": "n356899873", "religion": "christian"}}, {"type": "Feature", "geometry": {"type": "Point", "coordinates": [-90.058702, 35.086349]}, "properties": {"name": "Rose of Sharon Church", "src": "osm", "osm": "n356899874", "religion": "christian"}}, {"type": "Feature", "geometry": {"type": "Point", "coordinates": [-89.838086, 35.01408]}, "properties": {"name": "Ross Road Church of Christ", "src": "osm", "osm": "n356899875", "religion": "christian"}}, {"type": "Feature", "geometry": {"type": "Point", "coordinates": [-90.024172, 35.106288]}, "properties": {"name": "Saint Augustine Catholic Church", "src": "osm", "osm": "n356899876", "religion": "christian"}}, {"type": "Feature", "geometry": {"type": "Point", "coordinates": [-89.949109, 35.119086]}, "properties": {"name": "Saint James Church", "src": "osm", "osm": "n356899880", "religion": "christian"}}, {"type": "Feature", "geometry": {"type": "Point", "coordinates": [-89.958949, 35.173538]}, "properties": {"name": "Saint James Church of God and Christ", "src": "osm", "osm": "n356899881", "religion": "christian"}}, {"type": "Feature", "geometry": {"type": "Point", "coordinates": [-89.971391, 35.113668]}, "properties": {"name": "Saint James Church of God In Christ", "src": "osm", "osm": "n356899882", "religion": "christian"}}, {"type": "Feature", "geometry": {"type": "Point", "coordinates": [-89.979603, 35.169844]}, "properties": {"name": "Saint John African Methodist Episcopal Church", "src": "osm", "osm": "n356899883", "religion": "christian"}}, {"type": "Feature", "geometry": {"type": "Point", "coordinates": [-90.056767, 35.044076]}, "properties": {"name": "Saint Joseph Catholic Church", "src": "osm", "osm": "n356899886", "religion": "christian"}}, {"type": "Feature", "geometry": {"type": "Point", "coordinates": [-90.031046, 35.105207]}, "properties": {"name": "Saint Mark Church of God in Christ", "src": "osm", "osm": "n356899887", "religion": "christian"}}, {"type": "Feature", "geometry": {"type": "Point", "coordinates": [-90.065976, 35.020494]}, "properties": {"name": "Saint Matthews Temple of Deliverance", "src": "osm", "osm": "n356899891"}}, {"type": "Feature", "geometry": {"type": "Point", "coordinates": [-89.948921, 35.09442]}, "properties": {"name": "Saint Matthews United Methodist Church", "src": "osm", "osm": "n356899893", "religion": "christian", "street": "1362 South Prescott Street"}}, {"type": "Feature", "geometry": {"type": "Point", "coordinates": [-90.014459, 35.01989]}, "properties": {"name": "Saint Paul Catholic Church Convent", "src": "osm", "osm": "n356899896", "religion": "christian"}}, {"type": "Feature", "geometry": {"type": "Point", "coordinates": [-90.021626, 35.176097]}, "properties": {"name": "Saint Peters Rock Church", "src": "osm", "osm": "n356899901", "religion": "christian", "street": "Breedlove Street"}}, {"type": "Feature", "geometry": {"type": "Point", "coordinates": [-90.06039, 35.021613]}, "properties": {"name": "Saint Thomas Baptist Church", "src": "osm", "osm": "n356899903", "religion": "christian"}}, {"type": "Feature", "geometry": {"type": "Point", "coordinates": [-89.962427, 35.150138]}, "properties": {"name": "Second Bethany Holiness Ministry Church", "src": "osm", "osm": "n356899912", "religion": "christian"}}, {"type": "Feature", "geometry": {"type": "Point", "coordinates": [-89.992626, 35.007398]}, "properties": {"name": "Shabach Christian Fellowship Centre", "src": "osm", "osm": "n356899915", "religion": "christian"}}, {"type": "Feature", "geometry": {"type": "Point", "coordinates": [-90.011281, 35.122432]}, "properties": {"name": "Shelby County Inter-Faith Church", "src": "osm", "osm": "n356899922", "religion": "christian"}}, {"type": "Feature", "geometry": {"type": "Point", "coordinates": [-89.976924, 35.210389]}, "properties": {"name": "Shiloh Baptist Church of Memphis", "src": "osm", "osm": "n356899925", "religion": "christian"}}, {"type": "Feature", "geometry": {"type": "Point", "coordinates": [-90.041072, 35.109371]}, "properties": {"name": "Sisters Outreach Ministries", "src": "osm", "osm": "n356899927", "religion": "christian"}}, {"type": "Feature", "geometry": {"type": "Point", "coordinates": [-90.043262, 35.112484]}, "properties": {"name": "Society of the Divine Church", "src": "osm", "osm": "n356899930", "religion": "christian"}}, {"type": "Feature", "geometry": {"type": "Point", "coordinates": [-90.030453, 35.061345]}, "properties": {"name": "Solomon Temple Missionary Baptist Church", "src": "osm", "osm": "n356899936", "religion": "christian"}}, {"type": "Feature", "geometry": {"type": "Point", "coordinates": [-89.860478, 35.033406]}, "properties": {"name": "Soul Winners Baptist Church", "src": "osm", "osm": "n356899938", "religion": "christian"}}, {"type": "Feature", "geometry": {"type": "Point", "coordinates": [-89.813598, 35.061677]}, "properties": {"name": "South Woods Baptist Church", "src": "osm", "osm": "n356899944", "religion": "christian"}}, {"type": "Feature", "geometry": {"type": "Point", "coordinates": [-89.916939, 35.063475]}, "properties": {"name": "Southland Baptist Church", "src": "osm", "osm": "n356899946", "religion": "christian"}}, {"type": "Feature", "geometry": {"type": "Point", "coordinates": [-90.007017, 35.042345]}, "properties": {"name": "Spirit of Liberty Church of Ministries", "src": "osm", "osm": "n356899958", "religion": "christian"}}, {"type": "Feature", "geometry": {"type": "Point", "coordinates": [-90.075796, 35.065717]}, "properties": {"name": "Spirit of Life Temple", "src": "osm", "osm": "n356899960"}}, {"type": "Feature", "geometry": {"type": "Point", "coordinates": [-90.059478, 35.11476]}, "properties": {"name": "Spiritual Union Baptist Church", "src": "osm", "osm": "n356899963", "religion": "christian"}}, {"type": "Feature", "geometry": {"type": "Point", "coordinates": [-89.981967, 35.174024]}, "properties": {"name": "Summerfield Missionary Baptist Church", "src": "osm", "osm": "n356899977", "religion": "christian"}}, {"type": "Feature", "geometry": {"type": "Point", "coordinates": [-89.87099, 35.177569]}, "properties": {"name": "Sycamore View Church of Christ", "src": "osm", "osm": "n356899980", "religion": "christian"}}, {"type": "Feature", "geometry": {"type": "Point", "coordinates": [-90.061062, 35.047393]}, "properties": {"name": "Taylor Chapel Missionary Baptist Church", "src": "osm", "osm": "n356899986", "religion": "christian"}}, {"type": "Feature", "geometry": {"type": "Point", "coordinates": [-89.958849, 35.021938]}, "properties": {"name": "Tchulahoma Baptist Church", "src": "osm", "osm": "n356899989", "religion": "christian"}}, {"type": "Feature", "geometry": {"type": "Point", "coordinates": [-89.961668, 35.097319]}, "properties": {"name": "Temple of Holiness", "src": "osm", "osm": "n356899996"}}, {"type": "Feature", "geometry": {"type": "Point", "coordinates": [-89.944343, 35.068074]}, "properties": {"name": "Temple of Joy Deliverance Center", "src": "osm", "osm": "n356899999"}}, {"type": "Feature", "geometry": {"type": "Point", "coordinates": [-90.0467, 35.1092]}, "properties": {"name": "Temple of Praise Church", "src": "osm", "osm": "n356900002", "religion": "christian"}}, {"type": "Feature", "geometry": {"type": "Point", "coordinates": [-89.967513, 35.120188]}, "properties": {"name": "The Lords Tabernacle Holiness Church", "src": "osm", "osm": "n356900021", "religion": "christian"}}, {"type": "Feature", "geometry": {"type": "Point", "coordinates": [-89.990393, 35.217616]}, "properties": {"name": "The Pursuit of God Church", "src": "osm", "osm": "n356900033", "religion": "christian"}}, {"type": "Feature", "geometry": {"type": "Point", "coordinates": [-89.993462, 35.237087]}, "properties": {"name": "Thessalonians Baptist Church", "src": "osm", "osm": "n356900050", "religion": "christian"}}, {"type": "Feature", "geometry": {"type": "Point", "coordinates": [-89.960587, 35.177362]}, "properties": {"name": "Travelers Rest Baptist Church", "src": "osm", "osm": "n356900054", "religion": "christian"}}, {"type": "Feature", "geometry": {"type": "Point", "coordinates": [-90.048885, 35.115522]}, "properties": {"name": "Tree of Life Baptist Church", "src": "osm", "osm": "n356900059", "religion": "christian"}}, {"type": "Feature", "geometry": {"type": "Point", "coordinates": [-90.024442, 35.111398]}, "properties": {"name": "Trigg Avenue Church of Christ", "src": "osm", "osm": "n356900063", "religion": "christian"}}, {"type": "Feature", "geometry": {"type": "Point", "coordinates": [-89.977781, 35.171853]}, "properties": {"name": "Trinity All Nations Missionary Baptist Church", "src": "osm", "osm": "n356900068", "religion": "christian"}}, {"type": "Feature", "geometry": {"type": "Point", "coordinates": [-90.060898, 35.008744]}, "properties": {"name": "Trinity Temple", "src": "osm", "osm": "n356900077"}}, {"type": "Feature", "geometry": {"type": "Point", "coordinates": [-90.092563, 35.034778]}, "properties": {"name": "True Baptist Church", "src": "osm", "osm": "n356900079", "religion": "christian"}}, {"type": "Feature", "geometry": {"type": "Point", "coordinates": [-89.972383, 35.158977]}, "properties": {"name": "True Bibleway Church of Memphis", "src": "osm", "osm": "n356900085", "religion": "christian"}}, {"type": "Feature", "geometry": {"type": "Point", "coordinates": [-89.919428, 35.172035]}, "properties": {"name": "True Divine Church of God in Christ", "src": "osm", "osm": "n356900087", "religion": "christian"}}, {"type": "Feature", "geometry": {"type": "Point", "coordinates": [-89.983164, 35.227374]}, "properties": {"name": "True Gospel Church of Deliverance", "src": "osm", "osm": "n356900089", "religion": "christian"}}, {"type": "Feature", "geometry": {"type": "Point", "coordinates": [-89.96319, 35.10308]}, "properties": {"name": "True Liberty Baptist Church", "src": "osm", "osm": "n356900095", "religion": "christian"}}, {"type": "Feature", "geometry": {"type": "Point", "coordinates": [-89.90922, 35.205988]}, "properties": {"name": "True Light Baptist Church", "src": "osm", "osm": "n356900101", "religion": "christian"}}, {"type": "Feature", "geometry": {"type": "Point", "coordinates": [-89.962816, 35.10017]}, "properties": {"name": "True Vine Community Church of God in Christ", "src": "osm", "osm": "n356900107", "religion": "christian"}}, {"type": "Feature", "geometry": {"type": "Point", "coordinates": [-90.06052, 35.063736]}, "properties": {"name": "Union Baptist Church", "src": "osm", "osm": "n356900109", "religion": "christian"}}, {"type": "Feature", "geometry": {"type": "Point", "coordinates": [-90.027602, 35.165188]}, "properties": {"name": "Union Grove Worship Center", "src": "osm", "osm": "n356900115"}}, {"type": "Feature", "geometry": {"type": "Point", "coordinates": [-89.976273, 35.202408]}, "properties": {"name": "United Community Outreach Worship Center", "src": "osm", "osm": "n356900118"}}, {"type": "Feature", "geometry": {"type": "Point", "coordinates": [-89.975621, 35.17672]}, "properties": {"name": "United Fellowship Missionary Baptist Church", "src": "osm", "osm": "n356900122", "religion": "christian"}}, {"type": "Feature", "geometry": {"type": "Point", "coordinates": [-90.055737, 35.105057]}, "properties": {"name": "Unity Baptist Church", "src": "osm", "osm": "n356900129", "religion": "christian"}}, {"type": "Feature", "geometry": {"type": "Point", "coordinates": [-90.039094, 35.05756]}, "properties": {"name": "Unity Christian Church", "src": "osm", "osm": "n356900131", "religion": "christian"}}, {"type": "Feature", "geometry": {"type": "Point", "coordinates": [-90.041048, 35.121566]}, "properties": {"name": "Unity Faith Temple of Christ", "src": "osm", "osm": "n356900134", "religion": "christian"}}, {"type": "Feature", "geometry": {"type": "Point", "coordinates": [-89.88485, 35.044408]}, "properties": {"name": "Victory Church", "src": "osm", "osm": "n356900138", "religion": "christian"}}, {"type": "Feature", "geometry": {"type": "Point", "coordinates": [-89.95449, 35.147135]}, "properties": {"name": "Victory Temple Missionary Baptist Church", "src": "osm", "osm": "n356900142", "religion": "christian"}}, {"type": "Feature", "geometry": {"type": "Point", "coordinates": [-89.996156, 35.035156]}, "properties": {"name": "Westhaven Community Church", "src": "osm", "osm": "n356900150", "religion": "christian"}}, {"type": "Feature", "geometry": {"type": "Point", "coordinates": [-90.068379, 35.054521]}, "properties": {"name": "Williams Temple Church of God in Christ Satellite Annex", "src": "osm", "osm": "n356900155", "religion": "christian"}}, {"type": "Feature", "geometry": {"type": "Point", "coordinates": [-89.9543, 35.178389]}, "properties": {"name": "Willing Souls Missionary Baptist Church", "src": "osm", "osm": "n356900156", "religion": "christian"}}, {"type": "Feature", "geometry": {"type": "Point", "coordinates": [-90.027075, 35.163711]}, "properties": {"name": "Word Awakening Ministries", "src": "osm", "osm": "n356900161", "religion": "christian"}}, {"type": "Feature", "geometry": {"type": "Point", "coordinates": [-90.010375, 35.11017]}, "properties": {"name": "Word of God Deliverance Temple Church", "src": "osm", "osm": "n356900163", "religion": "christian"}}, {"type": "Feature", "geometry": {"type": "Point", "coordinates": [-89.940746, 35.068191]}, "properties": {"name": "Word of Life Church of God In Christ", "src": "osm", "osm": "n356900164", "religion": "christian"}}, {"type": "Feature", "geometry": {"type": "Point", "coordinates": [-90.023152, 35.222991]}, "properties": {"name": "Word of Life Seventh Day Adventist Church", "src": "osm", "osm": "n356900169", "religion": "christian"}}, {"type": "Feature", "geometry": {"type": "Point", "coordinates": [-89.994002, 35.124142]}, "properties": {"name": "Word of Truth Missionary Baptist Church", "src": "osm", "osm": "n356900170", "religion": "christian"}}, {"type": "Feature", "geometry": {"type": "Point", "coordinates": [-90.007355, 35.00825]}, "properties": {"name": "Words of Light Teaching Center", "src": "osm", "osm": "n356900171"}}, {"type": "Feature", "geometry": {"type": "Point", "coordinates": [-89.99257, 35.00741]}, "properties": {"name": "World Overcomers Outreach Ministries Church", "src": "osm", "osm": "n356900172", "religion": "christian"}}, {"type": "Feature", "geometry": {"type": "Point", "coordinates": [-89.963136, 35.145534]}, "properties": {"name": "Zion Temple Church of God In Christ", "src": "osm", "osm": "n356900177", "religion": "christian"}}, {"type": "Feature", "geometry": {"type": "Point", "coordinates": [-89.938578, 35.064755]}, "properties": {"name": "Zoe Baptist Church", "src": "osm", "osm": "n356900179", "religion": "christian"}}, {"type": "Feature", "geometry": {"type": "Point", "coordinates": [-90.019419, 34.998112]}, "properties": {"name": "Church of God", "src": "osm", "osm": "n357998913", "religion": "christian"}}, {"type": "Feature", "geometry": {"type": "Point", "coordinates": [-90.022573, 34.998907]}, "properties": {"name": "Holy Spring Baptist Church", "src": "osm", "osm": "n357998915", "religion": "christian"}}, {"type": "Feature", "geometry": {"type": "Point", "coordinates": [-89.997517, 35.034285]}, "properties": {"name": "Spirit of Life Faith and Deliverance Christian Center", "src": "osm", "osm": "n368157436", "religion": "christian"}}, {"type": "Feature", "geometry": {"type": "Point", "coordinates": [-89.967679, 35.138232]}, "properties": {"name": "Neighborhood Christian Center", "src": "osm", "osm": "n368157439", "religion": "christian"}}, {"type": "Feature", "geometry": {"type": "Point", "coordinates": [-89.97583, 35.17544]}, "properties": {"name": "Golden Leaf Baptist Church Neighborhood Christian Center", "src": "osm", "osm": "n368157441", "religion": "christian"}}, {"type": "Feature", "geometry": {"type": "Point", "coordinates": [-89.889501, 35.068183]}, "properties": {"name": "Memphis Christian Center", "src": "osm", "osm": "n368157442", "religion": "christian"}}, {"type": "Feature", "geometry": {"type": "Point", "coordinates": [-89.941543, 35.117431]}, "properties": {"name": "Catholic Student Center", "src": "osm", "osm": "n368157934", "religion": "christian", "street": "3625 Mynders Avenue"}}, {"type": "Feature", "geometry": {"type": "Point", "coordinates": [-90.044814, 35.091758]}, "properties": {"name": "Calvary Longview United Methodist Church", "src": "osm", "osm": "n420637847", "religion": "christian"}}, {"type": "Feature", "geometry": {"type": "Point", "coordinates": [-90.049464, 35.131506]}, "properties": {"name": "Temple of Deliverance COGIC Campus", "src": "osm", "osm": "n929613058"}}, {"type": "Feature", "geometry": {"type": "Point", "coordinates": [-89.961982, 35.136016]}, "properties": {"name": "United Methodist Neighborhood Centers of Memphis", "src": "osm", "osm": "n2761907978", "religion": "christian", "street": "3000 Walnut Grove Road"}}, {"type": "Feature", "geometry": {"type": "Point", "coordinates": [-90.038497, 35.160454]}, "properties": {"name": "United Methodist Neighborhood Centers of Memphis", "src": "osm", "osm": "n2761950647", "religion": "christian", "street": "602 Looney Avenue"}}, {"type": "Feature", "geometry": {"type": "Point", "coordinates": [-90.038554, 35.160424]}, "properties": {"name": "Holy Community Church", "src": "osm", "osm": "n2761950648", "religion": "christian", "street": "602 Looney Avenue"}}, {"type": "Feature", "geometry": {"type": "Point", "coordinates": [-90.038524, 35.160397]}, "properties": {"name": "Jacob's Well", "src": "osm", "osm": "n2761950650", "religion": "christian", "street": "602 Looney Avenue"}}, {"type": "Feature", "geometry": {"type": "Point", "coordinates": [-89.784058, 35.130814]}, "properties": {"name": "Covenant United Methodist Church", "src": "osm", "osm": "n2796753257", "religion": "christian", "street": "8350 Walnut Grove Road"}}, {"type": "Feature", "geometry": {"type": "Point", "coordinates": [-89.863151, 35.178776]}, "properties": {"name": "Good Shepherd United Methodist church", "src": "osm", "osm": "n2796824221", "religion": "christian", "street": "6050 Summer Avenue"}}, {"type": "Feature", "geometry": {"type": "Point", "coordinates": [-89.926201, 35.2346]}, "properties": {"name": "St. Timothy United Methodist Church", "src": "osm", "osm": "n2797013383", "religion": "christian", "street": "4105 St Elmo Avenue"}}, {"type": "Feature", "geometry": {"type": "Point", "coordinates": [-90.008961, 35.212847]}, "properties": {"name": "United Methodist Neighborhood Centers of Memphis", "src": "osm", "osm": "n2797189688", "religion": "christian", "street": "1647 Dellwood Avenue"}}, {"type": "Feature", "geometry": {"type": "Point", "coordinates": [-90.008966, 35.212768]}, "properties": {"name": "Lifeline2Success", "src": "osm", "osm": "n2797191575", "religion": "christian", "street": "1647 Dellwood Avenue"}}, {"type": "Feature", "geometry": {"type": "Point", "coordinates": [-89.952235, 35.13]}, "properties": {"name": "Fellowship Bible Church of Memphis", "src": "osm", "osm": "n2816877101", "religion": "christian"}}, {"type": "Feature", "geometry": {"type": "Point", "coordinates": [-89.956605, 35.112155]}, "properties": {"name": "St. Seraphim Orthodox Church", "src": "osm", "osm": "n3293114720", "religion": "christian", "street": "3174 Carnes Avenue"}}, {"type": "Feature", "geometry": {"type": "Point", "coordinates": [-89.844427, 35.100335]}, "properties": {"name": "Jewish Community Center", "src": "osm", "osm": "n4654380723", "religion": "jewish"}}, {"type": "Feature", "geometry": {"type": "Point", "coordinates": [-90.032504, 35.133257]}, "properties": {"name": "Nation of Islam Muhammad Mosque", "src": "osm", "osm": "n4944717501", "religion": "muslim", "street": "873 Vance Avenue"}}, {"type": "Feature", "geometry": {"type": "Point", "coordinates": [-89.906585, 35.160216]}, "properties": {"name": "Masjid Al-Salam - Muslim Society of Memphis", "src": "osm", "osm": "n4944717504", "religion": "muslim", "street": "1065 Stratford Road"}}, {"type": "Feature", "geometry": {"type": "Point", "coordinates": [-90.003881, 35.05317]}, "properties": {"name": "Masjid At-Taqwa", "src": "osm", "osm": "n4944717507", "religion": "muslim", "street": "1819 Winchester Road"}}, {"type": "Feature", "geometry": {"type": "Point", "coordinates": [-90.014055, 35.149732]}, "properties": {"name": "Assembly Hall of Jehovah's Witnesses", "src": "osm", "osm": "n8814772543", "religion": "christian", "street": "400 North Cleveland Street"}}, {"type": "Feature", "geometry": {"type": "Point", "coordinates": [-89.945057, 35.124628]}, "properties": {"name": "Third Church of Christ, Scientist", "src": "osm", "osm": "n11816777969", "religion": "christian", "street": "262 South Highland Street"}}, {"type": "Feature", "geometry": {"type": "Point", "coordinates": [-90.048721, 35.148002]}, "properties": {"name": "Saint Martin de Porres National Shrine & Institute", "src": "osm", "osm": "n12605651584", "religion": "christian", "street": "190 Adams Avenue"}}, {"type": "Feature", "geometry": {"type": "Point", "coordinates": [-90.049042, 35.144663]}, "properties": {"name": "Pioneer Church", "src": "osm", "osm": "n13910955995", "religion": "christian"}}, {"type": "Feature", "geometry": {"type": "Point", "coordinates": [-90.048739, 35.138995]}, "properties": {"name": "First Baptist Church Beale Street", "src": "osm", "osm": "w95136865", "religion": "christian", "street": "379 Beale Street"}}, {"type": "Feature", "geometry": {"type": "Point", "coordinates": [-89.832762, 35.086039]}, "properties": {"name": "Church of the Holy Spirit", "src": "osm", "osm": "w97823911", "religion": "christian"}}, {"type": "Feature", "geometry": {"type": "Point", "coordinates": [-90.048006, 35.151344]}, "properties": {"name": "Saint Mary's Catholic Church", "src": "osm", "osm": "w187347798", "religion": "christian", "street": "155 Market Street"}}, {"type": "Feature", "geometry": {"type": "Point", "coordinates": [-89.945171, 35.147279]}, "properties": {"name": "Annunciation Greek Orthodox Church", "src": "osm", "osm": "w187867096", "religion": "christian", "street": "573 North Highland Street"}}, {"type": "Feature", "geometry": {"type": "Point", "coordinates": [-90.003194, 35.136291]}, "properties": {"name": "Idlewild Presbyterian Church", "src": "osm", "osm": "w239268557", "religion": "christian"}}, {"type": "Feature", "geometry": {"type": "Point", "coordinates": [-89.840232, 35.119034]}, "properties": {"name": "Beth Sholom Synagogue", "src": "osm", "osm": "w241262218", "religion": "jewish", "street": "6675 Humphreys Boulevard"}}, {"type": "Feature", "geometry": {"type": "Point", "coordinates": [-89.976084, 35.20928]}, "properties": {"name": "Christian Love Fellowship", "src": "osm", "osm": "w270076690", "religion": "christian"}}, {"type": "Feature", "geometry": {"type": "Point", "coordinates": [-89.913115, 35.08498]}, "properties": {"name": "Aldersgate United Methodist church", "src": "osm", "osm": "w275008248", "religion": "christian", "street": "4459 Willow Road"}}, {"type": "Feature", "geometry": {"type": "Point", "coordinates": [-90.021306, 35.173417]}, "properties": {"name": "Clyde Avenue Baptist Church", "src": "osm", "osm": "w275008270", "religion": "christian"}}, {"type": "Feature", "geometry": {"type": "Point", "coordinates": [-89.984303, 35.168954]}, "properties": {"name": "Springdale Baptist Church", "src": "osm", "osm": "w275008275", "religion": "christian"}}, {"type": "Feature", "geometry": {"type": "Point", "coordinates": [-89.886188, 35.068029]}, "properties": {"name": "Asbury United Methodist Church", "src": "osm", "osm": "w275009992", "religion": "christian", "street": "2969 South Mendenhall Road"}}, {"type": "Feature", "geometry": {"type": "Point", "coordinates": [-89.846308, 35.111156]}, "properties": {"name": "Temple Israel", "src": "osm", "osm": "w312175337", "religion": "jewish"}}, {"type": "Feature", "geometry": {"type": "Point", "coordinates": [-89.903298, 35.075032]}, "properties": {"name": "BAPS Shri Swaminarayan Mandir Temple", "src": "osm", "osm": "w329702816", "religion": "hindu", "street": "4790 American Way"}}, {"type": "Feature", "geometry": {"type": "Point", "coordinates": [-89.661726, 35.207269]}, "properties": {"name": "India Cultural Center & Temple", "src": "osm", "osm": "w329703617", "religion": "hindu", "street": "12005 US-64"}}, {"type": "Feature", "geometry": {"type": "Point", "coordinates": [-90.003095, 35.15525]}, "properties": {"name": "St. John Orthodox Church", "src": "osm", "osm": "w410098518", "religion": "christian", "street": "1663 Tutwiler Avenue"}}, {"type": "Feature", "geometry": {"type": "Point", "coordinates": [-89.861647, 35.108149]}, "properties": {"name": "Highpoint Church (East Memphis Campus)", "src": "osm", "osm": "w422239289", "religion": "christian", "street": "6000 Briarcrest Avenue"}}, {"type": "Feature", "geometry": {"type": "Point", "coordinates": [-90.049118, 35.121636]}, "properties": {"name": "Mason Temple", "src": "osm", "osm": "w470898054", "religion": "christian", "street": "930 Mason Street"}}, {"type": "Feature", "geometry": {"type": "Point", "coordinates": [-90.014814, 35.094326]}, "properties": {"name": "Peters Rock Baptist Church", "src": "osm", "osm": "w478375562", "religion": "christian"}}, {"type": "Feature", "geometry": {"type": "Point", "coordinates": [-90.012376, 35.101775]}, "properties": {"name": "Greater Abyssina Baptist Church", "src": "osm", "osm": "w478375993", "religion": "christian", "street": "Silver Street"}}, {"type": "Feature", "geometry": {"type": "Point", "coordinates": [-90.011544, 35.089382]}, "properties": {"name": "Power House Church of God in Christ", "src": "osm", "osm": "w478379352", "religion": "christian"}}, {"type": "Feature", "geometry": {"type": "Point", "coordinates": [-90.010593, 35.090952]}, "properties": {"name": "Providence Baptist Church", "src": "osm", "osm": "w478379486", "religion": "christian", "street": "Perry Road"}}, {"type": "Feature", "geometry": {"type": "Point", "coordinates": [-89.969973, 35.224894]}, "properties": {"name": "Grace Bible Baptist Church", "src": "osm", "osm": "w483293685", "religion": "christian"}}, {"type": "Feature", "geometry": {"type": "Point", "coordinates": [-90.099726, 35.020944]}, "properties": {"name": "Victory Temple Church of God in Christ", "src": "osm", "osm": "w512835810", "religion": "christian"}}, {"type": "Feature", "geometry": {"type": "Point", "coordinates": [-90.099376, 35.035577]}, "properties": {"name": "New Bethel Church and Outreach Ministry", "src": "osm", "osm": "w519555588", "religion": "christian"}}, {"type": "Feature", "geometry": {"type": "Point", "coordinates": [-89.965739, 35.147754]}, "properties": {"name": "Early Grove Baptist Church", "src": "osm", "osm": "w521016315", "religion": "christian"}}, {"type": "Feature", "geometry": {"type": "Point", "coordinates": [-89.966472, 35.146913]}, "properties": {"name": "First Baptist Church - Broad", "src": "osm", "osm": "w521016316", "religion": "christian"}}, {"type": "Feature", "geometry": {"type": "Point", "coordinates": [-90.025952, 35.0119]}, "properties": {"name": "Lakeview Community Temple Church of God in Christ", "src": "osm", "osm": "w531616900", "religion": "christian"}}, {"type": "Feature", "geometry": {"type": "Point", "coordinates": [-90.065691, 35.086972]}, "properties": {"name": "Union Grove Holiness Church", "src": "osm", "osm": "w534410225", "religion": "christian"}}, {"type": "Feature", "geometry": {"type": "Point", "coordinates": [-90.050067, 35.14754]}, "properties": {"name": "Calvary Episcopal Church", "src": "osm", "osm": "w537845087", "religion": "christian", "street": "102 North 2nd Street"}}, {"type": "Feature", "geometry": {"type": "Point", "coordinates": [-90.007496, 35.121]}, "properties": {"name": "Abundant Life Temple", "src": "osm", "osm": "w543929502", "religion": "christian"}}, {"type": "Feature", "geometry": {"type": "Point", "coordinates": [-89.824844, 35.042965]}, "properties": {"name": "Praise and Fellowship Church", "src": "osm", "osm": "w551715261", "religion": "christian"}}, {"type": "Feature", "geometry": {"type": "Point", "coordinates": [-89.824408, 35.044198]}, "properties": {"name": "South Germantown Road Church of Christ", "src": "osm", "osm": "w551715262", "religion": "christian"}}, {"type": "Feature", "geometry": {"type": "Point", "coordinates": [-82.769299, 42.894417]}, "properties": {"name": "First Baptist Church of Memphis", "src": "osm", "osm": "w559608182", "religion": "christian", "street": "Benton Street"}}, {"type": "Feature", "geometry": {"type": "Point", "coordinates": [-89.874097, 35.050681]}, "properties": {"name": "Crestview Baptist Church", "src": "osm", "osm": "w563114847", "religion": "christian"}}, {"type": "Feature", "geometry": {"type": "Point", "coordinates": [-89.880999, 35.053863]}, "properties": {"name": "Liberty Church of God in Christ of Hickory Hill", "src": "osm", "osm": "w565560062", "religion": "christian"}}, {"type": "Feature", "geometry": {"type": "Point", "coordinates": [-89.867872, 35.060288]}, "properties": {"name": "Winrow Saint Paul Christian Methodist Episcopal Church", "src": "osm", "osm": "w565560078", "religion": "christian"}}, {"type": "Feature", "geometry": {"type": "Point", "coordinates": [-89.910886, 35.062188]}, "properties": {"name": "Oakville Missionary Baptist Church", "src": "osm", "osm": "w566003341", "religion": "christian"}}, {"type": "Feature", "geometry": {"type": "Point", "coordinates": [-89.91093, 35.062916]}, "properties": {"name": "Park Village Christian Church", "src": "osm", "osm": "w566003350", "religion": "christian"}}, {"type": "Feature", "geometry": {"type": "Point", "coordinates": [-90.047578, 35.148522]}, "properties": {"name": "Trinity Lutheran Church", "src": "osm", "osm": "w571126015", "religion": "christian"}}, {"type": "Feature", "geometry": {"type": "Point", "coordinates": [-89.916985, 35.062253]}, "properties": {"name": "Parkway Village Church of Christ", "src": "osm", "osm": "w571133123", "religion": "christian"}}, {"type": "Feature", "geometry": {"type": "Point", "coordinates": [-89.913096, 35.051774]}, "properties": {"name": "Memphis Fourth Spanish Branch Church", "src": "osm", "osm": "w572736579", "religion": "christian"}}, {"type": "Feature", "geometry": {"type": "Point", "coordinates": [-92.170226, 40.455943]}, "properties": {"name": "First Christian Church", "src": "osm", "osm": "w581425136", "religion": "christian"}}, {"type": "Feature", "geometry": {"type": "Point", "coordinates": [-92.173147, 40.460247]}, "properties": {"name": "Methodist Chruch", "src": "osm", "osm": "w581426416", "religion": "christian"}}, {"type": "Feature", "geometry": {"type": "Point", "coordinates": [-92.172525, 40.465742]}, "properties": {"name": "Saint John's Catholic Church", "src": "osm", "osm": "w581426417", "religion": "christian"}}, {"type": "Feature", "geometry": {"type": "Point", "coordinates": [-92.18073, 40.470374]}, "properties": {"name": "First Baptist Church of Memphis", "src": "osm", "osm": "w581429320", "religion": "christian"}}, {"type": "Feature", "geometry": {"type": "Point", "coordinates": [-92.169107, 40.458638]}, "properties": {"name": "Ignite Ministries", "src": "osm", "osm": "w581429329", "religion": "christian"}}, {"type": "Feature", "geometry": {"type": "Point", "coordinates": [-92.172594, 40.458656]}, "properties": {"name": "Presbyterian Church of Memphis", "src": "osm", "osm": "w581429338", "religion": "christian"}}, {"type": "Feature", "geometry": {"type": "Point", "coordinates": [-92.167776, 40.458428]}, "properties": {"name": "Pentecostal Church of Memphis", "src": "osm", "osm": "w581434723", "religion": "christian"}}, {"type": "Feature", "geometry": {"type": "Point", "coordinates": [-89.874297, 35.031136]}, "properties": {"name": "Kingdom Hall of Jehovahs Witnesses", "src": "osm", "osm": "w583593804", "religion": "christian", "street": "4306 Clarke Road"}}, {"type": "Feature", "geometry": {"type": "Point", "coordinates": [-90.049151, 35.149917]}, "properties": {"name": "First United Methodist Church of Memphis", "src": "osm", "osm": "w584966092", "religion": "christian"}}, {"type": "Feature", "geometry": {"type": "Point", "coordinates": [-90.048545, 35.149905]}, "properties": {"name": "First Presbyterian Church", "src": "osm", "osm": "w584982488", "religion": "christian", "street": "166 Poplar Avenue"}}, {"type": "Feature", "geometry": {"type": "Point", "coordinates": [-89.954013, 35.043878]}, "properties": {"name": "Oakhaven Church", "src": "osm", "osm": "w588220038", "religion": "christian"}}, {"type": "Feature", "geometry": {"type": "Point", "coordinates": [-90.025922, 35.00691]}, "properties": {"name": "Faith Temple Holiness Church", "src": "osm", "osm": "w593858153", "religion": "christian"}}, {"type": "Feature", "geometry": {"type": "Point", "coordinates": [-90.025801, 35.012715]}, "properties": {"name": "Christ Episcopal Church", "src": "osm", "osm": "w594393185", "religion": "christian"}}, {"type": "Feature", "geometry": {"type": "Point", "coordinates": [-90.043763, 35.004392]}, "properties": {"name": "Rising Sun Missionary Baptist Church", "src": "osm", "osm": "w595278343", "religion": "christian"}}, {"type": "Feature", "geometry": {"type": "Point", "coordinates": [-90.057838, 35.005784]}, "properties": {"name": "Greater Lakeview Baptist Church", "src": "osm", "osm": "w600397337", "religion": "christian"}}, {"type": "Feature", "geometry": {"type": "Point", "coordinates": [-90.070126, 35.020575]}, "properties": {"name": "New Highway Church of God In Christ", "src": "osm", "osm": "w601136768", "religion": "christian"}}, {"type": "Feature", "geometry": {"type": "Point", "coordinates": [-90.07551, 35.020327]}, "properties": {"name": "Ackelena Church", "src": "osm", "osm": "w601783880", "religion": "christian"}}, {"type": "Feature", "geometry": {"type": "Point", "coordinates": [-90.076907, 35.018599]}, "properties": {"name": "Revival Temple Evangelistic Church", "src": "osm", "osm": "w601783902", "religion": "christian"}}, {"type": "Feature", "geometry": {"type": "Point", "coordinates": [-90.073984, 35.017201]}, "properties": {"name": "Sanctuary of the Inner Self Church", "src": "osm", "osm": "w601783949", "religion": "christian"}}, {"type": "Feature", "geometry": {"type": "Point", "coordinates": [-90.074703, 35.015791]}, "properties": {"name": "Greater New Bethel Baptist Church", "src": "osm", "osm": "w601783972", "religion": "christian"}}, {"type": "Feature", "geometry": {"type": "Point", "coordinates": [-90.077551, 35.017347]}, "properties": {"name": "Geeter Park Baptist Church", "src": "osm", "osm": "w605758475", "religion": "christian"}}, {"type": "Feature", "geometry": {"type": "Point", "coordinates": [-90.081539, 35.01578]}, "properties": {"name": "Walls Chapel Church of God in Christ", "src": "osm", "osm": "w609607131", "religion": "christian"}}, {"type": "Feature", "geometry": {"type": "Point", "coordinates": [-90.079513, 35.021415]}, "properties": {"name": "Testament of Hope Community Baptist Church", "src": "osm", "osm": "w613161636", "religion": "christian"}}, {"type": "Feature", "geometry": {"type": "Point", "coordinates": [-90.086119, 35.02041]}, "properties": {"name": "Miracle Temple Non-Denominational Church", "src": "osm", "osm": "w613161638", "religion": "christian"}}, {"type": "Feature", "geometry": {"type": "Point", "coordinates": [-90.082213, 35.025034]}, "properties": {"name": "Whitehaven Congregational Church", "src": "osm", "osm": "w613544964", "religion": "christian"}}, {"type": "Feature", "geometry": {"type": "Point", "coordinates": [-90.078919, 35.028447]}, "properties": {"name": "Divine Temple Church of God In Christ", "src": "osm", "osm": "w613545001", "religion": "christian"}}, {"type": "Feature", "geometry": {"type": "Point", "coordinates": [-90.07102, 35.030373]}, "properties": {"name": "New Covenant Seventh Day Adventist Church", "src": "osm", "osm": "w613545025", "religion": "christian"}}, {"type": "Feature", "geometry": {"type": "Point", "coordinates": [-90.09507, 35.019825]}, "properties": {"name": "Saint Andrews Church", "src": "osm", "osm": "w615020646", "religion": "christian"}}, {"type": "Feature", "geometry": {"type": "Point", "coordinates": [-90.078769, 35.034859]}, "properties": {"name": "Riverview Church of God In Christ", "src": "osm", "osm": "w616575941", "religion": "christian"}}, {"type": "Feature", "geometry": {"type": "Point", "coordinates": [-90.046268, 35.035027]}, "properties": {"name": "Liberty Church of God In Christ of White Haven", "src": "osm", "osm": "w619714202", "religion": "christian"}}, {"type": "Feature", "geometry": {"type": "Point", "coordinates": [-90.122617, 35.020178]}, "properties": {"name": "Jerusalem Church", "src": "osm", "osm": "w622923690", "religion": "christian"}}, {"type": "Feature", "geometry": {"type": "Point", "coordinates": [-90.107923, 35.006071]}, "properties": {"name": "Longcrest Church", "src": "osm", "osm": "w623540287", "religion": "christian"}}, {"type": "Feature", "geometry": {"type": "Point", "coordinates": [-90.105436, 35.006683]}, "properties": {"name": "River of Life Deliverance Ministries", "src": "osm", "osm": "w623540297", "religion": "christian"}}, {"type": "Feature", "geometry": {"type": "Point", "coordinates": [-90.102184, 35.007851]}, "properties": {"name": "Coro Lake Church of Christ", "src": "osm", "osm": "w623554190", "religion": "christian"}}, {"type": "Feature", "geometry": {"type": "Point", "coordinates": [-90.080653, 35.042466]}, "properties": {"name": "Corinthians Baptist Church", "src": "osm", "osm": "w624895765", "religion": "christian"}}, {"type": "Feature", "geometry": {"type": "Point", "coordinates": [-90.096186, 35.04934]}, "properties": {"name": "Mount Pisgah Church", "src": "osm", "osm": "w625656559", "religion": "christian"}}, {"type": "Feature", "geometry": {"type": "Point", "coordinates": [-90.078751, 35.041641]}, "properties": {"name": "McCain Church of God in Christ", "src": "osm", "osm": "w626318568", "religion": "christian"}}, {"type": "Feature", "geometry": {"type": "Point", "coordinates": [-90.077894, 35.042191]}, "properties": {"name": "Unity Church of God in Christ", "src": "osm", "osm": "w626318570", "religion": "christian"}}, {"type": "Feature", "geometry": {"type": "Point", "coordinates": [-90.071928, 35.04315]}, "properties": {"name": "Eureka True Vine Baptist Church", "src": "osm", "osm": "w627032499", "religion": "christian"}}, {"type": "Feature", "geometry": {"type": "Point", "coordinates": [-90.072687, 35.055364]}, "properties": {"name": "Ford Chapel African Methodist Episcopal Zion Church", "src": "osm", "osm": "w627264946", "religion": "christian"}}, {"type": "Feature", "geometry": {"type": "Point", "coordinates": [-90.072239, 35.055868]}, "properties": {"name": "Old Riverside Baptist Church", "src": "osm", "osm": "w627264968", "religion": "christian"}}, {"type": "Feature", "geometry": {"type": "Point", "coordinates": [-90.075337, 35.054931]}, "properties": {"name": "New Galilee Baptist Church", "src": "osm", "osm": "w627273286", "religion": "christian"}}, {"type": "Feature", "geometry": {"type": "Point", "coordinates": [-90.081109, 35.061291]}, "properties": {"name": "Blessed God Holiness Church", "src": "osm", "osm": "w628037361", "religion": "christian"}}, {"type": "Feature", "geometry": {"type": "Point", "coordinates": [-90.084141, 35.061475]}, "properties": {"name": "Prayer Tower Church of God in Christ", "src": "osm", "osm": "w628044840", "religion": "christian"}}, {"type": "Feature", "geometry": {"type": "Point", "coordinates": [-90.084403, 35.061997]}, "properties": {"name": "New Gilfield Baptist Church", "src": "osm", "osm": "w628044842", "religion": "christian"}}, {"type": "Feature", "geometry": {"type": "Point", "coordinates": [-90.089096, 35.064071]}, "properties": {"name": "Christ Temple Evangelistic Church", "src": "osm", "osm": "w628102502", "religion": "christian"}}, {"type": "Feature", "geometry": {"type": "Point", "coordinates": [-90.083153, 35.064019]}, "properties": {"name": "Enon Spring Missionary Baptist Church", "src": "osm", "osm": "w628102534", "religion": "christian"}}, {"type": "Feature", "geometry": {"type": "Point", "coordinates": [-90.080314, 35.065445]}, "properties": {"name": "Walker Memorial Church", "src": "osm", "osm": "w628116503", "religion": "christian"}}, {"type": "Feature", "geometry": {"type": "Point", "coordinates": [-90.08032, 35.066507]}, "properties": {"name": "Mount Carmel Church of God", "src": "osm", "osm": "w628116521", "religion": "christian"}}, {"type": "Feature", "geometry": {"type": "Point", "coordinates": [-90.090422, 35.066651]}, "properties": {"name": "Mount Zion Church", "src": "osm", "osm": "w628421854", "religion": "christian"}}, {"type": "Feature", "geometry": {"type": "Point", "coordinates": [-90.066614, 35.066267]}, "properties": {"name": "Breakthrough Church of God By Faith", "src": "osm", "osm": "w628575515", "religion": "christian"}}, {"type": "Feature", "geometry": {"type": "Point", "coordinates": [-90.061419, 35.055755]}, "properties": {"name": "Washington Chapel Christian Methodist Episcopal Church", "src": "osm", "osm": "w628686292", "religion": "christian"}}, {"type": "Feature", "geometry": {"type": "Point", "coordinates": [-90.067672, 35.061028]}, "properties": {"name": "Lutheran Baptist Church", "src": "osm", "osm": "w628713789", "religion": "christian"}}, {"type": "Feature", "geometry": {"type": "Point", "coordinates": [-90.063254, 35.060274]}, "properties": {"name": "Christ Temple Church of Deliverance", "src": "osm", "osm": "w628926321", "religion": "christian"}}, {"type": "Feature", "geometry": {"type": "Point", "coordinates": [-90.0625, 35.035046]}, "properties": {"name": "True Life Missionary Baptist Church", "src": "osm", "osm": "w630036935", "religion": "christian"}}, {"type": "Feature", "geometry": {"type": "Point", "coordinates": [-90.061306, 35.034905]}, "properties": {"name": "Raines Road Church of Christ", "src": "osm", "osm": "w630036936", "religion": "christian"}}, {"type": "Feature", "geometry": {"type": "Point", "coordinates": [-90.041422, 35.054516]}, "properties": {"name": "Graves and Winchester Church of Christ", "src": "osm", "osm": "w631161610", "religion": "christian"}}, {"type": "Feature", "geometry": {"type": "Point", "coordinates": [-90.008317, 35.05561]}, "properties": {"name": "Hickory Hills Church", "src": "osm", "osm": "w635018143", "religion": "christian"}}, {"type": "Feature", "geometry": {"type": "Point", "coordinates": [-90.006786, 35.03875]}, "properties": {"name": "Holy Temple Cathedral of Deliverance", "src": "osm", "osm": "w636964974", "religion": "christian"}}, {"type": "Feature", "geometry": {"type": "Point", "coordinates": [-90.012106, 35.035229]}, "properties": {"name": "Greater Saint Paul Baptist Church", "src": "osm", "osm": "w637348572", "religion": "christian"}}, {"type": "Feature", "geometry": {"type": "Point", "coordinates": [-89.990734, 35.032887]}, "properties": {"name": "Labelle Place Church", "src": "osm", "osm": "w640674090", "religion": "christian"}}, {"type": "Feature", "geometry": {"type": "Point", "coordinates": [-90.006811, 35.015752]}, "properties": {"name": "New Beginning Missionary Baptist Church", "src": "osm", "osm": "w640743486", "religion": "christian"}}, {"type": "Feature", "geometry": {"type": "Point", "coordinates": [-90.096791, 35.013583]}, "properties": {"name": "Lake Grove Church", "src": "osm", "osm": "w643867401", "religion": "christian"}}, {"type": "Feature", "geometry": {"type": "Point", "coordinates": [-90.115144, 35.049196]}, "properties": {"name": "New Rose of Sharon Missionary Baptist Church", "src": "osm", "osm": "w644567761", "religion": "christian"}}, {"type": "Feature", "geometry": {"type": "Point", "coordinates": [-90.121383, 35.049931]}, "properties": {"name": "White's Chapel AME Church", "src": "osm", "osm": "w644567799", "religion": "christian"}}, {"type": "Feature", "geometry": {"type": "Point", "coordinates": [-90.124769, 35.048957]}, "properties": {"name": "Macedonia Missionary Baptist Church", "src": "osm", "osm": "w644914398", "religion": "christian"}}, {"type": "Feature", "geometry": {"type": "Point", "coordinates": [-90.123992, 35.050152]}, "properties": {"name": "Whites Chapel African Methodist Episcopal Church", "src": "osm", "osm": "w644914399", "religion": "christian"}}, {"type": "Feature", "geometry": {"type": "Point", "coordinates": [-90.121538, 35.045938]}, "properties": {"name": "Peters Rock Spiritual Church of the Apostolic Faith", "src": "osm", "osm": "w645069129", "religion": "christian"}}, {"type": "Feature", "geometry": {"type": "Point", "coordinates": [-89.841764, 35.076259]}, "properties": {"name": "Balmoral Baptist Church", "src": "osm", "osm": "w661502077", "religion": "christian"}}, {"type": "Feature", "geometry": {"type": "Point", "coordinates": [-89.877398, 35.123572]}, "properties": {"name": "Shady Grove Presbyterian Church", "src": "osm", "osm": "w671411686", "religion": "christian"}}, {"type": "Feature", "geometry": {"type": "Point", "coordinates": [-89.870926, 35.134259]}, "properties": {"name": "Anshei Sphard-Beth El Emerth Synagogue", "src": "osm", "osm": "w671931163", "religion": "jewish", "street": "120 North East Yates Road"}}, {"type": "Feature", "geometry": {"type": "Point", "coordinates": [-89.875564, 35.120342]}, "properties": {"name": "Wesleyan Hills United Methodist Church", "src": "osm", "osm": "w673390638", "religion": "christian", "street": "390 South Yates Road"}}, {"type": "Feature", "geometry": {"type": "Point", "coordinates": [-89.888375, 35.104196]}, "properties": {"name": "Park Avenue Church", "src": "osm", "osm": "w676319977", "religion": "christian"}}, {"type": "Feature", "geometry": {"type": "Point", "coordinates": [-89.888707, 35.114178]}, "properties": {"name": "Missio Dei Church", "src": "osm", "osm": "w688486716", "religion": "christian", "street": "621 South White Station Road"}}, {"type": "Feature", "geometry": {"type": "Point", "coordinates": [-89.903726, 35.132407]}, "properties": {"name": "Independent Presbyterian Church", "src": "osm", "osm": "w691242694", "religion": "christian", "street": "4738 Walnut Grove Road"}}, {"type": "Feature", "geometry": {"type": "Point", "coordinates": [-89.896397, 35.090796]}, "properties": {"name": "New Testament Christian Church", "src": "osm", "osm": "w695641481", "religion": "christian", "street": "1501 Mount Moriah Road"}}, {"type": "Feature", "geometry": {"type": "Point", "coordinates": [-89.944092, 35.151101]}, "properties": {"name": "Rescue Resurrection", "src": "osm", "osm": "w705550959", "religion": "christian", "street": "700 North Highland Street"}}, {"type": "Feature", "geometry": {"type": "Point", "coordinates": [-89.898422, 35.144944]}, "properties": {"name": "St. Mary and St. Rouis Coptic Orthodox Church", "src": "osm", "osm": "w713431014", "religion": "christian", "street": "501 North Mendenhall Road"}}, {"type": "Feature", "geometry": {"type": "Point", "coordinates": [-89.961144, 35.141931]}, "properties": {"name": "Binghampton Community Church", "src": "osm", "osm": "w724727604", "religion": "christian", "street": "3006 Johnson Avenue"}}, {"type": "Feature", "geometry": {"type": "Point", "coordinates": [-89.951857, 35.14288]}, "properties": {"name": "New Vineyard Baptist Church", "src": "osm", "osm": "w725121407", "religion": "christian"}}, {"type": "Feature", "geometry": {"type": "Point", "coordinates": [-90.024679, 35.017857]}, "properties": {"name": "Whitehaven Baptist Church", "src": "osm", "osm": "w727339230", "religion": "christian"}}, {"type": "Feature", "geometry": {"type": "Point", "coordinates": [-90.015423, 35.020063]}, "properties": {"name": "Saint Paul Catholic Church", "src": "osm", "osm": "w727339241", "religion": "christian"}}, {"type": "Feature", "geometry": {"type": "Point", "coordinates": [-89.975914, 35.142236]}, "properties": {"name": "Everett Memorial United Methodist Church", "src": "osm", "osm": "w727629654", "religion": "christian"}}, {"type": "Feature", "geometry": {"type": "Point", "coordinates": [-89.976429, 35.142856]}, "properties": {"name": "Merton Street Church of Christ", "src": "osm", "osm": "w727929493", "religion": "christian"}}, {"type": "Feature", "geometry": {"type": "Point", "coordinates": [-89.976279, 35.144568]}, "properties": {"name": "Merton Avenue Baptist Church", "src": "osm", "osm": "w727929496", "religion": "christian"}}, {"type": "Feature", "geometry": {"type": "Point", "coordinates": [-89.981785, 35.140998]}, "properties": {"name": "First Baptist Church", "src": "osm", "osm": "w728173409", "religion": "christian"}}, {"type": "Feature", "geometry": {"type": "Point", "coordinates": [-89.98193, 35.134858]}, "properties": {"name": "Lindenwood Church", "src": "osm", "osm": "w728911253", "religion": "christian"}}, {"type": "Feature", "geometry": {"type": "Point", "coordinates": [-89.941548, 35.118739]}, "properties": {"name": "Wesley Foundation", "src": "osm", "osm": "w740008544", "religion": "christian", "street": "3625 Midland Avenue"}}, {"type": "Feature", "geometry": {"type": "Point", "coordinates": [-89.944534, 35.11746]}, "properties": {"name": "Masjid Al-Noor", "src": "osm", "osm": "w740008558", "religion": "muslim", "street": "3529 Mynders Avenue"}}, {"type": "Feature", "geometry": {"type": "Point", "coordinates": [-89.94104, 35.119838]}, "properties": {"name": "Presbyterian Place", "src": "osm", "osm": "w740026319", "religion": "christian", "street": "Patterson Street"}}, {"type": "Feature", "geometry": {"type": "Point", "coordinates": [-89.940952, 35.12042]}, "properties": {"name": "Barth House Episcopal Student Center at the University of Memphis", "src": "osm", "osm": "w740026320", "religion": "christian", "street": "409 Patterson Street"}}, {"type": "Feature", "geometry": {"type": "Point", "coordinates": [-89.982277, 35.085075]}, "properties": {"name": "Charjean Baptist Church", "src": "osm", "osm": "w745153789", "religion": "christian"}}, {"type": "Feature", "geometry": {"type": "Point", "coordinates": [-89.981912, 35.107533]}, "properties": {"name": "Mount Gilliam Baptist Church", "src": "osm", "osm": "w748898479", "religion": "christian"}}, {"type": "Feature", "geometry": {"type": "Point", "coordinates": [-89.980661, 35.107298]}, "properties": {"name": "Lambert Church of God in Christ", "src": "osm", "osm": "w748898512", "religion": "christian"}}, {"type": "Feature", "geometry": {"type": "Point", "coordinates": [-89.971151, 35.106861]}, "properties": {"name": "New Hope Baptist Church", "src": "osm", "osm": "w749190083", "religion": "christian"}}, {"type": "Feature", "geometry": {"type": "Point", "coordinates": [-89.974625, 35.108454]}, "properties": {"name": "Trueway Church of Jesus Christ", "src": "osm", "osm": "w749420949", "religion": "christian"}}, {"type": "Feature", "geometry": {"type": "Point", "coordinates": [-89.967152, 35.108895]}, "properties": {"name": "Greater New Shiloh Baptist Church", "src": "osm", "osm": "w749872896", "religion": "christian"}}, {"type": "Feature", "geometry": {"type": "Point", "coordinates": [-89.953608, 35.107376]}, "properties": {"name": "Bibleway House of Prayer", "src": "osm", "osm": "w751428824", "religion": "christian"}}, {"type": "Feature", "geometry": {"type": "Point", "coordinates": [-89.956996, 35.107397]}, "properties": {"name": "Morning Star Church Worldwide Ministries", "src": "osm", "osm": "w751428856", "religion": "christian"}}, {"type": "Feature", "geometry": {"type": "Point", "coordinates": [-89.965489, 35.106919]}, "properties": {"name": "Greater Faith Baptist Church", "src": "osm", "osm": "w752855383", "religion": "christian"}}, {"type": "Feature", "geometry": {"type": "Point", "coordinates": [-89.973321, 35.120232]}, "properties": {"name": "Mount Pleasant Baptist Church", "src": "osm", "osm": "w755215959", "religion": "christian"}}, {"type": "Feature", "geometry": {"type": "Point", "coordinates": [-89.971278, 35.122098]}, "properties": {"name": "Buntyn Street Baptist Church", "src": "osm", "osm": "w755279344", "religion": "christian"}}, {"type": "Feature", "geometry": {"type": "Point", "coordinates": [-90.018796, 35.160897]}, "properties": {"name": "Robert Temple Ministry", "src": "osm", "osm": "w759222356", "religion": "christian", "street": "Grant Avenue"}}, {"type": "Feature", "geometry": {"type": "Point", "coordinates": [-89.999158, 35.153247]}, "properties": {"name": "Open Door Bible Church", "src": "osm", "osm": "w759671336", "religion": "christian", "street": "1792 North Parkway"}}, {"type": "Feature", "geometry": {"type": "Point", "coordinates": [-90.002752, 35.150308]}, "properties": {"name": "Trinity Methodist Church", "src": "osm", "osm": "w760077130", "religion": "christian", "street": "1738 Galloway Avenue"}}, {"type": "Feature", "geometry": {"type": "Point", "coordinates": [-89.998305, 35.135332]}, "properties": {"name": "All Saints Presbyterian Church", "src": "osm", "osm": "w761771364", "religion": "christian"}}, {"type": "Feature", "geometry": {"type": "Point", "coordinates": [-89.988551, 35.133532]}, "properties": {"name": "Union Avenue Baptist Church", "src": "osm", "osm": "w761817867", "religion": "christian", "street": "2181 Union Avenue"}}, {"type": "Feature", "geometry": {"type": "Point", "coordinates": [-89.991093, 35.127985]}, "properties": {"name": "Redeemer Presbyterian Church of Memphis", "src": "osm", "osm": "w762043698", "religion": "christian", "street": "651 South Cooper Street"}}, {"type": "Feature", "geometry": {"type": "Point", "coordinates": [-90.001082, 35.13152]}, "properties": {"name": "Central Christian Church", "src": "osm", "osm": "w762322960", "religion": "christian"}}, {"type": "Feature", "geometry": {"type": "Point", "coordinates": [-90.013809, 35.13535]}, "properties": {"name": "First Congregational Church", "src": "osm", "osm": "w762722895", "religion": "christian"}}, {"type": "Feature", "geometry": {"type": "Point", "coordinates": [-90.004695, 35.132858]}, "properties": {"name": "Grace-Saint Lukes Episcopal Church", "src": "osm", "osm": "w762747124", "religion": "christian"}}, {"type": "Feature", "geometry": {"type": "Point", "coordinates": [-89.99061, 35.118658]}, "properties": {"name": "First Congo", "src": "osm", "osm": "w762942214", "religion": "christian"}}, {"type": "Feature", "geometry": {"type": "Point", "coordinates": [-89.991671, 35.118015]}, "properties": {"name": "Galloway United Methodist Church", "src": "osm", "osm": "w762942215", "religion": "christian"}}, {"type": "Feature", "geometry": {"type": "Point", "coordinates": [-90.014504, 35.107898]}, "properties": {"name": "Saint Peters Baptist Church", "src": "osm", "osm": "w764392313", "religion": "christian"}}, {"type": "Feature", "geometry": {"type": "Point", "coordinates": [-90.01482, 35.102854]}, "properties": {"name": "Pillow Street Christian Methodist Episcopal Church", "src": "osm", "osm": "w764445763", "religion": "christian"}}, {"type": "Feature", "geometry": {"type": "Point", "coordinates": [-90.012746, 35.103442]}, "properties": {"name": "New Friendship Baptist Church", "src": "osm", "osm": "w764445786", "religion": "christian"}}, {"type": "Feature", "geometry": {"type": "Point", "coordinates": [-89.915901, 35.221475]}, "properties": {"name": "Vietnamese Baptist Church", "src": "osm", "osm": "w764479699", "religion": "christian"}}, {"type": "Feature", "geometry": {"type": "Point", "coordinates": [-90.014593, 35.105918]}, "properties": {"name": "Pilgrim Rest Baptist Church", "src": "osm", "osm": "w764489814", "religion": "christian"}}, {"type": "Feature", "geometry": {"type": "Point", "coordinates": [-90.008289, 35.108759]}, "properties": {"name": "Parkway Missionary Baptist Church", "src": "osm", "osm": "w764583736", "religion": "christian"}}, {"type": "Feature", "geometry": {"type": "Point", "coordinates": [-90.006492, 35.108334]}, "properties": {"name": "Parkway Garden Presbyterian Church", "src": "osm", "osm": "w764583742", "religion": "christian"}}, {"type": "Feature", "geometry": {"type": "Point", "coordinates": [-90.002443, 35.105934]}, "properties": {"name": "Galilee African Methodist Episcopal Church", "src": "osm", "osm": "w765182010", "religion": "christian"}}, {"type": "Feature", "geometry": {"type": "Point", "coordinates": [-90.013194, 35.076166]}, "properties": {"name": "Lincoln Missionary Baptist Church", "src": "osm", "osm": "w765862146", "religion": "christian"}}, {"type": "Feature", "geometry": {"type": "Point", "coordinates": [-90.015194, 35.076252]}, "properties": {"name": "New Harvest Baptist Church", "src": "osm", "osm": "w765862152", "religion": "christian"}}, {"type": "Feature", "geometry": {"type": "Point", "coordinates": [-90.014305, 35.07737]}, "properties": {"name": "Kingdom Hall of Jehovahs Witnesses", "src": "osm", "osm": "w765867945", "religion": "christian"}}, {"type": "Feature", "geometry": {"type": "Point", "coordinates": [-90.024809, 35.080341]}, "properties": {"name": "Greater Faith Cathedral", "src": "osm", "osm": "w766059898", "religion": "christian"}}, {"type": "Feature", "geometry": {"type": "Point", "coordinates": [-90.012927, 35.082876]}, "properties": {"name": "Little Rock Baptist Church", "src": "osm", "osm": "w766116924", "religion": "christian"}}, {"type": "Feature", "geometry": {"type": "Point", "coordinates": [-90.011706, 35.083521]}, "properties": {"name": "Pentecostal Missionary Baptist Church", "src": "osm", "osm": "w766116925", "religion": "christian"}}, {"type": "Feature", "geometry": {"type": "Point", "coordinates": [-90.009702, 35.081444]}, "properties": {"name": "Temple of Christ Baptist Church", "src": "osm", "osm": "w766245817", "religion": "christian"}}, {"type": "Feature", "geometry": {"type": "Point", "coordinates": [-90.010833, 35.088186]}, "properties": {"name": "Macedonia Missionary Baptist Church", "src": "osm", "osm": "w766245844", "religion": "christian"}}, {"type": "Feature", "geometry": {"type": "Point", "coordinates": [-90.010047, 35.09837]}, "properties": {"name": "Oak Hill Missionary Baptist Church", "src": "osm", "osm": "w766302016", "religion": "christian"}}, {"type": "Feature", "geometry": {"type": "Point", "coordinates": [-90.012265, 35.098799]}, "properties": {"name": "Greater Abyssinia Church", "src": "osm", "osm": "w766306785", "religion": "christian"}}, {"type": "Feature", "geometry": {"type": "Point", "coordinates": [-89.985156, 35.112624]}, "properties": {"name": "Calvary Temple Church of God in Christ", "src": "osm", "osm": "w766573913", "religion": "christian"}}, {"type": "Feature", "geometry": {"type": "Point", "coordinates": [-90.018852, 35.126872]}, "properties": {"name": "Snowden Circle Church of Christ", "src": "osm", "osm": "w767381769", "religion": "christian"}}, {"type": "Feature", "geometry": {"type": "Point", "coordinates": [-90.027003, 35.115091]}, "properties": {"name": "True Believers Holiness Church", "src": "osm", "osm": "w767412358", "religion": "christian"}}, {"type": "Feature", "geometry": {"type": "Point", "coordinates": [-90.022994, 35.107454]}, "properties": {"name": "Grace Temple Church of God in Christ", "src": "osm", "osm": "w767572284", "religion": "christian"}}, {"type": "Feature", "geometry": {"type": "Point", "coordinates": [-90.024985, 35.10923]}, "properties": {"name": "Ward Chapel African Methodist Episcopal Church", "src": "osm", "osm": "w767572319", "religion": "christian"}}, {"type": "Feature", "geometry": {"type": "Point", "coordinates": [-90.021293, 35.132356]}, "properties": {"name": "Saint John's United Methodist Church", "src": "osm", "osm": "w767707617", "religion": "christian"}}, {"type": "Feature", "geometry": {"type": "Point", "coordinates": [-90.019457, 35.153705]}, "properties": {"name": "Mekaddish Ministries International", "src": "osm", "osm": "w768144891", "religion": "christian"}}, {"type": "Feature", "geometry": {"type": "Point", "coordinates": [-90.01606, 35.149262]}, "properties": {"name": "Kingdom Hall of Jehovahs Witnesses", "src": "osm", "osm": "w768161224", "religion": "christian", "street": "1317 Overton Park Avenue"}}, {"type": "Feature", "geometry": {"type": "Point", "coordinates": [-90.005222, 35.125809]}, "properties": {"name": "Cathedral of the Immaculate Conception", "src": "osm", "osm": "w768385533", "religion": "christian", "street": "1695 Central Avenue"}}, {"type": "Feature", "geometry": {"type": "Point", "coordinates": [-90.025246, 35.115709]}, "properties": {"name": "Southside Church of God In Christ", "src": "osm", "osm": "w768689190", "religion": "christian"}}, {"type": "Feature", "geometry": {"type": "Point", "coordinates": [-90.026027, 35.115922]}, "properties": {"name": "Alpha Church", "src": "osm", "osm": "w768689194", "religion": "christian"}}, {"type": "Feature", "geometry": {"type": "Point", "coordinates": [-89.985437, 35.080522]}, "properties": {"name": "Calvary New Life Temple Church of God in Christ", "src": "osm", "osm": "w768694308", "religion": "christian"}}, {"type": "Feature", "geometry": {"type": "Point", "coordinates": [-90.03905, 35.094523]}, "properties": {"name": "First Thessalonians Baptist Church", "src": "osm", "osm": "w770050141", "religion": "christian"}}, {"type": "Feature", "geometry": {"type": "Point", "coordinates": [-90.033346, 35.10795]}, "properties": {"name": "Saint Andrews Church", "src": "osm", "osm": "w770096158", "religion": "christian"}}, {"type": "Feature", "geometry": {"type": "Point", "coordinates": [-90.03452, 35.105888]}, "properties": {"name": "Prince of Peace Missionary Baptist Church", "src": "osm", "osm": "w770100380", "religion": "christian"}}, {"type": "Feature", "geometry": {"type": "Point", "coordinates": [-90.045705, 35.115547]}, "properties": {"name": "Pilgrim Rest Baptist Church", "src": "osm", "osm": "w771678622", "religion": "christian", "street": "491 East McLemore Avenue"}}, {"type": "Feature", "geometry": {"type": "Point", "coordinates": [-90.048229, 35.121482]}, "properties": {"name": "New Mount Zion Missionary Baptist Church", "src": "osm", "osm": "w771942385", "religion": "christian"}}, {"type": "Feature", "geometry": {"type": "Point", "coordinates": [-90.047513, 35.122222]}, "properties": {"name": "Greater White Stone Missionary Baptist Church", "src": "osm", "osm": "w771942386", "religion": "christian"}}, {"type": "Feature", "geometry": {"type": "Point", "coordinates": [-90.036367, 35.118954]}, "properties": {"name": "Metropolitan Baptist Church", "src": "osm", "osm": "w773890006", "religion": "christian"}}, {"type": "Feature", "geometry": {"type": "Point", "coordinates": [-90.059941, 35.113707]}, "properties": {"name": "New Life Church of God in Christ", "src": "osm", "osm": "w775367213", "religion": "christian"}}, {"type": "Feature", "geometry": {"type": "Point", "coordinates": [-90.060841, 35.086838]}, "properties": {"name": "Faith Temple Church of God in Christ", "src": "osm", "osm": "w775427935", "religion": "christian"}}, {"type": "Feature", "geometry": {"type": "Point", "coordinates": [-90.060295, 35.088917]}, "properties": {"name": "Faith Temple", "src": "osm", "osm": "w775632271"}}, {"type": "Feature", "geometry": {"type": "Point", "coordinates": [-90.060764, 35.089846]}, "properties": {"name": "McKellar Avenue Church of Christ", "src": "osm", "osm": "w775833293", "religion": "christian"}}, {"type": "Feature", "geometry": {"type": "Point", "coordinates": [-90.062606, 35.090781]}, "properties": {"name": "Fairway Missionary Baptist Church", "src": "osm", "osm": "w775835908", "religion": "christian"}}, {"type": "Feature", "geometry": {"type": "Point", "coordinates": [-90.062613, 35.090922]}, "properties": {"name": "Mount Calvary Church of God in Christ", "src": "osm", "osm": "w775835909", "religion": "christian"}}, {"type": "Feature", "geometry": {"type": "Point", "coordinates": [-90.066412, 35.089943]}, "properties": {"name": "Gospel Truth Missionary Baptist Assembly", "src": "osm", "osm": "w776358296", "religion": "christian"}}, {"type": "Feature", "geometry": {"type": "Point", "coordinates": [-90.068979, 35.099967]}, "properties": {"name": "Rock of Ages Baptist Church", "src": "osm", "osm": "w776523969", "religion": "christian"}}, {"type": "Feature", "geometry": {"type": "Point", "coordinates": [-90.067741, 35.099188]}, "properties": {"name": "Wayman Chapel African Methodist Episcopal Church", "src": "osm", "osm": "w776526867", "religion": "christian"}}, {"type": "Feature", "geometry": {"type": "Point", "coordinates": [-90.0684, 35.093623]}, "properties": {"name": "First Baptist Church", "src": "osm", "osm": "w776590228", "religion": "christian"}}, {"type": "Feature", "geometry": {"type": "Point", "coordinates": [-90.069405, 35.094129]}, "properties": {"name": "Oak Grove Baptist Church", "src": "osm", "osm": "w776590230", "religion": "christian"}}, {"type": "Feature", "geometry": {"type": "Point", "coordinates": [-90.064618, 35.103701]}, "properties": {"name": "Warren United Methodist Church", "src": "osm", "osm": "w777121185", "religion": "christian", "street": "1606 Kansas Street"}}, {"type": "Feature", "geometry": {"type": "Point", "coordinates": [-90.069812, 35.102178]}, "properties": {"name": "Person Avenue Baptist Church", "src": "osm", "osm": "w777147608", "religion": "christian"}}, {"type": "Feature", "geometry": {"type": "Point", "coordinates": [-90.065192, 35.086945]}, "properties": {"name": "Union Grove Missionary Baptist Church", "src": "osm", "osm": "w777301782", "religion": "christian"}}, {"type": "Feature", "geometry": {"type": "Point", "coordinates": [-90.032894, 35.112294]}, "properties": {"name": "Avery Chapel African Methodist Episcopal Church", "src": "osm", "osm": "w778006469", "religion": "christian"}}, {"type": "Feature", "geometry": {"type": "Point", "coordinates": [-90.030008, 35.113893]}, "properties": {"name": "New Zion Missionary Baptist Church", "src": "osm", "osm": "w778335170", "religion": "christian"}}, {"type": "Feature", "geometry": {"type": "Point", "coordinates": [-90.030071, 35.11342]}, "properties": {"name": "Mount Olive Church of God in Christ", "src": "osm", "osm": "w778335186", "religion": "christian"}}, {"type": "Feature", "geometry": {"type": "Point", "coordinates": [-90.043649, 35.136932]}, "properties": {"name": "Mount Olive Christian Methodist Episcopal Cathedral", "src": "osm", "osm": "w778716232", "religion": "christian", "street": "538 Dr. Martin Luther King Jr Avenue"}}, {"type": "Feature", "geometry": {"type": "Point", "coordinates": [-90.040416, 35.134667]}, "properties": {"name": "Saint Johns Church", "src": "osm", "osm": "w778718950", "religion": "christian"}}, {"type": "Feature", "geometry": {"type": "Point", "coordinates": [-90.043458, 35.13421]}, "properties": {"name": "Mount Nebo Missionary Baptist Church", "src": "osm", "osm": "w778760233", "religion": "christian"}}, {"type": "Feature", "geometry": {"type": "Point", "coordinates": [-90.041774, 35.131834]}, "properties": {"name": "Emmanuel Episcopal Church", "src": "osm", "osm": "w778983548", "religion": "christian"}}, {"type": "Feature", "geometry": {"type": "Point", "coordinates": [-90.049999, 35.137004]}, "properties": {"name": "Saint Patricks CatholicChurch", "src": "osm", "osm": "w779233725", "religion": "christian", "street": "277 Ida B. Wells Street"}}, {"type": "Feature", "geometry": {"type": "Point", "coordinates": [-90.048463, 35.135422]}, "properties": {"name": "Progressive Baptist Church", "src": "osm", "osm": "w779233735", "religion": "christian"}}, {"type": "Feature", "geometry": {"type": "Point", "coordinates": [-90.048209, 35.13226]}, "properties": {"name": "Temple of Deliverance Church", "src": "osm", "osm": "w779233743", "religion": "christian"}}, {"type": "Feature", "geometry": {"type": "Point", "coordinates": [-90.038693, 35.141059]}, "properties": {"name": "Door of Hope", "src": "osm", "osm": "w780003716", "religion": "christian", "street": "669 Madison Avenue"}}, {"type": "Feature", "geometry": {"type": "Point", "coordinates": [-90.046418, 35.149797]}, "properties": {"name": "Light of Glory International Church", "src": "osm", "osm": "w780359884", "religion": "christian", "street": "225 Exchange Avenue"}}, {"type": "Feature", "geometry": {"type": "Point", "coordinates": [-90.036547, 35.146694]}, "properties": {"name": "Saint Marys Episcopal Cathedral", "src": "osm", "osm": "w780359910", "religion": "christian", "street": "700 Poplar Avenue"}}, {"type": "Feature", "geometry": {"type": "Point", "coordinates": [-90.038602, 35.162918]}, "properties": {"name": "Centennial Baptist Church", "src": "osm", "osm": "w787581411", "religion": "christian", "street": "229 Chelsea Avenue"}}, {"type": "Feature", "geometry": {"type": "Point", "coordinates": [-90.043489, 35.157173]}, "properties": {"name": "First Baptist Church Chelsea", "src": "osm", "osm": "w787805094", "religion": "christian"}}, {"type": "Feature", "geometry": {"type": "Point", "coordinates": [-90.044711, 35.157795]}, "properties": {"name": "Saint Stephen Baptist Church", "src": "osm", "osm": "w787805096", "religion": "christian"}}, {"type": "Feature", "geometry": {"type": "Point", "coordinates": [-90.0376, 35.166448]}, "properties": {"name": "Life Church of God in Christ", "src": "osm", "osm": "w788011949", "religion": "christian"}}, {"type": "Feature", "geometry": {"type": "Point", "coordinates": [-90.037435, 35.167958]}, "properties": {"name": "Mount Pleasant Baptist Church", "src": "osm", "osm": "w788011963", "religion": "christian"}}, {"type": "Feature", "geometry": {"type": "Point", "coordinates": [-90.037024, 35.166348]}, "properties": {"name": "Pleasant Green Baptist Church", "src": "osm", "osm": "w788011966", "religion": "christian"}}, {"type": "Feature", "geometry": {"type": "Point", "coordinates": [-90.040484, 35.168481]}, "properties": {"name": "Restoration Outreach Ministry", "src": "osm", "osm": "w788066560", "religion": "christian"}}, {"type": "Feature", "geometry": {"type": "Point", "coordinates": [-90.037421, 35.175678]}, "properties": {"name": "Open Door True Church", "src": "osm", "osm": "w788619490", "religion": "christian"}}, {"type": "Feature", "geometry": {"type": "Point", "coordinates": [-90.024212, 35.150639]}, "properties": {"name": "Trinity Baptist Church", "src": "osm", "osm": "w788666467", "religion": "christian"}}, {"type": "Feature", "geometry": {"type": "Point", "coordinates": [-90.025371, 35.150557]}, "properties": {"name": "Providence African Methodist Episcopal Church", "src": "osm", "osm": "w788666469", "religion": "christian"}}, {"type": "Feature", "geometry": {"type": "Point", "coordinates": [-90.035228, 35.154981]}, "properties": {"name": "Communinty Island Church", "src": "osm", "osm": "w788720955", "religion": "christian"}}, {"type": "Feature", "geometry": {"type": "Point", "coordinates": [-90.033178, 35.155147]}, "properties": {"name": "Friendship Church", "src": "osm", "osm": "w788726230", "religion": "christian"}}, {"type": "Feature", "geometry": {"type": "Point", "coordinates": [-90.032499, 35.156728]}, "properties": {"name": "Old Landmark Missionary Baptist Church", "src": "osm", "osm": "w789064084", "religion": "christian"}}, {"type": "Feature", "geometry": {"type": "Point", "coordinates": [-90.021063, 35.165502]}, "properties": {"name": "Vollintine Avenue Baptist Church", "src": "osm", "osm": "w789357068", "religion": "christian"}}, {"type": "Feature", "geometry": {"type": "Point", "coordinates": [-90.022708, 35.16619]}, "properties": {"name": "Coleman Chapel Christian Methodist Episcopal Church", "src": "osm", "osm": "w789646926", "religion": "christian"}}, {"type": "Feature", "geometry": {"type": "Point", "coordinates": [-90.032311, 35.157206]}, "properties": {"name": "Get Right Church of God-Christ", "src": "osm", "osm": "w789704274", "religion": "christian"}}, {"type": "Feature", "geometry": {"type": "Point", "coordinates": [-90.035762, 35.161839]}, "properties": {"name": "Friendly Baptist Church", "src": "osm", "osm": "w790562593", "religion": "christian", "street": "Keel Avenue"}}, {"type": "Feature", "geometry": {"type": "Point", "coordinates": [-90.031865, 35.174586]}, "properties": {"name": "Grace Missionary Baptist Church", "src": "osm", "osm": "w791061966", "religion": "christian"}}, {"type": "Feature", "geometry": {"type": "Point", "coordinates": [-90.014333, 35.199939]}, "properties": {"name": "Frayser Church of the Nazarene", "src": "osm", "osm": "w793652871", "religion": "christian"}}, {"type": "Feature", "geometry": {"type": "Point", "coordinates": [-90.010058, 35.200353]}, "properties": {"name": "Christ Baptist Church", "src": "osm", "osm": "w793652898", "religion": "christian"}}, {"type": "Feature", "geometry": {"type": "Point", "coordinates": [-90.008047, 35.200829]}, "properties": {"name": "New Foundation Baptist Church", "src": "osm", "osm": "w793652934", "religion": "christian"}}, {"type": "Feature", "geometry": {"type": "Point", "coordinates": [-90.003609, 35.223589]}, "properties": {"name": "Faith Lutheran Church", "src": "osm", "osm": "w796692686", "religion": "christian"}}, {"type": "Feature", "geometry": {"type": "Point", "coordinates": [-89.982786, 35.23276]}, "properties": {"name": "Mountain Terrace Baptist Church", "src": "osm", "osm": "w801448097", "religion": "christian"}}, {"type": "Feature", "geometry": {"type": "Point", "coordinates": [-89.981501, 35.23245]}, "properties": {"name": "The Church of Jesus Christ of Latter-day Saints", "src": "osm", "osm": "w802062700", "religion": "christian"}}, {"type": "Feature", "geometry": {"type": "Point", "coordinates": [-89.979405, 35.227458]}, "properties": {"name": "North Frayser Baptist Church", "src": "osm", "osm": "w803123250", "religion": "christian"}}, {"type": "Feature", "geometry": {"type": "Point", "coordinates": [-89.993747, 35.221312]}, "properties": {"name": "Apostolic Church of the Lord Jesus Christ", "src": "osm", "osm": "w803453716", "religion": "christian"}}, {"type": "Feature", "geometry": {"type": "Point", "coordinates": [-90.003099, 35.230098]}, "properties": {"name": "Frayser Bible Church", "src": "osm", "osm": "w803911133", "religion": "christian"}}, {"type": "Feature", "geometry": {"type": "Point", "coordinates": [-89.976303, 35.202496]}, "properties": {"name": "United Missionary Baptist Church", "src": "osm", "osm": "w806149350", "religion": "christian"}}, {"type": "Feature", "geometry": {"type": "Point", "coordinates": [-89.997034, 35.202551]}, "properties": {"name": "Christ Temple Church of God in Christ", "src": "osm", "osm": "w806488391", "religion": "christian"}}, {"type": "Feature", "geometry": {"type": "Point", "coordinates": [-90.012886, 35.19803]}, "properties": {"name": "Franklin Church", "src": "osm", "osm": "w806591042", "religion": "christian"}}, {"type": "Feature", "geometry": {"type": "Point", "coordinates": [-90.001273, 35.205376]}, "properties": {"name": "Gospel Assembly Church", "src": "osm", "osm": "w806886310", "religion": "christian"}}, {"type": "Feature", "geometry": {"type": "Point", "coordinates": [-89.961517, 35.21895]}, "properties": {"name": "Pleasant Grove Missionary Baptist Church", "src": "osm", "osm": "w807637915", "religion": "christian"}}, {"type": "Feature", "geometry": {"type": "Point", "coordinates": [-89.962344, 35.20333]}, "properties": {"name": "Scenic Hills United Methodist Church", "src": "osm", "osm": "w808149970", "religion": "christian", "street": "2847 Pembroke Road"}}, {"type": "Feature", "geometry": {"type": "Point", "coordinates": [-89.968834, 35.231099]}, "properties": {"name": "Ardmore Terrace Baptist Church", "src": "osm", "osm": "w809342457", "religion": "christian"}}, {"type": "Feature", "geometry": {"type": "Point", "coordinates": [-89.946607, 35.240967]}, "properties": {"name": "Prince of Peace Missionary Baptist Church", "src": "osm", "osm": "w809592806", "religion": "christian"}}, {"type": "Feature", "geometry": {"type": "Point", "coordinates": [-89.937732, 35.226091]}, "properties": {"name": "Springhill Baptist Church", "src": "osm", "osm": "w813733386", "religion": "christian"}}, {"type": "Feature", "geometry": {"type": "Point", "coordinates": [-89.902861, 35.228484]}, "properties": {"name": "Messiah Church", "src": "osm", "osm": "w814809984", "religion": "christian"}}, {"type": "Feature", "geometry": {"type": "Point", "coordinates": [-89.916791, 35.215852]}, "properties": {"name": "Raleigh United Methodist Church", "src": "osm", "osm": "w815748333", "religion": "christian", "street": "3495 Powers Road"}}, {"type": "Feature", "geometry": {"type": "Point", "coordinates": [-89.893821, 35.212075]}, "properties": {"name": "Philippians V Multi-Ministry Center", "src": "osm", "osm": "w817902714", "religion": "christian"}}, {"type": "Feature", "geometry": {"type": "Point", "coordinates": [-89.893375, 35.213434]}, "properties": {"name": "East Side Baptist Church", "src": "osm", "osm": "w817903705", "religion": "christian"}}, {"type": "Feature", "geometry": {"type": "Point", "coordinates": [-89.912022, 35.205389]}, "properties": {"name": "Stage Road Church of Christ", "src": "osm", "osm": "w818154898", "religion": "christian"}}, {"type": "Feature", "geometry": {"type": "Point", "coordinates": [-89.886501, 35.205403]}, "properties": {"name": "Al Rasool Center", "src": "osm", "osm": "w818841370", "religion": "muslim", "street": "5315 Stage Road"}}, {"type": "Feature", "geometry": {"type": "Point", "coordinates": [-89.891037, 35.191054]}, "properties": {"name": "Agape Baptist Church", "src": "osm", "osm": "w819162731", "religion": "christian", "street": "5156 Raleigh-Lagrange Road"}}, {"type": "Feature", "geometry": {"type": "Point", "coordinates": [-89.879258, 35.180237]}, "properties": {"name": "Grace Community Church", "src": "osm", "osm": "w819577230", "religion": "christian", "street": "2018 Bartlett Road"}}, {"type": "Feature", "geometry": {"type": "Point", "coordinates": [-89.874859, 35.170788]}, "properties": {"name": "Crestview Christian Church", "src": "osm", "osm": "w819961515", "religion": "christian"}}, {"type": "Feature", "geometry": {"type": "Point", "coordinates": [-89.85722, 35.182157]}, "properties": {"name": "Trafalgar Village Baptist Church", "src": "osm", "osm": "w822705618", "religion": "christian"}}, {"type": "Feature", "geometry": {"type": "Point", "coordinates": [-89.843318, 35.195841]}, "properties": {"name": "Iglesia Cristiana Vida Abundante", "src": "osm", "osm": "w823003723", "street": "6571 Summer Avenue"}}, {"type": "Feature", "geometry": {"type": "Point", "coordinates": [-89.8064, 35.193378]}, "properties": {"name": "Kingdom Hall of Jehovahs Witnesses", "src": "osm", "osm": "w826010701", "religion": "christian"}}, {"type": "Feature", "geometry": {"type": "Point", "coordinates": [-89.949391, 35.201236]}, "properties": {"name": "True Grace Community Church", "src": "osm", "osm": "w833885959", "religion": "christian"}}, {"type": "Feature", "geometry": {"type": "Point", "coordinates": [-89.948711, 35.201622]}, "properties": {"name": "Scenic Assembly of God Church", "src": "osm", "osm": "w833885965", "religion": "christian"}}, {"type": "Feature", "geometry": {"type": "Point", "coordinates": [-89.949735, 35.194255]}, "properties": {"name": "Mount Pleasant Missionary Baptist Church", "src": "osm", "osm": "w834350962", "religion": "christian"}}, {"type": "Feature", "geometry": {"type": "Point", "coordinates": [-89.952495, 35.194723]}, "properties": {"name": "Thomas Chapel Missionary Baptist Church", "src": "osm", "osm": "w834350973", "religion": "christian"}}, {"type": "Feature", "geometry": {"type": "Point", "coordinates": [-89.950644, 35.174083]}, "properties": {"name": "Calvary Church of God in Christ", "src": "osm", "osm": "w834746404", "religion": "christian"}}, {"type": "Feature", "geometry": {"type": "Point", "coordinates": [-89.956076, 35.174522]}, "properties": {"name": "Saint Pauls Baptist Church", "src": "osm", "osm": "w834746498", "religion": "christian"}}, {"type": "Feature", "geometry": {"type": "Point", "coordinates": [-89.957341, 35.173904]}, "properties": {"name": "First Church of God", "src": "osm", "osm": "w834793603", "religion": "christian"}}, {"type": "Feature", "geometry": {"type": "Point", "coordinates": [-89.960181, 35.174222]}, "properties": {"name": "Upper Room Church", "src": "osm", "osm": "w834830395", "religion": "christian"}}, {"type": "Feature", "geometry": {"type": "Point", "coordinates": [-89.95354, 35.172973]}, "properties": {"name": "Greer Chapel African Methodist Episcopal Church", "src": "osm", "osm": "w834848244", "religion": "christian"}}, {"type": "Feature", "geometry": {"type": "Point", "coordinates": [-89.955953, 35.17303]}, "properties": {"name": "Chelsea Avenue Church of God", "src": "osm", "osm": "w834848286", "religion": "christian"}}, {"type": "Feature", "geometry": {"type": "Point", "coordinates": [-89.957309, 35.172506]}, "properties": {"name": "Morning Star Missionary Baptist Church", "src": "osm", "osm": "w835016780", "religion": "christian"}}, {"type": "Feature", "geometry": {"type": "Point", "coordinates": [-89.966829, 35.149139]}, "properties": {"name": "Bethel United Methodist Church", "src": "osm", "osm": "w835570093", "religion": "christian"}}, {"type": "Feature", "geometry": {"type": "Point", "coordinates": [-89.964119, 35.148012]}, "properties": {"name": "Rock of Calvary;New Tyler African Methodist Episcopal Church", "src": "osm", "osm": "w835570116", "religion": "christian"}}, {"type": "Feature", "geometry": {"type": "Point", "coordinates": [-89.932485, 35.148534]}, "properties": {"name": "Saint Michael Catholic Church", "src": "osm", "osm": "w836201712", "religion": "christian"}}, {"type": "Feature", "geometry": {"type": "Point", "coordinates": [-90.025645, 35.134194]}, "properties": {"name": "Tabernacle of Praise Church", "src": "osm", "osm": "w836544644", "religion": "christian"}}, {"type": "Feature", "geometry": {"type": "Point", "coordinates": [-89.792011, 35.180102]}, "properties": {"name": "St. Luke Lutheran Church", "src": "osm", "osm": "w843639271", "religion": "christian", "street": "2000 North Germantown Parkway"}}, {"type": "Feature", "geometry": {"type": "Point", "coordinates": [-89.772235, 35.156075]}, "properties": {"name": "Cordova Baptist Church", "src": "osm", "osm": "w844048951", "religion": "christian"}}, {"type": "Feature", "geometry": {"type": "Point", "coordinates": [-89.772793, 35.142132]}, "properties": {"name": "Morning Chapel Baptist Church", "src": "osm", "osm": "w845876614", "religion": "christian"}}, {"type": "Feature", "geometry": {"type": "Point", "coordinates": [-89.740491, 35.19868]}, "properties": {"name": "Morning Sun Church", "src": "osm", "osm": "w848496930", "religion": "christian"}}, {"type": "Feature", "geometry": {"type": "Point", "coordinates": [-89.850078, 35.157377]}, "properties": {"name": "Mullins Station Church", "src": "osm", "osm": "w921594666", "religion": "christian"}}, {"type": "Feature", "geometry": {"type": "Point", "coordinates": [-89.943763, 35.092808]}, "properties": {"name": "Kingdom Hall of Jehovahs Witnesses", "src": "osm", "osm": "w1098832490", "religion": "christian"}}, {"type": "Feature", "geometry": {"type": "Point", "coordinates": [-90.034009, 35.147383]}, "properties": {"name": "Lake Grove Baptist Church", "src": "osm", "osm": "w1120661000", "religion": "christian"}}, {"type": "Feature", "geometry": {"type": "Point", "coordinates": [-90.032851, 35.146423]}, "properties": {"name": "Burning Bush Missionary Baptist Church", "src": "osm", "osm": "w1120661001", "religion": "christian"}}, {"type": "Feature", "geometry": {"type": "Point", "coordinates": [-90.030129, 35.146962]}, "properties": {"name": "Emmanuel Baptist Church", "src": "osm", "osm": "w1120661002", "religion": "christian"}}, {"type": "Feature", "geometry": {"type": "Point", "coordinates": [-90.030468, 35.14951]}, "properties": {"name": "Hopewell Baptist Church", "src": "osm", "osm": "w1120661003", "religion": "christian"}}, {"type": "Feature", "geometry": {"type": "Point", "coordinates": [-90.025548, 35.148775]}, "properties": {"name": "Columbus Baptist Church", "src": "osm", "osm": "w1120661004", "religion": "christian"}}, {"type": "Feature", "geometry": {"type": "Point", "coordinates": [-90.037376, 35.145703]}, "properties": {"name": "Collins Chapel", "src": "osm", "osm": "w1120661005", "religion": "christian", "street": "676 Washington Avenue"}}, {"type": "Feature", "geometry": {"type": "Point", "coordinates": [-90.032472, 35.14871]}, "properties": {"name": "Greater Calvary Baptist Church", "src": "osm", "osm": "w1120661006", "religion": "christian"}}, {"type": "Feature", "geometry": {"type": "Point", "coordinates": [-90.035255, 35.157261]}, "properties": {"name": "Salvation Army", "src": "osm", "osm": "w1120661007", "religion": "christian", "street": "696 Jackson Avenue"}}, {"type": "Feature", "geometry": {"type": "Point", "coordinates": [-90.061801, 35.122059]}, "properties": {"name": "Greater Love Baptist Church", "src": "osm", "osm": "w1120661244", "religion": "christian"}}, {"type": "Feature", "geometry": {"type": "Point", "coordinates": [-90.061713, 35.120932]}, "properties": {"name": "Leakes Temple Church of God in Christ", "src": "osm", "osm": "w1120661245", "religion": "christian"}}, {"type": "Feature", "geometry": {"type": "Point", "coordinates": [-90.063556, 35.121987]}, "properties": {"name": "Greater Mount Pleasant Baptist Church", "src": "osm", "osm": "w1120661246", "religion": "christian"}}, {"type": "Feature", "geometry": {"type": "Point", "coordinates": [-90.062329, 35.121433]}, "properties": {"name": "New Testament Baptist Church", "src": "osm", "osm": "w1120661247", "religion": "christian"}}, {"type": "Feature", "geometry": {"type": "Point", "coordinates": [-90.060991, 35.120924]}, "properties": {"name": "Greater Mount Pleasant Missionary Baptist Church", "src": "osm", "osm": "w1120661248", "religion": "christian"}}, {"type": "Feature", "geometry": {"type": "Point", "coordinates": [-90.035213, 35.106639]}, "properties": {"name": "Zion Hill Baptist Church", "src": "osm", "osm": "w1122914805", "religion": "christian"}}, {"type": "Feature", "geometry": {"type": "Point", "coordinates": [-89.884443, 35.21679]}, "properties": {"name": "Brownsville Road Church of Christ", "src": "osm", "osm": "w1190521474", "religion": "christian"}}, {"type": "Feature", "geometry": {"type": "Point", "coordinates": [-100.533725, 34.726916]}, "properties": {"name": "Sacred Heart Catholic Church", "src": "osm", "osm": "w1415079523", "religion": "christian", "street": "213 3rd Street"}}, {"type": "Feature", "geometry": {"type": "Point", "coordinates": [-89.808301, 35.18164]}, "properties": {"name": "Bellevue Baptist Church", "src": "osm", "osm": "r1404372", "religion": "christian"}}, {"type": "Feature", "geometry": {"type": "Point", "coordinates": [-90.024379, 35.005749]}, "properties": {"name": "Holmes Road Church of Christ", "src": "osm", "osm": "r8352874", "religion": "christian"}}, {"type": "Feature", "geometry": {"type": "Point", "coordinates": [-90.030241, 35.020229]}, "properties": {"name": "Whitehaven Presbyterian Church", "src": "osm", "osm": "r8364278", "religion": "christian"}}, {"type": "Feature", "geometry": {"type": "Point", "coordinates": [-90.072127, 35.127235]}, "properties": {"name": "Church on the River", "src": "osm", "osm": "r8672680", "religion": "christian"}}, {"type": "Feature", "geometry": {"type": "Point", "coordinates": [-90.055618, 35.0385]}, "properties": {"name": "Golden United Methodist Church", "src": "osm", "osm": "r8768819", "religion": "christian"}}, {"type": "Feature", "geometry": {"type": "Point", "coordinates": [-89.99207, 35.062754]}, "properties": {"name": "Deeper Revelation International Ministry", "src": "osm", "osm": "r8826599", "religion": "christian"}}, {"type": "Feature", "geometry": {"type": "Point", "coordinates": [-90.010062, 35.03507]}, "properties": {"name": "Grace United Methodist Church", "src": "osm", "osm": "r8851665", "religion": "christian", "street": "1619 East Raines Road"}}, {"type": "Feature", "geometry": {"type": "Point", "coordinates": [-90.005941, 35.046293]}, "properties": {"name": "Miracle Temple Ministries", "src": "osm", "osm": "r8971775", "religion": "christian"}}, {"type": "Feature", "geometry": {"type": "Point", "coordinates": [-89.853027, 35.100005]}, "properties": {"name": "Kirby Woods Baptist Church", "src": "osm", "osm": "r9277907", "religion": "christian"}}, {"type": "Feature", "geometry": {"type": "Point", "coordinates": [-89.868201, 35.112373]}, "properties": {"name": "First Evangelical Church", "src": "osm", "osm": "r9331923", "religion": "christian"}}, {"type": "Feature", "geometry": {"type": "Point", "coordinates": [-89.88356, 35.104436]}, "properties": {"name": "Colonial Park United Methodist Church", "src": "osm", "osm": "r9384154", "religion": "christian", "street": "5330 Park Avenue"}}, {"type": "Feature", "geometry": {"type": "Point", "coordinates": [-90.047148, 35.137652]}, "properties": {"name": "Pentecostal Temple Church of God in Christ", "src": "osm", "osm": "r9440481", "religion": "christian", "street": "229 South Danny Thomas Boulevard"}}, {"type": "Feature", "geometry": {"type": "Point", "coordinates": [-89.951166, 35.14985]}, "properties": {"name": "Highland Heights Presbyterian Church", "src": "osm", "osm": "r9808241", "religion": "christian"}}, {"type": "Feature", "geometry": {"type": "Point", "coordinates": [-89.928221, 35.12341]}, "properties": {"name": "Second Presbyterian Church", "src": "osm", "osm": "r10156399", "religion": "christian"}}, {"type": "Feature", "geometry": {"type": "Point", "coordinates": [-89.926938, 35.10813]}, "properties": {"name": "Audubon Park Baptist Church", "src": "osm", "osm": "r10207252", "religion": "christian"}}, {"type": "Feature", "geometry": {"type": "Point", "coordinates": [-89.981457, 35.100763]}, "properties": {"name": "Rebecca Memorial United Methodist Church", "src": "osm", "osm": "r10306684", "religion": "christian"}}, {"type": "Feature", "geometry": {"type": "Point", "coordinates": [-89.979239, 35.108581]}, "properties": {"name": "Mount Pisgah Christian Methodist Episcopal Church", "src": "osm", "osm": "r10331131", "religion": "christian"}}, {"type": "Feature", "geometry": {"type": "Point", "coordinates": [-89.968352, 35.110093]}, "properties": {"name": "New Era Baptist Church", "src": "osm", "osm": "r10340014", "religion": "christian"}}, {"type": "Feature", "geometry": {"type": "Point", "coordinates": [-90.020272, 35.141103]}, "properties": {"name": "Bellevue Baptist Church", "src": "osm", "osm": "r10650605", "religion": "christian"}}, {"type": "Feature", "geometry": {"type": "Point", "coordinates": [-90.019243, 35.143374]}, "properties": {"name": "Temple Israel", "src": "osm", "osm": "r10650737", "religion": "jewish"}}, {"type": "Feature", "geometry": {"type": "Point", "coordinates": [-90.040414, 35.085921]}, "properties": {"name": "Longview Heights Seventh Day Adventist Church", "src": "osm", "osm": "r10664699", "religion": "christian"}}, {"type": "Feature", "geometry": {"type": "Point", "coordinates": [-90.065758, 35.098002]}, "properties": {"name": "Shady Grove Baptist Church", "src": "osm", "osm": "r10754520", "religion": "christian"}}, {"type": "Feature", "geometry": {"type": "Point", "coordinates": [-90.062959, 35.108338]}, "properties": {"name": "Mount Zion African Methodist Episcopal Church", "src": "osm", "osm": "r10777902", "religion": "christian"}}, {"type": "Feature", "geometry": {"type": "Point", "coordinates": [-90.04276, 35.134237]}, "properties": {"name": "Greater Love Miracle Center Church", "src": "osm", "osm": "r10790945", "religion": "christian", "street": "585 Vance Avenue"}}, {"type": "Feature", "geometry": {"type": "Point", "coordinates": [-90.048608, 35.147787]}, "properties": {"name": "Saint Peter Catholic Church", "src": "osm", "osm": "r10816708", "religion": "christian", "street": "190 Adams Avenue"}}, {"type": "Feature", "geometry": {"type": "Point", "coordinates": [-89.790399, 35.18112]}, "properties": {"name": "St. Francis of Assisi Catholic Church", "src": "osm", "osm": "r11572969", "religion": "christian", "street": "8151 Chimney Rock Boulevard"}}, {"type": "Feature", "geometry": {"type": "Point", "coordinates": [-90.04229, 35.13461]}, "properties": {"name": "AMEC Building (African Methodist Episcopal Church)", "src": "local", "religion": "christian", "note": "Held by this project. OpenStreetMap does not tag it as a place of worship."}}, {"type": "Feature", "geometry": {"type": "Point", "coordinates": [-90.05109, 35.13655]}, "properties": {"name": "Historic Clayborn Temple", "src": "local", "religion": "christian", "note": "Held by this project. OpenStreetMap does not tag it as a place of worship."}}]}