{"type": "FeatureCollection", "band": "0.2% annual chance (500-year). FEMA zone X, subtype 0.2 PCT ANNUAL CHANCE FLOOD HAZARD. This band lies OUTSIDE the 100-year zone, not on top of it.", "source": "FEMA National Flood Hazard Layer (S_FLD_HAZ_AR), retrieved 2026-08-03. Clipped to Memphis plus a margin that contains both 5-mile data-centre rings, dissolved, slivers under 5,000 m2 dropped, simplified to 3% topology-preserving for drawing. The simplified outline disagrees with the full-resolution one on about 1.5% of its area (2.7% for the 500-year band). Every published percentage is computed from the FULL-RESOLUTION geometry, never from this file.", "features": [{"type": "Feature", "geometry": {"type": "Polygon", "coordinates": [[[-90.1562, 34.8803], [-90.1558, 34.88], [-90.1545, 34.88], [-90.1548, 34.8805], [-90.1541, 34.8812], [-90.1528, 34.8822], [-90.1526, 34.8826], [-90.1532, 34.8827], [-90.1536, 34.8824], [-90.1546, 34.8821], [-90.1549, 34.8819], [-90.1555, 34.8819], [-90.1563, 34.8822], [-90.1562, 34.8803]]]}, "properties": {"zone": "X500"}}, {"type": "Feature", "geometry": {"type": "Polygon", "coordinates": [[[-90.151, 34.9053], [-90.1514, 34.9063], [-90.1517, 34.9057], [-90.152, 34.9046], [-90.1525, 34.9044], [-90.1533, 34.9043], [-90.1525, 34.9039], [-90.1524, 34.9035], [-90.1529, 34.9033], [-90.1529, 34.9028], [-90.1534, 34.9022], [-90.1533, 34.9019], [-90.1538, 34.9012], [-90.1551, 34.9001], [-90.1551, 34.8998], [-90.1555, 34.8992], [-90.156, 34.8992], [-90.1563, 34.8988], [-90.1563, 34.8945], [-90.1561, 34.8951], [-90.1556, 34.8957], [-90.1554, 34.8962], [-90.1558, 34.8964], [-90.1549, 34.8978], [-90.1543, 34.8985], [-90.1538, 34.9], [-90.1528, 34.9016], [-90.1525, 34.9024], [-90.1516, 34.9046], [-90.1509, 34.9051], [-90.151, 34.9053]]]}, "properties": {"zone": "X500"}}, {"type": "Feature", "geometry": {"type": "Polygon", "coordinates": [[[-90.1251, 34.898], [-90.1252, 34.8983], [-90.1257, 34.8985], [-90.126, 34.899], [-90.1257, 34.8996], [-90.1258, 34.8998], [-90.1256, 34.9005], [-90.1261, 34.9007], [-90.126, 34.9011], [-90.1263, 34.9014], [-90.1269, 34.9018], [-90.1267, 34.9024], [-90.1272, 34.9026], [-90.1279, 34.9023], [-90.1286, 34.9018], [-90.1293, 34.9019], [-90.1294, 34.9026], [-90.1285, 34.9044], [-90.1288, 34.9048], [-90.129, 34.9058], [-90.129, 34.9063], [-90.131, 34.9063], [-90.1304, 34.906], [-90.1304, 34.9052], [-90.1298, 34.9057], [-90.1293, 34.9056], [-90.1294, 34.905], [-90.1288, 34.9041], [-90.129, 34.9034], [-90.1294, 34.903], [-90.1298, 34.9023], [-90.1311, 34.9012], [-90.1311, 34.8999], [-90.1308, 34.9], [-90.1302, 34.9007], [-90.1294, 34.9008], [-90.129, 34.9006], [-90.1286, 34.9016], [-90.1275, 34.9023], [-90.1268, 34.9023], [-90.127, 34.9018], [-90.1263, 34.9014], [-90.1261, 34.9011], [-90.1264, 34.9005], [-90.126, 34.9006], [-90.1257, 34.9004], [-90.1259, 34.8999], [-90.1258, 34.8993], [-90.1266, 34.8989], [-90.126, 34.8987], [-90.1259, 34.8985], [-90.1255, 34.8984], [-90.1251, 34.898]]]}, "properties": {"zone": "X500"}}, {"type": "Feature", "geometry": {"type": "Polygon", "coordinates": [[[-90.1475, 34.9061], [-90.1489, 34.9063], [-90.1488, 34.9059], [-90.1481, 34.9059], [-90.1485, 34.9054], [-90.1476, 34.905], [-90.1476, 34.9045], [-90.1482, 34.9045], [-90.1486, 34.9043], [-90.1486, 34.9037], [-90.1486, 34.9036], [-90.1482, 34.9035], [-90.148, 34.9026], [-90.1473, 34.9022], [-90.1473, 34.9016], [-90.147, 34.9011], [-90.1468, 34.9004], [-90.1465, 34.9004], [-90.1459, 34.8997], [-90.1454, 34.9005], [-90.1456, 34.9013], [-90.1455, 34.9017], [-90.1459, 34.9021], [-90.146, 34.9026], [-90.1464, 34.9033], [-90.1468, 34.9036], [-90.1464, 34.9042], [-90.1473, 34.9043], [-90.1474, 34.905], [-90.1482, 34.9055], [-90.1481, 34.9057], [-90.1475, 34.9061]], [[-90.1482, 34.9041], [-90.1467, 34.9041], [-90.147, 34.9037], [-90.1468, 34.9035], [-90.148, 34.9033], [-90.1481, 34.9035], [-90.1486, 34.9036], [-90.1485, 34.904], [-90.1482, 34.9041]]]}, "properties": {"zone": "X500"}}, {"type": "Feature", "geometry": {"type": "Polygon", "coordinates": [[[-90.1251, 34.9048], [-90.1253, 34.9053], [-90.1258, 34.905], [-90.1266, 34.9049], [-90.1266, 34.9056], [-90.1268, 34.9063], [-90.128, 34.9063], [-90.1274, 34.9053], [-90.1272, 34.9046], [-90.1269, 34.9043], [-90.126, 34.9042], [-90.1258, 34.9045], [-90.1251, 34.9048]]]}, "properties": {"zone": "X500"}}, {"type": "Feature", "geometry": {"type": "Polygon", "coordinates": [[[-90.0531, 34.9712], [-90.0532, 34.9704], [-90.0531, 34.9702], [-90.0533, 34.97], [-90.0539, 34.9696], [-90.0542, 34.9688], [-90.0545, 34.9686], [-90.0551, 34.968], [-90.0551, 34.967], [-90.0554, 34.9667], [-90.0554, 34.9663], [-90.0551, 34.9662], [-90.055, 34.9668], [-90.055, 34.968], [-90.0545, 34.9686], [-90.0541, 34.9688], [-90.0539, 34.9696], [-90.0531, 34.9701], [-90.0531, 34.9702], [-90.0531, 34.9703], [-90.0532, 34.9704], [-90.0531, 34.9712]]]}, "properties": {"zone": "X500"}}, {"type": "Feature", "geometry": {"type": "Polygon", "coordinates": [[[-90.0584, 34.9793], [-90.0584, 34.98], [-90.0589, 34.9803], [-90.0596, 34.9801], [-90.0594, 34.9797], [-90.0584, 34.9793]], [[-90.0587, 34.9794], [-90.0591, 34.9797], [-90.0589, 34.9801], [-90.0584, 34.9799], [-90.0587, 34.9794]]]}, "properties": {"zone": "X500"}}, {"type": "Feature", "geometry": {"type": "Polygon", "coordinates": [[[-90.1483, 34.9693], [-90.1485, 34.9688], [-90.1384, 34.9688], [-90.1382, 34.9693], [-90.1381, 34.9704], [-90.1383, 34.9709], [-90.1382, 34.9717], [-90.1384, 34.9723], [-90.1384, 34.9739], [-90.1386, 34.9744], [-90.1384, 34.975], [-90.1387, 34.9772], [-90.1385, 34.9779], [-90.1387, 34.9782], [-90.1386, 34.9788], [-90.1388, 34.9809], [-90.1383, 34.9817], [-90.1389, 34.9818], [-90.1381, 34.983], [-90.1388, 34.9829], [-90.1393, 34.9857], [-90.1397, 34.9862], [-90.1399, 34.9872], [-90.1396, 34.9881], [-90.1397, 34.9889], [-90.1393, 34.9896], [-90.1388, 34.9893], [-90.1381, 34.9896], [-90.1374, 34.9897], [-90.1367, 34.9899], [-90.1355, 34.9892], [-90.1353, 34.9894], [-90.1353, 34.9901], [-90.136, 34.9903], [-90.1366, 34.9908], [-90.1372, 34.9906], [-90.1388, 34.9907], [-90.1382, 34.9915], [-90.1368, 34.9924], [-90.1369, 34.9927], [-90.1375, 34.9929], [-90.1368, 34.9944], [-90.1366, 34.9945], [-90.1355, 34.9935], [-90.1347, 34.9933], [-90.1356, 34.9943], [-90.1346, 34.9944], [-90.1347, 34.9948], [-90.1369, 34.9948], [-90.1374, 34.994], [-90.1381, 34.9934], [-90.1377, 34.993], [-90.1378, 34.9926], [-90.1384, 34.9924], [-90.1386, 34.9931], [-90.139, 34.9931], [-90.1391, 34.9925], [-90.1399, 34.9925], [-90.1401, 34.9922], [-90.1408, 34.9921], [-90.141, 34.9915], [-90.1408, 34.9903], [-90.1407, 34.9893], [-90.1408, 34.9884], [-90.141, 34.9882], [-90.1412, 34.9874], [-90.1433, 34.9817], [-90.1439, 34.9802], [-90.1442, 34.98], [-90.1442, 34.9796], [-90.1452, 34.9784], [-90.146, 34.9777], [-90.1483, 34.976], [-90.1499, 34.9751], [-90.1508, 34.9747], [-90.1549, 34.9736], [-90.1563, 34.9733], [-90.1563, 34.9722], [-90.1545, 34.9727], [-90.1532, 34.973], [-90.1515, 34.9735], [-90.15, 34.9734], [-90.1478, 34.9745], [-90.1466, 34.9753], [-90.1457, 34.9761], [-90.1458, 34.9753], [-90.1462, 34.9745], [-90.1463, 34.974], [-90.1467, 34.9738], [-90.1467, 34.9733], [-90.1473, 34.9718], [-90.1476, 34.9711], [-90.1484, 34.9712], [-90.1489, 34.9706], [-90.1483, 34.9693]], [[-90.1402, 34.9916], [-90.1403, 34.9911], [-90.1402, 34.9905], [-90.1408, 34.9905], [-90.1409, 34.9915], [-90.1402, 34.9916]], [[-90.1404, 34.9865], [-90.1399, 34.9864], [-90.1397, 34.9854], [-90.1393, 34.9848], [-90.1391, 34.9835], [-90.1392, 34.9831], [-90.1389, 34.9822], [-90.1393, 34.9821], [-90.1411, 34.9819], [-90.1422, 34.9815], [-90.1434, 34.9807], [-90.1432, 34.9815], [-90.1428, 34.9821], [-90.1424, 34.9835], [-90.1411, 34.9868], [-90.1404, 34.9865]]]}, "properties": {"zone": "X500"}}, {"type": "Feature", "geometry": {"type": "Polygon", "coordinates": [[[-90.0844, 34.9918], [-90.0838, 34.9914], [-90.083, 34.9911], [-90.0824, 34.9911], [-90.0817, 34.9917], [-90.0812, 34.9914], [-90.0813, 34.9909], [-90.0811, 34.9902], [-90.0808, 34.9897], [-90.0818, 34.9896], [-90.0825, 34.9893], [-90.0822, 34.9887], [-90.0816, 34.9891], [-90.0813, 34.9891], [-90.0811, 34.9885], [-90.0803, 34.9885], [-90.0798, 34.9882], [-90.0801, 34.9877], [-90.08, 34.9876], [-90.0794, 34.9875], [-90.0793, 34.9874], [-90.0792, 34.9872], [-90.0796, 34.987], [-90.0797, 34.9868], [-90.0797, 34.9866], [-90.0797, 34.9863], [-90.0791, 34.9862], [-90.0787, 34.9857], [-90.0787, 34.985], [-90.0784, 34.9847], [-90.0784, 34.9846], [-90.0784, 34.9843], [-90.0785, 34.984], [-90.0783, 34.9836], [-90.0783, 34.9834], [-90.0791, 34.983], [-90.0791, 34.9827], [-90.0788, 34.9824], [-90.0788, 34.9823], [-90.0789, 34.982], [-90.0798, 34.982], [-90.0804, 34.9818], [-90.08, 34.9813], [-90.0794, 34.9811], [-90.079, 34.9799], [-90.0792, 34.9794], [-90.0785, 34.9793], [-90.0786, 34.9787], [-90.0784, 34.9775], [-90.0781, 34.9772], [-90.0771, 34.9771], [-90.0762, 34.9773], [-90.0761, 34.9777], [-90.0761, 34.9788], [-90.0759, 34.9791], [-90.0759, 34.9798], [-90.0753, 34.9802], [-90.0752, 34.9804], [-90.0749, 34.9804], [-90.0746, 34.9801], [-90.0742, 34.9801], [-90.0743, 34.9804], [-90.0747, 34.9809], [-90.0746, 34.981], [-90.0731, 34.9812], [-90.0727, 34.9808], [-90.0718, 34.9808], [-90.0712, 34.9805], [-90.0711, 34.9801], [-90.0709, 34.9798], [-90.0699, 34.9794], [-90.07, 34.9787], [-90.0697, 34.9781], [-90.0698, 34.9776], [-90.0695, 34.9776], [-90.0689, 34.9787], [-90.0687, 34.9788], [-90.0685, 34.9796], [-90.0681, 34.9796], [-90.0674, 34.9792], [-90.0678, 34.9785], [-90.0675, 34.9779], [-90.0675, 34.9772], [-90.0671, 34.9769], [-90.0667, 34.977], [-90.0664, 34.9767], [-90.0662, 34.9763], [-90.0659, 34.9765], [-90.0658, 34.9769], [-90.0656, 34.977], [-90.0654, 34.977], [-90.065, 34.977], [-90.0648, 34.9765], [-90.065, 34.9758], [-90.0648, 34.9755], [-90.0642, 34.9755], [-90.0637, 34.9759], [-90.0636, 34.9763], [-90.0633, 34.9765], [-90.0615, 34.9764], [-90.061, 34.9769], [-90.0614, 34.977], [-90.0617, 34.9765], [-90.0633, 34.9765], [-90.0636, 34.9763], [-90.0637, 34.9759], [-90.0642, 34.9755], [-90.0649, 34.9758], [-90.0647, 34.9766], [-90.0649, 34.977], [-90.0655, 34.977], [-90.0657, 34.977], [-90.0658, 34.9769], [-90.066, 34.9765], [-90.0667, 34.977], [-90.0672, 34.977], [-90.0675, 34.9773], [-90.0674, 34.978], [-90.0676, 34.9785], [-90.0673, 34.9792], [-90.0681, 34.9797], [-90.0685, 34.9796], [-90.0688, 34.9789], [-90.0698, 34.9778], [-90.0697, 34.978], [-90.0697, 34.9783], [-90.07, 34.9786], [-90.0699, 34.9794], [-90.071, 34.98], [-90.0711, 34.9805], [-90.072, 34.981], [-90.0724, 34.9809], [-90.0731, 34.9812], [-90.0746, 34.9811], [-90.0748, 34.9809], [-90.0743, 34.9802], [-90.0747, 34.9801], [-90.0749, 34.9805], [-90.0751, 34.9806], [-90.076, 34.9797], [-90.0759, 34.9792], [-90.0762, 34.9787], [-90.0762, 34.9777], [-90.0763, 34.9773], [-90.077, 34.9772], [-90.0782, 34.9773], [-90.0785, 34.9788], [-90.0785, 34.9793], [-90.0791, 34.9794], [-90.0789, 34.9801], [-90.0795, 34.9812], [-90.08, 34.9814], [-90.0803, 34.9818], [-90.0798, 34.982], [-90.0789, 34.9819], [-90.0788, 34.982], [-90.0787, 34.9824], [-90.0791, 34.983], [-90.0785, 34.9833], [-90.0783, 34.9835], [-90.0783, 34.9836], [-90.0785, 34.984], [-90.0784, 34.9843], [-90.0783, 34.9846], [-90.0784, 34.9848], [-90.0787, 34.985], [-90.0787, 34.9857], [-90.0791, 34.9862], [-90.0797, 34.9864], [-90.0797, 34.9866], [-90.0797, 34.9868], [-90.0795, 34.987], [-90.0792, 34.9871], [-90.0792, 34.9873], [-90.0792, 34.9874], [-90.0793, 34.9875], [-90.0801, 34.9877], [-90.0798, 34.9882], [-90.0804, 34.9886], [-90.081, 34.9886], [-90.0812, 34.9891], [-90.0817, 34.9891], [-90.0822, 34.9888], [-90.0824, 34.9893], [-90.0818, 34.9895], [-90.0808, 34.9897], [-90.0811, 34.9902], [-90.0812, 34.9909], [-90.0812, 34.9915], [-90.0817, 34.9918], [-90.0824, 34.9912], [-90.0836, 34.9914], [-90.0844, 34.9918]]]}, "properties": {"zone": "X500"}}, {"type": "Feature", "geometry": {"type": "Polygon", "coordinates": [[[-90.0748, 34.9928], [-90.0754, 34.9935], [-90.0764, 34.9936], [-90.0765, 34.994], [-90.0769, 34.9942], [-90.0772, 34.9939], [-90.0773, 34.9935], [-90.077, 34.9924], [-90.0762, 34.9922], [-90.0761, 34.9925], [-90.0761, 34.9932], [-90.0753, 34.9933], [-90.0749, 34.9924], [-90.0744, 34.9918], [-90.0734, 34.9918], [-90.0733, 34.9915], [-90.0735, 34.991], [-90.0755, 34.9902], [-90.0754, 34.99], [-90.0749, 34.9896], [-90.0741, 34.9894], [-90.0735, 34.989], [-90.0734, 34.9878], [-90.073, 34.9875], [-90.073, 34.9869], [-90.0727, 34.9866], [-90.0721, 34.9868], [-90.0718, 34.9879], [-90.0711, 34.9882], [-90.0705, 34.9878], [-90.0688, 34.9879], [-90.0667, 34.9873], [-90.0656, 34.9872], [-90.0649, 34.9874], [-90.0644, 34.9871], [-90.0635, 34.9867], [-90.0631, 34.9863], [-90.0631, 34.9858], [-90.0626, 34.9858], [-90.062, 34.986], [-90.0614, 34.9857], [-90.0622, 34.9852], [-90.0618, 34.9848], [-90.0613, 34.985], [-90.0606, 34.9848], [-90.0606, 34.9854], [-90.0604, 34.9862], [-90.0599, 34.9869], [-90.0594, 34.9865], [-90.0594, 34.9857], [-90.0585, 34.9854], [-90.0581, 34.9854], [-90.0572, 34.9858], [-90.0569, 34.986], [-90.0564, 34.9859], [-90.0557, 34.9863], [-90.0547, 34.9865], [-90.0542, 34.9861], [-90.0539, 34.9864], [-90.0538, 34.9872], [-90.0535, 34.9876], [-90.0534, 34.9879], [-90.0533, 34.988], [-90.0533, 34.9881], [-90.0534, 34.9882], [-90.0533, 34.9886], [-90.0531, 34.9888], [-90.0532, 34.989], [-90.0531, 34.9895], [-90.053, 34.99], [-90.0526, 34.9902], [-90.0523, 34.9888], [-90.0522, 34.9879], [-90.0518, 34.9868], [-90.0516, 34.9858], [-90.0518, 34.9855], [-90.0522, 34.9852], [-90.0528, 34.985], [-90.053, 34.9848], [-90.053, 34.9845], [-90.0526, 34.9844], [-90.0519, 34.9845], [-90.0517, 34.9842], [-90.0517, 34.9836], [-90.0511, 34.9834], [-90.0507, 34.9829], [-90.0493, 34.9832], [-90.0489, 34.9838], [-90.0488, 34.9841], [-90.049, 34.9845], [-90.048, 34.9854], [-90.0471, 34.9859], [-90.0469, 34.9854], [-90.0475, 34.9845], [-90.0472, 34.9841], [-90.0469, 34.984], [-90.0467, 34.9835], [-90.047, 34.9831], [-90.0477, 34.9826], [-90.0478, 34.9819], [-90.0477, 34.9808], [-90.0472, 34.9804], [-90.0475, 34.9815], [-90.0477, 34.982], [-90.0476, 34.9826], [-90.0471, 34.9829], [-90.0466, 34.9835], [-90.0468, 34.9841], [-90.0471, 34.9842], [-90.0473, 34.9848], [-90.0466, 34.9856], [-90.0468, 34.9861], [-90.0472, 34.9861], [-90.0486, 34.9851], [-90.049, 34.9845], [-90.049, 34.9838], [-90.0494, 34.9832], [-90.0506, 34.983], [-90.051, 34.9835], [-90.0516, 34.9837], [-90.0516, 34.9842], [-90.0518, 34.9845], [-90.0521, 34.9845], [-90.0525, 34.9844], [-90.053, 34.9845], [-90.053, 34.9848], [-90.0528, 34.985], [-90.0522, 34.9852], [-90.0519, 34.9853], [-90.0515, 34.9858], [-90.0515, 34.9868], [-90.0519, 34.9874], [-90.0521, 34.9895], [-90.0524, 34.9905], [-90.0529, 34.991], [-90.0532, 34.9903], [-90.0531, 34.9895], [-90.0532, 34.9891], [-90.0532, 34.9888], [-90.0533, 34.9887], [-90.0535, 34.9883], [-90.0534, 34.9881], [-90.0536, 34.9877], [-90.0539, 34.9871], [-90.0539, 34.9866], [-90.0555, 34.9866], [-90.0561, 34.9861], [-90.0566, 34.986], [-90.0571, 34.9862], [-90.0577, 34.9857], [-90.0582, 34.9856], [-90.0589, 34.9858], [-90.0592, 34.9864], [-90.0588, 34.9868], [-90.0597, 34.9874], [-90.0599, 34.9873], [-90.0606, 34.9864], [-90.061, 34.9862], [-90.0618, 34.9867], [-90.0624, 34.9865], [-90.0626, 34.9859], [-90.0635, 34.9868], [-90.0644, 34.9873], [-90.0645, 34.9877], [-90.0653, 34.9874], [-90.0659, 34.9874], [-90.0684, 34.988], [-90.0696, 34.9882], [-90.0706, 34.988], [-90.0713, 34.9884], [-90.0717, 34.9882], [-90.0721, 34.9874], [-90.0723, 34.9868], [-90.0728, 34.9868], [-90.0729, 34.9875], [-90.0733, 34.9878], [-90.0732, 34.9885], [-90.0734, 34.989], [-90.0743, 34.9896], [-90.0748, 34.9896], [-90.0753, 34.9903], [-90.0734, 34.991], [-90.0731, 34.9919], [-90.0743, 34.992], [-90.0748, 34.9928]]]}, "properties": {"zone": "X500"}}, {"type": "Feature", "geometry": {"type": "Polygon", "coordinates": [[[-90.0559, 35.0259], [-90.056, 35.0263], [-90.0566, 35.0262], [-90.0584, 35.0264], [-90.0586, 35.0266], [-90.0601, 35.0268], [-90.0595, 35.026], [-90.0596, 35.0256], [-90.0593, 35.0253], [-90.0587, 35.0254], [-90.0586, 35.0238], [-90.0584, 35.0239], [-90.0583, 35.0252], [-90.0578, 35.0251], [-90.0572, 35.0258], [-90.0565, 35.0254], [-90.0559, 35.0259]]]}, "properties": {"zone": "X500"}}, {"type": "Feature", "geometry": {"type": "Polygon", "coordinates": [[[-90.0556, 35.0271], [-90.0556, 35.0269], [-90.0552, 35.0268], [-90.0543, 35.0266], [-90.0509, 35.0263], [-90.0509, 35.0264], [-90.0542, 35.0267], [-90.0553, 35.0269], [-90.0549, 35.0272], [-90.0548, 35.0277], [-90.0552, 35.0281], [-90.0555, 35.0282], [-90.0568, 35.0276], [-90.0571, 35.027], [-90.0566, 35.0271], [-90.0563, 35.0277], [-90.056, 35.0279], [-90.0551, 35.028], [-90.0548, 35.0277], [-90.0551, 35.0272], [-90.0556, 35.0271]]]}, "properties": {"zone": "X500"}}, {"type": "Feature", "geometry": {"type": "Polygon", "coordinates": [[[-90.0578, 35.0274], [-90.0581, 35.0275], [-90.0578, 35.0279], [-90.0584, 35.0283], [-90.0586, 35.0288], [-90.059, 35.0289], [-90.0596, 35.0295], [-90.0607, 35.03], [-90.0612, 35.0305], [-90.0616, 35.0307], [-90.0621, 35.0311], [-90.0629, 35.0308], [-90.0619, 35.0308], [-90.0611, 35.0303], [-90.0608, 35.03], [-90.0601, 35.0296], [-90.0596, 35.0293], [-90.0594, 35.0289], [-90.0586, 35.0286], [-90.0584, 35.0283], [-90.058, 35.028], [-90.0582, 35.0274], [-90.0578, 35.0274]]]}, "properties": {"zone": "X500"}}, {"type": "Feature", "geometry": {"type": "Polygon", "coordinates": [[[-90.0708, 35.0337], [-90.0715, 35.0346], [-90.0721, 35.0346], [-90.0728, 35.0342], [-90.0728, 35.0337], [-90.0715, 35.0338], [-90.0708, 35.0337]]]}, "properties": {"zone": "X500"}}, {"type": "Feature", "geometry": {"type": "Polygon", "coordinates": [[[-90.0762, 35.0363], [-90.0764, 35.0357], [-90.0782, 35.0361], [-90.0781, 35.0358], [-90.0771, 35.0357], [-90.0765, 35.0355], [-90.0762, 35.0363]]]}, "properties": {"zone": "X500"}}, {"type": "Feature", "geometry": {"type": "Polygon", "coordinates": [[[-90.0774, 35.0384], [-90.0774, 35.0389], [-90.0777, 35.0391], [-90.0785, 35.0387], [-90.0792, 35.039], [-90.0806, 35.0393], [-90.0812, 35.0397], [-90.0814, 35.0394], [-90.0805, 35.0393], [-90.0798, 35.0389], [-90.0784, 35.0385], [-90.0778, 35.0389], [-90.0774, 35.0384]]]}, "properties": {"zone": "X500"}}, {"type": "Feature", "geometry": {"type": "Polygon", "coordinates": [[[-90.0888, 35.0382], [-90.0882, 35.0384], [-90.0879, 35.0389], [-90.0881, 35.0389], [-90.0884, 35.0385], [-90.0888, 35.0382]]]}, "properties": {"zone": "X500"}}, {"type": "Feature", "geometry": {"type": "Polygon", "coordinates": [[[-90.0857, 35.0431], [-90.0851, 35.0432], [-90.0865, 35.0438], [-90.0861, 35.0433], [-90.0857, 35.0431]]]}, "properties": {"zone": "X500"}}, {"type": "Feature", "geometry": {"type": "Polygon", "coordinates": [[[-90.0946, 35.0465], [-90.0956, 35.0469], [-90.0945, 35.0471], [-90.0943, 35.0477], [-90.0938, 35.0476], [-90.0933, 35.0477], [-90.0928, 35.0476], [-90.0918, 35.0481], [-90.0908, 35.0479], [-90.0903, 35.0492], [-90.0903, 35.0497], [-90.0904, 35.0505], [-90.0916, 35.0503], [-90.0906, 35.0498], [-90.0904, 35.0491], [-90.0908, 35.048], [-90.0921, 35.0483], [-90.0926, 35.0478], [-90.0937, 35.0477], [-90.0949, 35.0479], [-90.096, 35.0478], [-90.096, 35.0473], [-90.0963, 35.0467], [-90.0955, 35.0465], [-90.0946, 35.0465]]]}, "properties": {"zone": "X500"}}, {"type": "Feature", "geometry": {"type": "Polygon", "coordinates": [[[-90.0822, 35.0501], [-90.0819, 35.0498], [-90.0811, 35.0496], [-90.08, 35.0496], [-90.0798, 35.0499], [-90.0808, 35.0503], [-90.0818, 35.0511], [-90.0817, 35.0514], [-90.0806, 35.0524], [-90.0812, 35.0524], [-90.0823, 35.0519], [-90.0833, 35.0525], [-90.0833, 35.0529], [-90.0829, 35.0536], [-90.083, 35.0538], [-90.0845, 35.0531], [-90.0847, 35.0536], [-90.0857, 35.0539], [-90.0863, 35.0539], [-90.0861, 35.0543], [-90.0869, 35.0548], [-90.0852, 35.0555], [-90.0851, 35.0558], [-90.087, 35.0557], [-90.0873, 35.0562], [-90.0878, 35.0564], [-90.0879, 35.0568], [-90.0878, 35.0573], [-90.0877, 35.0575], [-90.0876, 35.0576], [-90.0875, 35.0576], [-90.0867, 35.0573], [-90.0865, 35.0577], [-90.0864, 35.0579], [-90.0865, 35.0582], [-90.0864, 35.0584], [-90.0858, 35.0585], [-90.0849, 35.0591], [-90.0849, 35.0596], [-90.0856, 35.0594], [-90.0859, 35.0595], [-90.0863, 35.0591], [-90.0867, 35.0592], [-90.0875, 35.0588], [-90.0879, 35.0595], [-90.0883, 35.059], [-90.0892, 35.059], [-90.0895, 35.0594], [-90.0891, 35.0599], [-90.0899, 35.06], [-90.09, 35.0603], [-90.0895, 35.0605], [-90.0894, 35.0609], [-90.09, 35.0609], [-90.0905, 35.0607], [-90.0909, 35.0611], [-90.0905, 35.0617], [-90.0897, 35.0619], [-90.0894, 35.0625], [-90.0896, 35.0631], [-90.0887, 35.0633], [-90.089, 35.0642], [-90.0885, 35.0643], [-90.088, 35.0648], [-90.0885, 35.0649], [-90.0894, 35.0646], [-90.0903, 35.064], [-90.0916, 35.0645], [-90.0916, 35.0649], [-90.091, 35.0657], [-90.0907, 35.0659], [-90.0903, 35.0653], [-90.0897, 35.0652], [-90.0898, 35.0658], [-90.0894, 35.0663], [-90.0892, 35.0668], [-90.0906, 35.0664], [-90.0911, 35.0664], [-90.0923, 35.0656], [-90.0928, 35.0654], [-90.0948, 35.0633], [-90.0942, 35.0635], [-90.0924, 35.0652], [-90.0923, 35.0643], [-90.0908, 35.0639], [-90.0911, 35.0634], [-90.0906, 35.0632], [-90.0899, 35.0637], [-90.0895, 35.0636], [-90.0899, 35.063], [-90.0904, 35.0625], [-90.0902, 35.0622], [-90.0911, 35.0615], [-90.0912, 35.0611], [-90.091, 35.0606], [-90.0901, 35.0604], [-90.0907, 35.0598], [-90.0904, 35.0595], [-90.09, 35.0596], [-90.0896, 35.059], [-90.089, 35.0583], [-90.0886, 35.0581], [-90.0881, 35.0583], [-90.0878, 35.0587], [-90.0872, 35.0587], [-90.0867, 35.059], [-90.0862, 35.059], [-90.0856, 35.0593], [-90.0855, 35.0588], [-90.086, 35.0585], [-90.0864, 35.0584], [-90.0866, 35.0583], [-90.0869, 35.0575], [-90.0877, 35.0576], [-90.0878, 35.0576], [-90.0878, 35.0574], [-90.0882, 35.0557], [-90.088, 35.0554], [-90.0874, 35.0554], [-90.0856, 35.0556], [-90.0863, 35.0552], [-90.0871, 35.0549], [-90.0864, 35.0545], [-90.0866, 35.0537], [-90.0859, 35.0536], [-90.0845, 35.0529], [-90.0837, 35.0533], [-90.0834, 35.0533], [-90.0833, 35.0523], [-90.0825, 35.0518], [-90.0814, 35.0519], [-90.082, 35.0511], [-90.0817, 35.0507], [-90.0822, 35.0501]]]}, "properties": {"zone": "X500"}}, {"type": "Feature", "geometry": {"type": "Polygon", "coordinates": [[[-90.0968, 35.0658], [-90.0978, 35.0653], [-90.0973, 35.0661], [-90.0963, 35.0668], [-90.0965, 35.0671], [-90.0977, 35.0669], [-90.1, 35.0668], [-90.1002, 35.0665], [-90.1, 35.066], [-90.099, 35.066], [-90.0991, 35.0654], [-90.0984, 35.0648], [-90.0979, 35.066], [-90.0976, 35.0659], [-90.0979, 35.0653], [-90.0977, 35.0646], [-90.097, 35.0643], [-90.0969, 35.0639], [-90.0966, 35.0634], [-90.097, 35.0634], [-90.0976, 35.0639], [-90.0979, 35.0635], [-90.0979, 35.0628], [-90.0983, 35.0626], [-90.0985, 35.062], [-90.0979, 35.0619], [-90.0979, 35.0615], [-90.0971, 35.0611], [-90.0967, 35.0616], [-90.0965, 35.0623], [-90.0959, 35.0627], [-90.0954, 35.0623], [-90.096, 35.0617], [-90.0958, 35.0609], [-90.0959, 35.0607], [-90.0967, 35.0605], [-90.0965, 35.06], [-90.0977, 35.0592], [-90.0972, 35.0588], [-90.0967, 35.0593], [-90.0958, 35.0596], [-90.0949, 35.0602], [-90.0949, 35.0596], [-90.0953, 35.0592], [-90.0953, 35.059], [-90.0948, 35.0586], [-90.0956, 35.0573], [-90.0943, 35.0577], [-90.0942, 35.0573], [-90.0944, 35.057], [-90.0944, 35.0558], [-90.0942, 35.0556], [-90.0935, 35.0554], [-90.0935, 35.0557], [-90.094, 35.0562], [-90.0942, 35.0566], [-90.0942, 35.0571], [-90.0933, 35.0577], [-90.0944, 35.0582], [-90.0942, 35.0587], [-90.095, 35.059], [-90.0952, 35.0592], [-90.0946, 35.0596], [-90.0947, 35.0602], [-90.095, 35.0603], [-90.096, 35.0596], [-90.0964, 35.0599], [-90.0959, 35.0605], [-90.0958, 35.0609], [-90.0958, 35.0617], [-90.0953, 35.0623], [-90.0956, 35.0629], [-90.0966, 35.0624], [-90.0967, 35.0619], [-90.0977, 35.0621], [-90.0982, 35.0625], [-90.0975, 35.0627], [-90.0973, 35.0633], [-90.0966, 35.0632], [-90.0965, 35.0635], [-90.0968, 35.0641], [-90.097, 35.0643], [-90.0974, 35.0645], [-90.0976, 35.0647], [-90.0968, 35.0658]]]}, "properties": {"zone": "X500"}}, {"type": "Feature", "geometry": {"type": "Polygon", "coordinates": [[[-90.0999, 35.0685], [-90.0997, 35.0687], [-90.0988, 35.0687], [-90.0975, 35.069], [-90.0976, 35.0692], [-90.0992, 35.069], [-90.1002, 35.0691], [-90.0999, 35.0685]]]}, "properties": {"zone": "X500"}}, {"type": "Feature", "geometry": {"type": "Polygon", "coordinates": [[[-90.0587, 35.0715], [-90.059, 35.072], [-90.0595, 35.0722], [-90.0608, 35.072], [-90.0611, 35.0711], [-90.0616, 35.0706], [-90.0609, 35.0704], [-90.0614, 35.07], [-90.0611, 35.0696], [-90.061, 35.0689], [-90.062, 35.0686], [-90.0628, 35.0686], [-90.0633, 35.0684], [-90.065, 35.0688], [-90.0649, 35.069], [-90.0642, 35.0695], [-90.0631, 35.0707], [-90.0626, 35.0715], [-90.0622, 35.0731], [-90.061, 35.0733], [-90.0608, 35.0728], [-90.0605, 35.0727], [-90.0598, 35.0727], [-90.0591, 35.0731], [-90.0589, 35.0735], [-90.0595, 35.074], [-90.0623, 35.0731], [-90.0626, 35.0716], [-90.0631, 35.0708], [-90.0638, 35.07], [-90.0653, 35.0688], [-90.0653, 35.0686], [-90.0644, 35.0683], [-90.0646, 35.0678], [-90.0636, 35.0675], [-90.0635, 35.0682], [-90.063, 35.0684], [-90.0621, 35.0685], [-90.062, 35.068], [-90.0612, 35.0686], [-90.0604, 35.0687], [-90.061, 35.0692], [-90.061, 35.0699], [-90.0606, 35.0705], [-90.061, 35.0708], [-90.0607, 35.0716], [-90.0603, 35.0719], [-90.0593, 35.0719], [-90.0587, 35.0715]], [[-90.0594, 35.0734], [-90.0597, 35.0728], [-90.0601, 35.0727], [-90.0607, 35.0729], [-90.0608, 35.0733], [-90.0596, 35.0737], [-90.0594, 35.0734]]]}, "properties": {"zone": "X500"}}, {"type": "Feature", "geometry": {"type": "Polygon", "coordinates": [[[-90.0646, 35.0718], [-90.0646, 35.0725], [-90.0648, 35.0726], [-90.0656, 35.0722], [-90.0666, 35.0715], [-90.0673, 35.0707], [-90.0655, 35.0715], [-90.0653, 35.0711], [-90.0648, 35.0712], [-90.0646, 35.0718]]]}, "properties": {"zone": "X500"}}, {"type": "Feature", "geometry": {"type": "Polygon", "coordinates": [[[-90.2911, 35.0775], [-90.2913, 35.0786], [-90.2912, 35.0796], [-90.2913, 35.0807], [-90.2833, 35.0842], [-90.2832, 35.0841], [-90.2793, 35.0858], [-90.2764, 35.0871], [-90.2759, 35.0882], [-90.276, 35.0893], [-90.2763, 35.0898], [-90.2775, 35.0907], [-90.2783, 35.091], [-90.2791, 35.0914], [-90.2802, 35.0922], [-90.2819, 35.0926], [-90.2829, 35.0926], [-90.2876, 35.0923], [-90.2879, 35.0922], [-90.2894, 35.0921], [-90.2904, 35.0923], [-90.2914, 35.0921], [-90.2918, 35.0923], [-90.2926, 35.0914], [-90.2935, 35.091], [-90.2941, 35.0911], [-90.2953, 35.0917], [-90.2955, 35.0926], [-90.296, 35.0928], [-90.296, 35.0933], [-90.297, 35.094], [-90.2979, 35.0952], [-90.2985, 35.0955], [-90.2992, 35.0962], [-90.3, 35.0965], [-90.3, 35.0938], [-90.299, 35.0929], [-90.2984, 35.0922], [-90.2982, 35.0918], [-90.2984, 35.0913], [-90.3, 35.0916], [-90.3, 35.0863], [-90.2972, 35.0857], [-90.2944, 35.0846], [-90.2942, 35.0841], [-90.2947, 35.084], [-90.2965, 35.0845], [-90.3, 35.0855], [-90.3, 35.0729], [-90.2989, 35.0729], [-90.297, 35.0734], [-90.2957, 35.0733], [-90.2933, 35.0736], [-90.2929, 35.0741], [-90.2915, 35.0744], [-90.2913, 35.0746], [-90.2914, 35.0755], [-90.291, 35.0767], [-90.2911, 35.0775]]]}, "properties": {"zone": "X500"}}, {"type": "Feature", "geometry": {"type": "Polygon", "coordinates": [[[-90.0814, 35.0799], [-90.0823, 35.08], [-90.084, 35.0808], [-90.0845, 35.081], [-90.0859, 35.0817], [-90.0872, 35.0818], [-90.0861, 35.0813], [-90.0857, 35.0809], [-90.0847, 35.0808], [-90.0838, 35.0804], [-90.0843, 35.0798], [-90.0851, 35.0798], [-90.0851, 35.0791], [-90.0846, 35.0786], [-90.0846, 35.0777], [-90.085, 35.0772], [-90.0858, 35.0768], [-90.0872, 35.0756], [-90.0884, 35.075], [-90.0896, 35.0741], [-90.0897, 35.0734], [-90.0893, 35.073], [-90.0896, 35.0724], [-90.0892, 35.0718], [-90.0888, 35.0714], [-90.0887, 35.0723], [-90.0891, 35.073], [-90.0883, 35.0732], [-90.088, 35.0729], [-90.0869, 35.073], [-90.0867, 35.0725], [-90.0877, 35.0719], [-90.0871, 35.0715], [-90.0871, 35.0711], [-90.0876, 35.0706], [-90.0884, 35.0701], [-90.089, 35.0705], [-90.0897, 35.0716], [-90.09, 35.073], [-90.0906, 35.0735], [-90.0911, 35.0737], [-90.0935, 35.0737], [-90.0947, 35.0738], [-90.0985, 35.0742], [-90.1002, 35.0743], [-90.1014, 35.0734], [-90.1023, 35.0729], [-90.1027, 35.0725], [-90.1022, 35.0721], [-90.1018, 35.0721], [-90.1011, 35.0724], [-90.1007, 35.0717], [-90.1005, 35.0711], [-90.0996, 35.0715], [-90.0992, 35.0714], [-90.0971, 35.0695], [-90.0971, 35.0692], [-90.0962, 35.0694], [-90.095, 35.0699], [-90.094, 35.0701], [-90.0926, 35.0696], [-90.0933, 35.069], [-90.0934, 35.0686], [-90.0939, 35.0683], [-90.0942, 35.0678], [-90.0932, 35.0682], [-90.0917, 35.0684], [-90.0907, 35.0687], [-90.0861, 35.0697], [-90.0857, 35.0702], [-90.0841, 35.0714], [-90.0828, 35.0716], [-90.0813, 35.0721], [-90.0796, 35.0726], [-90.0789, 35.0729], [-90.077, 35.073], [-90.0757, 35.0724], [-90.0747, 35.0718], [-90.0743, 35.0719], [-90.0739, 35.0723], [-90.0731, 35.0723], [-90.0731, 35.073], [-90.0721, 35.0724], [-90.0716, 35.0724], [-90.0659, 35.0736], [-90.0645, 35.0739], [-90.065, 35.0744], [-90.0656, 35.0743], [-90.0662, 35.0739], [-90.0669, 35.0737], [-90.0704, 35.073], [-90.0717, 35.0727], [-90.0728, 35.0728], [-90.0735, 35.0736], [-90.0746, 35.074], [-90.0784, 35.0741], [-90.0803, 35.0742], [-90.0812, 35.0747], [-90.0816, 35.0746], [-90.0824, 35.074], [-90.0798, 35.0739], [-90.0746, 35.0738], [-90.0738, 35.0736], [-90.0732, 35.0728], [-90.0739, 35.0727], [-90.0744, 35.0719], [-90.0747, 35.072], [-90.0748, 35.0725], [-90.0752, 35.0727], [-90.0759, 35.0726], [-90.0761, 35.0729], [-90.0769, 35.0732], [-90.0778, 35.0733], [-90.0789, 35.0732], [-90.0808, 35.0728], [-90.0823, 35.0728], [-90.0829, 35.073], [-90.0833, 35.0723], [-90.0841, 35.072], [-90.0861, 35.0715], [-90.0864, 35.0717], [-90.0857, 35.0724], [-90.0842, 35.0743], [-90.0834, 35.0751], [-90.0813, 35.0774], [-90.0799, 35.0788], [-90.0802, 35.079], [-90.0801, 35.0796], [-90.0807, 35.0799], [-90.0814, 35.0799]], [[-90.088, 35.0734], [-90.0886, 35.0737], [-90.0887, 35.0742], [-90.088, 35.0743], [-90.0877, 35.0741], [-90.088, 35.0734]], [[-90.0969, 35.0708], [-90.0977, 35.0712], [-90.099, 35.0713], [-90.099, 35.0719], [-90.0986, 35.0722], [-90.0976, 35.0722], [-90.0964, 35.0718], [-90.0963, 35.0711], [-90.0969, 35.0708]], [[-90.0936, 35.0725], [-90.0943, 35.0727], [-90.0952, 35.0727], [-90.096, 35.073], [-90.0958, 35.0735], [-90.0932, 35.0736], [-90.0918, 35.0735], [-90.0912, 35.0734], [-90.0909, 35.073], [-90.0907, 35.0725], [-90.0904, 35.0708], [-90.0904, 35.0702], [-90.0908, 35.0699], [-90.0913, 35.07], [-90.0918, 35.0706], [-90.0929, 35.0707], [-90.0934, 35.0709], [-90.0934, 35.072], [-90.0936, 35.0725]]]}, "properties": {"zone": "X500"}}, {"type": "Feature", "geometry": {"type": "Polygon", "coordinates": [[[-90.0927, 35.0811], [-90.0932, 35.0806], [-90.0938, 35.0802], [-90.0957, 35.0783], [-90.0979, 35.0764], [-90.0976, 35.0762], [-90.0953, 35.076], [-90.0962, 35.0764], [-90.0966, 35.0767], [-90.0965, 35.0773], [-90.0952, 35.0788], [-90.0942, 35.0797], [-90.0935, 35.0803], [-90.0927, 35.0811]]]}, "properties": {"zone": "X500"}}, {"type": "Feature", "geometry": {"type": "Polygon", "coordinates": [[[-90.2568, 35.097], [-90.2562, 35.0975], [-90.2562, 35.0985], [-90.2565, 35.0991], [-90.2581, 35.1005], [-90.2589, 35.1008], [-90.2596, 35.1007], [-90.2597, 35.0996], [-90.2594, 35.0983], [-90.2581, 35.0971], [-90.2575, 35.097], [-90.2568, 35.097]]]}, "properties": {"zone": "X500"}}, {"type": "Feature", "geometry": {"type": "Polygon", "coordinates": [[[-90.2941, 35.104], [-90.2933, 35.1027], [-90.2935, 35.1025], [-90.2931, 35.1019], [-90.2923, 35.1018], [-90.2906, 35.1002], [-90.2881, 35.0981], [-90.2869, 35.0974], [-90.2863, 35.0968], [-90.2854, 35.0964], [-90.2849, 35.0963], [-90.2843, 35.0966], [-90.2841, 35.0974], [-90.2855, 35.1015], [-90.2865, 35.1029], [-90.2868, 35.1034], [-90.2873, 35.1038], [-90.2902, 35.1038], [-90.2912, 35.1039], [-90.2918, 35.1041], [-90.2927, 35.1047], [-90.2935, 35.1049], [-90.2941, 35.1044], [-90.2941, 35.104]]]}, "properties": {"zone": "X500"}}, {"type": "Feature", "geometry": {"type": "Polygon", "coordinates": [[[-90.247, 35.114], [-90.2468, 35.1148], [-90.247, 35.1152], [-90.2478, 35.1148], [-90.2494, 35.1145], [-90.2505, 35.1139], [-90.2515, 35.1129], [-90.2526, 35.112], [-90.2532, 35.1112], [-90.2527, 35.1109], [-90.2471, 35.1109], [-90.2447, 35.111], [-90.2427, 35.111], [-90.2416, 35.1108], [-90.2402, 35.1102], [-90.2393, 35.1099], [-90.2383, 35.1091], [-90.2374, 35.1086], [-90.2372, 35.1079], [-90.2382, 35.1073], [-90.2403, 35.1072], [-90.2418, 35.1074], [-90.2454, 35.1081], [-90.2464, 35.108], [-90.2491, 35.1076], [-90.2516, 35.1064], [-90.2531, 35.1055], [-90.2547, 35.1044], [-90.2548, 35.1038], [-90.2541, 35.1035], [-90.2526, 35.1034], [-90.2525, 35.103], [-90.2537, 35.1024], [-90.2541, 35.1019], [-90.2538, 35.1013], [-90.2533, 35.1014], [-90.2523, 35.1023], [-90.25, 35.1039], [-90.2482, 35.1048], [-90.2469, 35.1052], [-90.2435, 35.1064], [-90.2426, 35.1068], [-90.2408, 35.1066], [-90.239, 35.1055], [-90.2375, 35.105], [-90.2359, 35.1045], [-90.2338, 35.1049], [-90.2321, 35.1054], [-90.2299, 35.1053], [-90.2293, 35.1056], [-90.2291, 35.1061], [-90.2292, 35.1074], [-90.2288, 35.1084], [-90.2282, 35.1089], [-90.2278, 35.1106], [-90.2274, 35.112], [-90.2272, 35.1128], [-90.2274, 35.1131], [-90.2295, 35.1133], [-90.23, 35.1129], [-90.2305, 35.1129], [-90.2333, 35.113], [-90.2345, 35.1126], [-90.2357, 35.1118], [-90.236, 35.1117], [-90.2381, 35.1119], [-90.2394, 35.1126], [-90.2397, 35.113], [-90.2405, 35.1137], [-90.2422, 35.1141], [-90.2432, 35.1141], [-90.2453, 35.1132], [-90.246, 35.1132], [-90.2465, 35.1134], [-90.247, 35.114]]]}, "properties": {"zone": "X500"}}, {"type": "Feature", "geometry": {"type": "Polygon", "coordinates": [[[-90.2535, 35.108], [-90.2521, 35.1082], [-90.2504, 35.1083], [-90.2484, 35.1091], [-90.248, 35.1098], [-90.2485, 35.11], [-90.2508, 35.11], [-90.2532, 35.1098], [-90.2536, 35.1094], [-90.2543, 35.1091], [-90.2542, 35.1085], [-90.2535, 35.108]]]}, "properties": {"zone": "X500"}}, {"type": "Feature", "geometry": {"type": "Polygon", "coordinates": [[[-90.226, 35.1607], [-90.2282, 35.16], [-90.2292, 35.1597], [-90.2298, 35.1593], [-90.23, 35.1586], [-90.2245, 35.1602], [-90.2244, 35.1601], [-90.2245, 35.1536], [-90.2254, 35.1535], [-90.2266, 35.1538], [-90.2286, 35.1542], [-90.2307, 35.1539], [-90.2317, 35.1535], [-90.2322, 35.1531], [-90.2328, 35.1519], [-90.2325, 35.1515], [-90.2313, 35.1519], [-90.2302, 35.1511], [-90.2298, 35.1503], [-90.2292, 35.1489], [-90.229, 35.1481], [-90.2292, 35.1473], [-90.2314, 35.1471], [-90.2349, 35.1471], [-90.2356, 35.147], [-90.2354, 35.1465], [-90.2341, 35.1464], [-90.2319, 35.1463], [-90.2307, 35.146], [-90.23, 35.1456], [-90.2296, 35.1451], [-90.2297, 35.1437], [-90.2295, 35.1423], [-90.2296, 35.1409], [-90.2295, 35.1405], [-90.229, 35.1401], [-90.2291, 35.1395], [-90.2296, 35.139], [-90.2296, 35.1381], [-90.2301, 35.1369], [-90.2303, 35.1347], [-90.2305, 35.1324], [-90.2304, 35.1293], [-90.2301, 35.1261], [-90.23, 35.1256], [-90.23, 35.1242], [-90.2304, 35.1238], [-90.2319, 35.1235], [-90.2323, 35.1234], [-90.2334, 35.1229], [-90.2336, 35.1223], [-90.2341, 35.122], [-90.2389, 35.121], [-90.2398, 35.1209], [-90.241, 35.1207], [-90.2419, 35.1213], [-90.2429, 35.1218], [-90.2452, 35.1225], [-90.2465, 35.1226], [-90.2468, 35.1232], [-90.2468, 35.1247], [-90.2471, 35.125], [-90.2509, 35.125], [-90.2523, 35.125], [-90.2566, 35.1248], [-90.2586, 35.1248], [-90.2632, 35.1248], [-90.2648, 35.125], [-90.2651, 35.1255], [-90.2645, 35.1258], [-90.2646, 35.1262], [-90.2661, 35.1262], [-90.2675, 35.126], [-90.2689, 35.1263], [-90.27, 35.1268], [-90.2711, 35.1277], [-90.272, 35.1278], [-90.2739, 35.1281], [-90.275, 35.1288], [-90.2752, 35.1293], [-90.2752, 35.1299], [-90.274, 35.1312], [-90.274, 35.1319], [-90.2744, 35.1323], [-90.2764, 35.1324], [-90.2771, 35.1324], [-90.2776, 35.132], [-90.2776, 35.1311], [-90.2779, 35.1308], [-90.2789, 35.1309], [-90.2793, 35.1315], [-90.2793, 35.1326], [-90.279, 35.133], [-90.2788, 35.1342], [-90.2785, 35.1346], [-90.278, 35.1346], [-90.278, 35.1351], [-90.279, 35.1357], [-90.2801, 35.1361], [-90.2811, 35.1363], [-90.2842, 35.1369], [-90.286, 35.1369], [-90.2871, 35.1364], [-90.2875, 35.1359], [-90.2871, 35.1356], [-90.2866, 35.1355], [-90.2854, 35.1355], [-90.2849, 35.1353], [-90.2842, 35.1354], [-90.2825, 35.1361], [-90.2819, 35.1361], [-90.2815, 35.1358], [-90.2821, 35.1353], [-90.2834, 35.1349], [-90.2844, 35.1346], [-90.2851, 35.1342], [-90.2872, 35.1337], [-90.2879, 35.1334], [-90.2883, 35.1328], [-90.2882, 35.1324], [-90.2877, 35.1322], [-90.286, 35.1318], [-90.286, 35.1313], [-90.2875, 35.1309], [-90.2895, 35.13], [-90.2904, 35.1296], [-90.2919, 35.1288], [-90.2925, 35.1284], [-90.2926, 35.1276], [-90.2925, 35.127], [-90.2919, 35.1268], [-90.2911, 35.1268], [-90.2901, 35.1274], [-90.2869, 35.1294], [-90.2859, 35.1299], [-90.2834, 35.1311], [-90.2825, 35.1319], [-90.282, 35.1314], [-90.2824, 35.1309], [-90.2839, 35.13], [-90.2848, 35.1295], [-90.2868, 35.1289], [-90.288, 35.1281], [-90.2884, 35.1276], [-90.2893, 35.127], [-90.2904, 35.1265], [-90.29, 35.126], [-90.2875, 35.1258], [-90.2853, 35.1258], [-90.2841, 35.1262], [-90.2827, 35.1259], [-90.2825, 35.1254], [-90.2829, 35.125], [-90.2841, 35.1249], [-90.2859, 35.1243], [-90.2866, 35.1237], [-90.2868, 35.1229], [-90.2873, 35.1224], [-90.2883, 35.1225], [-90.2894, 35.1228], [-90.2921, 35.1227], [-90.2928, 35.1224], [-90.2932, 35.1221], [-90.2934, 35.1215], [-90.2935, 35.1206], [-90.2936, 35.1185], [-90.2938, 35.1176], [-90.2948, 35.1165], [-90.296, 35.1148], [-90.2964, 35.1136], [-90.2982, 35.1118], [-90.2985, 35.1114], [-90.2983, 35.1109], [-90.2974, 35.1104], [-90.2967, 35.1103], [-90.2944, 35.1104], [-90.2953, 35.1099], [-90.2963, 35.1099], [-90.2965, 35.1097], [-90.3, 35.109], [-90.3, 35.1087], [-90.2976, 35.1091], [-90.2937, 35.1101], [-90.2934, 35.1096], [-90.2931, 35.1094], [-90.2921, 35.1094], [-90.2918, 35.1093], [-90.2914, 35.1086], [-90.2902, 35.108], [-90.2897, 35.1079], [-90.2888, 35.1089], [-90.2889, 35.1098], [-90.2883, 35.1104], [-90.2875, 35.1109], [-90.281, 35.1121], [-90.2805, 35.1116], [-90.2793, 35.1112], [-90.2782, 35.1112], [-90.2768, 35.1116], [-90.276, 35.1116], [-90.2751, 35.1109], [-90.2753, 35.1104], [-90.2766, 35.1101], [-90.2773, 35.1093], [-90.2787, 35.1087], [-90.2816, 35.1085], [-90.2829, 35.1081], [-90.2833, 35.1075], [-90.2831, 35.1072], [-90.2814, 35.1065], [-90.2808, 35.106], [-90.2807, 35.1053], [-90.2813, 35.1034], [-90.2815, 35.102], [-90.2814, 35.1004], [-90.2809, 35.097], [-90.2806, 35.0959], [-90.2805, 35.095], [-90.2814, 35.0941], [-90.2813, 35.0933], [-90.2805, 35.0929], [-90.2774, 35.0916], [-90.275, 35.091], [-90.2731, 35.0911], [-90.2725, 35.0913], [-90.2711, 35.0916], [-90.27, 35.0917], [-90.2683, 35.0915], [-90.2666, 35.0918], [-90.2647, 35.0925], [-90.2637, 35.0931], [-90.2623, 35.0936], [-90.2612, 35.0938], [-90.2592, 35.0939], [-90.2586, 35.0941], [-90.2583, 35.0944], [-90.2584, 35.095], [-90.2595, 35.0955], [-90.2604, 35.0962], [-90.2608, 35.0968], [-90.2613, 35.0988], [-90.2615, 35.1014], [-90.2615, 35.1052], [-90.2613, 35.1087], [-90.2608, 35.1119], [-90.2596, 35.1138], [-90.2588, 35.1148], [-90.2583, 35.1152], [-90.2575, 35.1155], [-90.2563, 35.1153], [-90.2553, 35.1146], [-90.2548, 35.1145], [-90.2548, 35.1142], [-90.2552, 35.1134], [-90.2549, 35.1132], [-90.2538, 35.1138], [-90.2531, 35.1144], [-90.2528, 35.1148], [-90.2522, 35.1153], [-90.2516, 35.1154], [-90.251, 35.1151], [-90.2504, 35.1151], [-90.2501, 35.1153], [-90.2481, 35.1158], [-90.2464, 35.1161], [-90.2458, 35.1159], [-90.2453, 35.1154], [-90.2458, 35.1146], [-90.2456, 35.1142], [-90.2451, 35.1143], [-90.2447, 35.1148], [-90.2437, 35.115], [-90.2427, 35.1149], [-90.2398, 35.1145], [-90.2389, 35.114], [-90.2377, 35.113], [-90.237, 35.1127], [-90.2364, 35.1128], [-90.2353, 35.1136], [-90.2343, 35.114], [-90.2332, 35.1141], [-90.2311, 35.1141], [-90.2303, 35.1139], [-90.2285, 35.1141], [-90.2277, 35.114], [-90.2272, 35.1141], [-90.2267, 35.1149], [-90.2265, 35.1163], [-90.2262, 35.1174], [-90.2257, 35.1195], [-90.2249, 35.1221], [-90.2242, 35.1248], [-90.2242, 35.1251], [-90.2235, 35.1267], [-90.2225, 35.1283], [-90.2221, 35.1291], [-90.2215, 35.1301], [-90.2206, 35.1315], [-90.2186, 35.1337], [-90.2192, 35.1345], [-90.2198, 35.1349], [-90.2206, 35.1358], [-90.2209, 35.1366], [-90.2209, 35.1372], [-90.221, 35.1391], [-90.2214, 35.1395], [-90.2267, 35.1395], [-90.2286, 35.1395], [-90.2285, 35.1397], [-90.2266, 35.1398], [-90.2261, 35.1404], [-90.2258, 35.1396], [-90.2254, 35.1396], [-90.2219, 35.1396], [-90.221, 35.1398], [-90.2209, 35.1401], [-90.2208, 35.1431], [-90.2209, 35.1448], [-90.2209, 35.1468], [-90.2211, 35.1487], [-90.2212, 35.1512], [-90.2208, 35.1557], [-90.2205, 35.1582], [-90.2203, 35.1607], [-90.2201, 35.1613], [-90.2195, 35.1615], [-90.2189, 35.1616], [-90.217, 35.1614], [-90.214, 35.1614], [-90.2123, 35.1612], [-90.2101, 35.1612], [-90.2073, 35.1611], [-90.206, 35.1611], [-90.2048, 35.1609], [-90.2026, 35.1609], [-90.2026, 35.1607], [-90.2051, 35.1608], [-90.2092, 35.1608], [-90.2107, 35.1609], [-90.2113, 35.1607], [-90.2117, 35.1609], [-90.2146, 35.1609], [-90.2178, 35.1611], [-90.2195, 35.1611], [-90.2197, 35.161], [-90.2198, 35.1587], [-90.2197, 35.1579], [-90.2195, 35.1577], [-90.2164, 35.1577], [-90.2155, 35.1576], [-90.2117, 35.1576], [-90.2126, 35.1572], [-90.2154, 35.1575], [-90.2196, 35.1575], [-90.2198, 35.1574], [-90.2199, 35.1544], [-90.2197, 35.1539], [-90.22, 35.1534], [-90.2199, 35.1529], [-90.2196, 35.1501], [-90.2197, 35.1497], [-90.2194, 35.1484], [-90.2195, 35.1471], [-90.2198, 35.1467], [-90.22, 35.145], [-90.2199, 35.1443], [-90.2199, 35.1428], [-90.2199, 35.1413], [-90.2198, 35.1401], [-90.22, 35.1378], [-90.2199, 35.1369], [-90.2198, 35.1361], [-90.2193, 35.1354], [-90.2185, 35.1348], [-90.2179, 35.1345], [-90.2173, 35.1347], [-90.2165, 35.1352], [-90.2156, 35.136], [-90.2139, 35.1371], [-90.21, 35.1389], [-90.2096, 35.1392], [-90.2092, 35.1401], [-90.2083, 35.1413], [-90.2069, 35.1439], [-90.2066, 35.1448], [-90.2064, 35.1465], [-90.206, 35.1473], [-90.2053, 35.1498], [-90.2044, 35.1515], [-90.2031, 35.1527], [-90.2021, 35.1533], [-90.2017, 35.1538], [-90.1997, 35.1549], [-90.1985, 35.1559], [-90.1978, 35.1563], [-90.1964, 35.1569], [-90.1943, 35.1575], [-90.1934, 35.1575], [-90.1917, 35.1576], [-90.1908, 35.1574], [-90.1899, 35.1573], [-90.1887, 35.1572], [-90.1875, 35.1567], [-90.1858, 35.1559], [-90.1844, 35.1549], [-90.1839, 35.1543], [-90.1834, 35.1541], [-90.1821, 35.1542], [-90.1815, 35.1544], [-90.1815, 35.1551], [-90.1808, 35.155], [-90.1801, 35.1557], [-90.1798, 35.1556], [-90.1799, 35.1551], [-90.1803, 35.1547], [-90.1793, 35.1539], [-90.1787, 35.1536], [-90.1779, 35.1526], [-90.1777, 35.1521], [-90.1773, 35.1519], [-90.1768, 35.1519], [-90.1758, 35.1527], [-90.175, 35.1529], [-90.174, 35.1526], [-90.1728, 35.1518], [-90.1706, 35.1508], [-90.1679, 35.1493], [-90.1667, 35.1492], [-90.1655, 35.1492], [-90.165, 35.1494], [-90.163, 35.1493], [-90.1608, 35.1496], [-90.1595, 35.1496], [-90.1587, 35.1497], [-90.1577, 35.1501], [-90.1569, 35.1503], [-90.1565, 35.1501], [-90.1558, 35.1493], [-90.1552, 35.1491], [-90.1541, 35.1493], [-90.1535, 35.1497], [-90.1528, 35.1509], [-90.1528, 35.1538], [-90.1524, 35.1547], [-90.1527, 35.1555], [-90.1524, 35.1558], [-90.1522, 35.1563], [-90.1525, 35.1567], [-90.1518, 35.1583], [-90.1517, 35.159], [-90.1515, 35.1593], [-90.1511, 35.1606], [-90.1518, 35.1608], [-90.154, 35.1609], [-90.1542, 35.1608], [-90.1557, 35.1593], [-90.1559, 35.1593], [-90.1548, 35.1605], [-90.1553, 35.1608], [-90.1582, 35.1608], [-90.1618, 35.1608], [-90.1636, 35.1609], [-90.1647, 35.1604], [-90.1646, 35.1599], [-90.1629, 35.1594], [-90.1627, 35.1589], [-90.1627, 35.158], [-90.1629, 35.158], [-90.1642, 35.1585], [-90.1661, 35.159], [-90.1669, 35.1596], [-90.1682, 35.1602], [-90.1695, 35.1604], [-90.1711, 35.1608], [-90.1814, 35.1611], [-90.182, 35.161], [-90.1826, 35.1612], [-90.1828, 35.1616], [-90.1831, 35.1631], [-90.1834, 35.1645], [-90.1839, 35.1646], [-90.1846, 35.1645], [-90.1898, 35.1646], [-90.1933, 35.1645], [-90.1962, 35.1645], [-90.2031, 35.1644], [-90.2057, 35.1645], [-90.2072, 35.1644], [-90.2078, 35.1641], [-90.208, 35.1633], [-90.2085, 35.1635], [-90.2085, 35.164], [-90.2093, 35.1637], [-90.2106, 35.1637], [-90.2105, 35.1643], [-90.211, 35.1649], [-90.2114, 35.1649], [-90.2139, 35.1642], [-90.2182, 35.1631], [-90.2189, 35.1629], [-90.2218, 35.1621], [-90.2231, 35.1619], [-90.2252, 35.161], [-90.226, 35.1607]]]}, "properties": {"zone": "X500"}}, {"type": "Feature", "geometry": {"type": "Polygon", "coordinates": [[[-90.2541, 35.1299], [-90.2547, 35.1298], [-90.2564, 35.1302], [-90.2576, 35.1302], [-90.2587, 35.13], [-90.2595, 35.1296], [-90.2595, 35.1285], [-90.259, 35.1274], [-90.259, 35.126], [-90.2589, 35.1258], [-90.2574, 35.1255], [-90.2546, 35.1253], [-90.252, 35.1252], [-90.2491, 35.1252], [-90.2476, 35.1252], [-90.2447, 35.1254], [-90.2403, 35.1251], [-90.2386, 35.1253], [-90.2383, 35.1256], [-90.2379, 35.127], [-90.2378, 35.1283], [-90.2381, 35.1303], [-90.2384, 35.131], [-90.2388, 35.1314], [-90.2395, 35.1318], [-90.2408, 35.1316], [-90.2414, 35.1313], [-90.2431, 35.1307], [-90.2463, 35.1297], [-90.2474, 35.1295], [-90.2486, 35.1297], [-90.25, 35.13], [-90.2521, 35.13], [-90.2535, 35.1298], [-90.2541, 35.1299]]]}, "properties": {"zone": "X500"}}, {"type": "Feature", "geometry": {"type": "Polygon", "coordinates": [[[-90.2363, 35.1381], [-90.2367, 35.1363], [-90.2369, 35.1337], [-90.2368, 35.1313], [-90.2365, 35.1302], [-90.2361, 35.1278], [-90.2363, 35.1267], [-90.2363, 35.1259], [-90.236, 35.125], [-90.2361, 35.1245], [-90.2364, 35.1239], [-90.2375, 35.1237], [-90.2386, 35.1233], [-90.2386, 35.1225], [-90.238, 35.122], [-90.2373, 35.122], [-90.2357, 35.1224], [-90.2336, 35.1232], [-90.233, 35.1239], [-90.2337, 35.1259], [-90.2338, 35.1289], [-90.2338, 35.1298], [-90.2339, 35.1303], [-90.2338, 35.132], [-90.2337, 35.1327], [-90.2338, 35.1342], [-90.2339, 35.1358], [-90.2336, 35.1367], [-90.233, 35.1372], [-90.2325, 35.1378], [-90.2323, 35.1387], [-90.2324, 35.1403], [-90.2323, 35.1418], [-90.232, 35.1427], [-90.232, 35.1435], [-90.2323, 35.1439], [-90.2332, 35.1438], [-90.2339, 35.1441], [-90.2343, 35.1441], [-90.235, 35.1434], [-90.2356, 35.1422], [-90.2356, 35.1394], [-90.2363, 35.1381]]]}, "properties": {"zone": "X500"}}, {"type": "Feature", "geometry": {"type": "Polygon", "coordinates": [[[-90.186, 35.1393], [-90.1863, 35.1394], [-90.1866, 35.1399], [-90.1881, 35.1409], [-90.189, 35.1415], [-90.1906, 35.142], [-90.191, 35.1423], [-90.1915, 35.143], [-90.1926, 35.1431], [-90.1956, 35.1435], [-90.1965, 35.1435], [-90.1983, 35.1434], [-90.1991, 35.1432], [-90.1995, 35.1428], [-90.2014, 35.1419], [-90.2031, 35.141], [-90.2053, 35.14], [-90.2071, 35.1391], [-90.208, 35.1388], [-90.2096, 35.1378], [-90.213, 35.1361], [-90.2143, 35.1355], [-90.215, 35.135], [-90.2156, 35.1343], [-90.2156, 35.1338], [-90.2152, 35.1332], [-90.2146, 35.1328], [-90.2147, 35.1323], [-90.2135, 35.1322], [-90.2127, 35.1327], [-90.211, 35.134], [-90.2091, 35.1351], [-90.2079, 35.1357], [-90.2071, 35.1358], [-90.2069, 35.1343], [-90.2068, 35.1342], [-90.2029, 35.1342], [-90.2028, 35.134], [-90.2028, 35.1311], [-90.2029, 35.1307], [-90.2037, 35.1305], [-90.2046, 35.1305], [-90.2053, 35.13], [-90.2053, 35.1296], [-90.206, 35.1296], [-90.2066, 35.1309], [-90.207, 35.1314], [-90.2076, 35.1315], [-90.2088, 35.1314], [-90.2093, 35.1313], [-90.2115, 35.1299], [-90.2128, 35.129], [-90.2145, 35.1284], [-90.2159, 35.128], [-90.2164, 35.1275], [-90.2167, 35.1269], [-90.2172, 35.1264], [-90.2182, 35.1261], [-90.2177, 35.1271], [-90.2175, 35.1282], [-90.2172, 35.1288], [-90.2167, 35.1295], [-90.2155, 35.1305], [-90.2145, 35.1314], [-90.2143, 35.1318], [-90.2158, 35.1319], [-90.2168, 35.131], [-90.2183, 35.1296], [-90.219, 35.1287], [-90.2192, 35.1288], [-90.2178, 35.1305], [-90.2169, 35.1314], [-90.2163, 35.1318], [-90.2164, 35.1321], [-90.2187, 35.1322], [-90.2191, 35.1313], [-90.22, 35.1297], [-90.2206, 35.1291], [-90.2221, 35.127], [-90.2226, 35.1262], [-90.2235, 35.1241], [-90.2242, 35.1236], [-90.2241, 35.1232], [-90.2248, 35.1211], [-90.2248, 35.1209], [-90.224, 35.1207], [-90.2231, 35.1211], [-90.2226, 35.1216], [-90.2219, 35.1215], [-90.2214, 35.1217], [-90.2211, 35.1224], [-90.2201, 35.1236], [-90.22, 35.1232], [-90.2208, 35.1221], [-90.2208, 35.1217], [-90.2202, 35.1216], [-90.2169, 35.1214], [-90.2172, 35.1212], [-90.2205, 35.1212], [-90.2213, 35.121], [-90.2219, 35.1211], [-90.2223, 35.1214], [-90.2228, 35.1212], [-90.2231, 35.1206], [-90.2239, 35.1203], [-90.2247, 35.1205], [-90.225, 35.1204], [-90.2254, 35.1191], [-90.2256, 35.1181], [-90.2254, 35.1179], [-90.2223, 35.1178], [-90.22, 35.1178], [-90.2186, 35.1178], [-90.2181, 35.1179], [-90.2171, 35.1192], [-90.216, 35.1202], [-90.2158, 35.1201], [-90.2178, 35.1178], [-90.2164, 35.1178], [-90.2121, 35.1177], [-90.2111, 35.12], [-90.2106, 35.1206], [-90.2096, 35.121], [-90.2089, 35.1209], [-90.2076, 35.1219], [-90.2054, 35.1232], [-90.2047, 35.1232], [-90.2067, 35.1222], [-90.208, 35.1212], [-90.2084, 35.121], [-90.2082, 35.1206], [-90.2078, 35.1206], [-90.2069, 35.1213], [-90.204, 35.1221], [-90.2003, 35.1235], [-90.1989, 35.1242], [-90.198, 35.1249], [-90.1978, 35.1251], [-90.1977, 35.1261], [-90.1979, 35.1263], [-90.1973, 35.127], [-90.1969, 35.1276], [-90.1965, 35.128], [-90.1957, 35.1282], [-90.194, 35.1285], [-90.1944, 35.1281], [-90.1961, 35.1278], [-90.1966, 35.1276], [-90.1969, 35.1272], [-90.1975, 35.1258], [-90.1973, 35.1252], [-90.1982, 35.1244], [-90.1996, 35.1235], [-90.2026, 35.1223], [-90.2044, 35.1216], [-90.2068, 35.121], [-90.2077, 35.1203], [-90.2088, 35.1207], [-90.2096, 35.1208], [-90.2102, 35.1206], [-90.2107, 35.1201], [-90.2111, 35.1193], [-90.2117, 35.1176], [-90.2103, 35.1176], [-90.2086, 35.1176], [-90.2044, 35.1174], [-90.2, 35.1174], [-90.1935, 35.1173], [-90.1928, 35.1174], [-90.1917, 35.1181], [-90.1911, 35.119], [-90.191, 35.1202], [-90.1908, 35.1209], [-90.1903, 35.1215], [-90.189, 35.1219], [-90.1882, 35.1219], [-90.188, 35.1248], [-90.188, 35.1253], [-90.1876, 35.1262], [-90.1869, 35.1269], [-90.1864, 35.1269], [-90.1856, 35.126], [-90.1857, 35.1245], [-90.1855, 35.1243], [-90.1838, 35.1243], [-90.1821, 35.1228], [-90.1823, 35.1226], [-90.1851, 35.1194], [-90.1854, 35.1193], [-90.1881, 35.1209], [-90.1882, 35.1214], [-90.1892, 35.1214], [-90.1898, 35.1212], [-90.1903, 35.1207], [-90.1905, 35.1199], [-90.1905, 35.119], [-90.1914, 35.1177], [-90.1919, 35.1174], [-90.1932, 35.117], [-90.1941, 35.1169], [-90.1958, 35.1169], [-90.2022, 35.117], [-90.2107, 35.1172], [-90.2117, 35.1173], [-90.218, 35.1174], [-90.2206, 35.1175], [-90.2249, 35.1175], [-90.2256, 35.1175], [-90.226, 35.1163], [-90.2255, 35.1162], [-90.2259, 35.1145], [-90.2258, 35.114], [-90.2259, 35.1132], [-90.2255, 35.113], [-90.2252, 35.1134], [-90.2247, 35.1135], [-90.2244, 35.1122], [-90.2244, 35.1117], [-90.2248, 35.1098], [-90.2249, 35.1089], [-90.2251, 35.1076], [-90.225, 35.1072], [-90.2252, 35.1061], [-90.2256, 35.1061], [-90.2254, 35.1072], [-90.2255, 35.1075], [-90.2252, 35.1098], [-90.2249, 35.1102], [-90.225, 35.1106], [-90.2247, 35.1115], [-90.2248, 35.1128], [-90.2256, 35.1125], [-90.2263, 35.1128], [-90.2268, 35.1127], [-90.2273, 35.1104], [-90.2277, 35.1094], [-90.2275, 35.1088], [-90.2278, 35.1062], [-90.228, 35.1043], [-90.2288, 35.104], [-90.2295, 35.1042], [-90.2305, 35.1043], [-90.2324, 35.1039], [-90.2348, 35.1027], [-90.236, 35.1027], [-90.2372, 35.1026], [-90.2388, 35.1033], [-90.2402, 35.1038], [-90.2425, 35.1036], [-90.2435, 35.1033], [-90.2448, 35.1024], [-90.2454, 35.1023], [-90.2461, 35.1031], [-90.2478, 35.1025], [-90.2488, 35.1019], [-90.2493, 35.1008], [-90.2513, 35.0995], [-90.2524, 35.0982], [-90.2525, 35.0977], [-90.2523, 35.0974], [-90.2499, 35.0977], [-90.2485, 35.098], [-90.2455, 35.0984], [-90.2424, 35.0983], [-90.241, 35.0983], [-90.24, 35.0982], [-90.2368, 35.0977], [-90.2323, 35.0965], [-90.2315, 35.0964], [-90.2297, 35.0961], [-90.2303, 35.0955], [-90.2313, 35.0953], [-90.2346, 35.0953], [-90.2354, 35.0949], [-90.2358, 35.0942], [-90.2365, 35.0933], [-90.2383, 35.0925], [-90.2402, 35.0919], [-90.2445, 35.0907], [-90.2481, 35.0902], [-90.2486, 35.09], [-90.2494, 35.0896], [-90.252, 35.0892], [-90.2524, 35.0892], [-90.2542, 35.089], [-90.2575, 35.0886], [-90.2579, 35.0883], [-90.2589, 35.0868], [-90.2593, 35.086], [-90.2596, 35.0851], [-90.2601, 35.0844], [-90.2601, 35.0838], [-90.2597, 35.0833], [-90.2591, 35.0831], [-90.2568, 35.0816], [-90.2562, 35.0811], [-90.2543, 35.0804], [-90.2528, 35.0797], [-90.2523, 35.0796], [-90.2504, 35.0788], [-90.2497, 35.0785], [-90.2479, 35.0773], [-90.2474, 35.0772], [-90.2471, 35.0766], [-90.2461, 35.076], [-90.2447, 35.0759], [-90.2441, 35.0756], [-90.244, 35.0745], [-90.2434, 35.0738], [-90.2423, 35.0728], [-90.2416, 35.0725], [-90.2409, 35.0724], [-90.2408, 35.072], [-90.2393, 35.0705], [-90.238, 35.069], [-90.2369, 35.0688], [-90.2369, 35.0681], [-90.2359, 35.0672], [-90.2357, 35.0667], [-90.2342, 35.0648], [-90.2338, 35.0639], [-90.2325, 35.0616], [-90.2321, 35.0606], [-90.2313, 35.06], [-90.2311, 35.0596], [-90.2314, 35.0592], [-90.2313, 35.0588], [-90.2307, 35.0582], [-90.2303, 35.0571], [-90.2297, 35.0569], [-90.2293, 35.0565], [-90.2286, 35.0551], [-90.227, 35.0536], [-90.2262, 35.0525], [-90.2255, 35.0519], [-90.2248, 35.0518], [-90.2233, 35.0523], [-90.2223, 35.0525], [-90.2213, 35.0524], [-90.2201, 35.0528], [-90.2192, 35.0534], [-90.2184, 35.0538], [-90.2175, 35.0544], [-90.2171, 35.055], [-90.2171, 35.0563], [-90.2174, 35.0572], [-90.2172, 35.0582], [-90.217, 35.0585], [-90.2165, 35.0602], [-90.2161, 35.0611], [-90.2162, 35.0634], [-90.2168, 35.0651], [-90.2171, 35.0657], [-90.2176, 35.066], [-90.2174, 35.0663], [-90.2174, 35.0674], [-90.2178, 35.0679], [-90.219, 35.0678], [-90.2183, 35.0684], [-90.218, 35.0684], [-90.2174, 35.0688], [-90.2169, 35.0717], [-90.217, 35.0722], [-90.2179, 35.0726], [-90.2171, 35.0731], [-90.2166, 35.0739], [-90.2165, 35.0747], [-90.2159, 35.0755], [-90.2151, 35.0771], [-90.2143, 35.0783], [-90.214, 35.0788], [-90.2129, 35.079], [-90.2112, 35.08], [-90.2103, 35.0802], [-90.2096, 35.081], [-90.2072, 35.0822], [-90.2055, 35.083], [-90.2044, 35.0837], [-90.2043, 35.084], [-90.2041, 35.0853], [-90.204, 35.0868], [-90.2038, 35.0885], [-90.2037, 35.0905], [-90.2032, 35.0921], [-90.202, 35.0945], [-90.2007, 35.0968], [-90.2003, 35.0975], [-90.1996, 35.0982], [-90.199, 35.0984], [-90.1987, 35.0983], [-90.1991, 35.0978], [-90.1983, 35.0972], [-90.1969, 35.0975], [-90.1975, 35.0954], [-90.1982, 35.0939], [-90.1988, 35.0928], [-90.1995, 35.0923], [-90.1997, 35.0914], [-90.2004, 35.0901], [-90.2005, 35.0894], [-90.2013, 35.0878], [-90.2019, 35.087], [-90.203, 35.0866], [-90.2034, 35.0859], [-90.2038, 35.0844], [-90.2037, 35.0833], [-90.2041, 35.0827], [-90.2059, 35.082], [-90.2067, 35.0813], [-90.209, 35.0801], [-90.2106, 35.0794], [-90.2112, 35.0789], [-90.2127, 35.0784], [-90.2137, 35.0776], [-90.214, 35.0768], [-90.2143, 35.0763], [-90.2143, 35.0757], [-90.2149, 35.0749], [-90.215, 35.0744], [-90.2155, 35.0729], [-90.2155, 35.0709], [-90.2158, 35.0699], [-90.216, 35.0689], [-90.2154, 35.0687], [-90.2146, 35.0696], [-90.2136, 35.0716], [-90.2123, 35.0728], [-90.2121, 35.0731], [-90.2105, 35.0748], [-90.2096, 35.0758], [-90.207, 35.0779], [-90.2063, 35.0783], [-90.2056, 35.0784], [-90.2052, 35.078], [-90.206, 35.0776], [-90.2076, 35.0763], [-90.2088, 35.0751], [-90.2089, 35.0748], [-90.2085, 35.0743], [-90.2101, 35.0726], [-90.2112, 35.0718], [-90.2126, 35.0705], [-90.2131, 35.0701], [-90.2136, 35.0694], [-90.2132, 35.0689], [-90.2118, 35.0692], [-90.2106, 35.0697], [-90.2084, 35.0709], [-90.2084, 35.0706], [-90.2091, 35.0701], [-90.2094, 35.0695], [-90.21, 35.0688], [-90.2113, 35.0679], [-90.2125, 35.0674], [-90.2134, 35.0666], [-90.214, 35.0658], [-90.2143, 35.0651], [-90.2141, 35.0649], [-90.2133, 35.065], [-90.2124, 35.0656], [-90.2117, 35.0663], [-90.2094, 35.0678], [-90.2065, 35.0696], [-90.2054, 35.0703], [-90.204, 35.0711], [-90.2023, 35.0719], [-90.2012, 35.0722], [-90.1999, 35.0725], [-90.1987, 35.0725], [-90.1985, 35.0723], [-90.1993, 35.0715], [-90.2006, 35.0707], [-90.2016, 35.0702], [-90.2038, 35.0689], [-90.2047, 35.069], [-90.2051, 35.0688], [-90.2063, 35.0682], [-90.2077, 35.0671], [-90.2102, 35.0656], [-90.2132, 35.0636], [-90.2143, 35.0632], [-90.2147, 35.0629], [-90.2153, 35.0618], [-90.2154, 35.0613], [-90.216, 35.0597], [-90.2164, 35.0579], [-90.2164, 35.0572], [-90.2167, 35.0563], [-90.2166, 35.0552], [-90.2168, 35.0545], [-90.2175, 35.0538], [-90.2193, 35.053], [-90.22, 35.0521], [-90.2207, 35.0523], [-90.2219, 35.052], [-90.224, 35.0518], [-90.225, 35.0514], [-90.2255, 35.051], [-90.2261, 35.0513], [-90.2267, 35.0521], [-90.2272, 35.0521], [-90.2272, 35.0503], [-90.2277, 35.0491], [-90.2289, 35.0477], [-90.23, 35.0468], [-90.2308, 35.0462], [-90.2314, 35.0463], [-90.2305, 35.0472], [-90.2286, 35.049], [-90.2278, 35.0507], [-90.2277, 35.0532], [-90.2281, 35.0538], [-90.2288, 35.0545], [-90.2299, 35.0558], [-90.2316, 35.0589], [-90.2321, 35.0596], [-90.2325, 35.0607], [-90.2329, 35.0611], [-90.2334, 35.0622], [-90.2341, 35.0632], [-90.2351, 35.0651], [-90.2364, 35.0669], [-90.2383, 35.0684], [-90.2406, 35.0706], [-90.2427, 35.0721], [-90.2435, 35.073], [-90.2452, 35.0742], [-90.2462, 35.0751], [-90.2471, 35.0758], [-90.2483, 35.0768], [-90.2499, 35.0779], [-90.254, 35.0794], [-90.2561, 35.0802], [-90.2569, 35.0807], [-90.2594, 35.0815], [-90.263, 35.0823], [-90.2648, 35.0823], [-90.2662, 35.0822], [-90.2677, 35.0824], [-90.2687, 35.0823], [-90.2727, 35.0822], [-90.2754, 35.0821], [-90.2767, 35.0818], [-90.2779, 35.0819], [-90.2794, 35.0822], [-90.281, 35.082], [-90.282, 35.0817], [-90.2826, 35.0809], [-90.2838, 35.0809], [-90.2847, 35.0808], [-90.2859, 35.0808], [-90.2866, 35.0806], [-90.2881, 35.0804], [-90.2888, 35.0802], [-90.2891, 35.0799], [-90.2899, 35.0797], [-90.29, 35.0791], [-90.2899, 35.0781], [-90.2894, 35.0765], [-90.2893, 35.0754], [-90.2895, 35.0746], [-90.2895, 35.0739], [-90.2899, 35.0734], [-90.2908, 35.073], [-90.2916, 35.073], [-90.2927, 35.0723], [-90.2927, 35.072], [-90.2921, 35.0718], [-90.2909, 35.072], [-90.2871, 35.0729], [-90.2851, 35.0734], [-90.284, 35.0737], [-90.2826, 35.0738], [-90.2811, 35.0741], [-90.2802, 35.0741], [-90.2785, 35.0744], [-90.2773, 35.0743], [-90.2745, 35.0738], [-90.2735, 35.0734], [-90.273, 35.0733], [-90.272, 35.0743], [-90.271, 35.0744], [-90.27, 35.0745], [-90.2678, 35.075], [-90.2666, 35.0753], [-90.2656, 35.0753], [-90.2636, 35.0752], [-90.2619, 35.075], [-90.2591, 35.0749], [-90.2575, 35.0751], [-90.2564, 35.0751], [-90.2554, 35.075], [-90.2543, 35.0746], [-90.2538, 35.0743], [-90.2521, 35.0728], [-90.2517, 35.0724], [-90.2491, 35.07], [-90.2485, 35.0696], [-90.2479, 35.0695], [-90.2467, 35.0701], [-90.2463, 35.0702], [-90.2454, 35.0698], [-90.2439, 35.0686], [-90.2417, 35.0675], [-90.2405, 35.0664], [-90.2397, 35.0654], [-90.2394, 35.0648], [-90.2391, 35.0629], [-90.2391, 35.0621], [-90.2393, 35.0615], [-90.2402, 35.0603], [-90.241, 35.0597], [-90.2421, 35.0595], [-90.2434, 35.0592], [-90.2451, 35.0586], [-90.2458, 35.0577], [-90.2464, 35.0567], [-90.247, 35.0564], [-90.2487, 35.0563], [-90.2493, 35.0566], [-90.2524, 35.0594], [-90.2538, 35.0615], [-90.2547, 35.0622], [-90.2552, 35.0629], [-90.2564, 35.0639], [-90.2572, 35.0645], [-90.2583, 35.0654], [-90.2617, 35.0682], [-90.2625, 35.0685], [-90.2631, 35.0681], [-90.2629, 35.0674], [-90.263, 35.0669], [-90.2627, 35.0655], [-90.2628, 35.0645], [-90.2636, 35.0629], [-90.2632, 35.0619], [-90.2624, 35.0608], [-90.2622, 35.06], [-90.261, 35.0584], [-90.2603, 35.0572], [-90.2585, 35.0553], [-90.2573, 35.0544], [-90.2566, 35.0536], [-90.256, 35.0531], [-90.256, 35.0522], [-90.2554, 35.0515], [-90.2541, 35.0507], [-90.2536, 35.0506], [-90.253, 35.0502], [-90.2535, 35.05], [-90.2544, 35.0503], [-90.2556, 35.051], [-90.2561, 35.0515], [-90.2575, 35.053], [-90.2587, 35.0537], [-90.2608, 35.0555], [-90.2616, 35.0567], [-90.2635, 35.0593], [-90.2638, 35.0599], [-90.2658, 35.0624], [-90.2666, 35.0638], [-90.2674, 35.065], [-90.2682, 35.0665], [-90.2691, 35.0675], [-90.2706, 35.0686], [-90.2719, 35.0697], [-90.2744, 35.0705], [-90.2763, 35.0715], [-90.2782, 35.0721], [-90.2788, 35.0722], [-90.2807, 35.0722], [-90.2825, 35.0721], [-90.2851, 35.0721], [-90.289, 35.0714], [-90.2907, 35.0712], [-90.292, 35.0712], [-90.2943, 35.0709], [-90.2948, 35.0707], [-90.296, 35.0705], [-90.2964, 35.0704], [-90.2983, 35.0702], [-90.2988, 35.0701], [-90.3, 35.07], [-90.3, 35.0691], [-90.2986, 35.069], [-90.2958, 35.0687], [-90.2949, 35.0686], [-90.2871, 35.0686], [-90.2852, 35.0685], [-90.2833, 35.0678], [-90.2829, 35.0672], [-90.2822, 35.0659], [-90.2819, 35.0653], [-90.2813, 35.0649], [-90.2782, 35.0642], [-90.2773, 35.0635], [-90.2759, 35.0627], [-90.2756, 35.0624], [-90.2758, 35.0621], [-90.2772, 35.0622], [-90.278, 35.0626], [-90.2799, 35.063], [-90.2823, 35.0639], [-90.2848, 35.0649], [-90.2897, 35.0668], [-90.2901, 35.067], [-90.2908, 35.0672], [-90.2912, 35.0668], [-90.2905, 35.0662], [-90.2899, 35.066], [-90.2892, 35.0658], [-90.2882, 35.0658], [-90.2862, 35.0646], [-90.2844, 35.0636], [-90.283, 35.063], [-90.2806, 35.0618], [-90.2807, 35.0613], [-90.2819, 35.0617], [-90.2826, 35.0622], [-90.2832, 35.0623], [-90.2838, 35.0619], [-90.2835, 35.0609], [-90.2831, 35.0603], [-90.2833, 35.0602], [-90.2842, 35.0607], [-90.2862, 35.0626], [-90.2886, 35.0642], [-90.2894, 35.0648], [-90.2915, 35.0661], [-90.2922, 35.0663], [-90.2933, 35.0669], [-90.2942, 35.0676], [-90.2947, 35.0677], [-90.3, 35.0677], [-90.3, 35.0618], [-90.2891, 35.0618], [-90.2883, 35.0617], [-90.2836, 35.059], [-90.2825, 35.0584], [-90.2784, 35.0557], [-90.2744, 35.0536], [-90.2676, 35.0511], [-90.2663, 35.0507], [-90.2536, 35.0471], [-90.2495, 35.0459], [-90.2411, 35.0422], [-90.2404, 35.0424], [-90.2347, 35.0443], [-90.2294, 35.0459], [-90.2249, 35.0483], [-90.2235, 35.0492], [-90.219, 35.0517], [-90.2179, 35.0525], [-90.2138, 35.0554], [-90.2079, 35.0598], [-90.2049, 35.0627], [-90.2023, 35.0649], [-90.1989, 35.0672], [-90.1968, 35.0727], [-90.197, 35.0729], [-90.199, 35.0737], [-90.1992, 35.0741], [-90.1982, 35.0765], [-90.1952, 35.0769], [-90.1949, 35.0771], [-90.1938, 35.0796], [-90.1923, 35.0835], [-90.1919, 35.0857], [-90.1909, 35.0909], [-90.1905, 35.0932], [-90.1893, 35.0998], [-90.1885, 35.1031], [-90.1884, 35.1036], [-90.1872, 35.1095], [-90.1866, 35.1124], [-90.1859, 35.1151], [-90.1831, 35.1183], [-90.1794, 35.1224], [-90.177, 35.1251], [-90.1741, 35.1283], [-90.1702, 35.1323], [-90.1694, 35.133], [-90.162, 35.1345], [-90.1608, 35.1348], [-90.1589, 35.1362], [-90.1583, 35.1364], [-90.1536, 35.1372], [-90.1513, 35.1377], [-90.1488, 35.1381], [-90.1467, 35.1385], [-90.1373, 35.1402], [-90.134, 35.1408], [-90.1291, 35.1417], [-90.1287, 35.1421], [-90.126, 35.1425], [-90.1253, 35.1428], [-90.125, 35.1439], [-90.1248, 35.1451], [-90.1244, 35.1458], [-90.1238, 35.1459], [-90.1232, 35.1457], [-90.1226, 35.1457], [-90.1223, 35.1462], [-90.1233, 35.1468], [-90.1231, 35.1473], [-90.1205, 35.1491], [-90.1201, 35.1495], [-90.1188, 35.1504], [-90.118, 35.1513], [-90.1174, 35.152], [-90.1165, 35.1525], [-90.1156, 35.1534], [-90.1153, 35.1539], [-90.1154, 35.1545], [-90.1156, 35.155], [-90.1156, 35.1562], [-90.1155, 35.1567], [-90.1159, 35.158], [-90.1161, 35.1613], [-90.1165, 35.1647], [-90.1178, 35.1693], [-90.1181, 35.1702], [-90.1185, 35.1705], [-90.1201, 35.1711], [-90.1206, 35.172], [-90.1218, 35.1754], [-90.1228, 35.1781], [-90.1234, 35.1801], [-90.1235, 35.183], [-90.1236, 35.1844], [-90.1248, 35.1865], [-90.1245, 35.1874], [-90.1223, 35.1895], [-90.1221, 35.1898], [-90.1218, 35.1919], [-90.1219, 35.1929], [-90.1218, 35.194], [-90.1215, 35.1958], [-90.121, 35.1967], [-90.1207, 35.1975], [-90.1203, 35.1981], [-90.1184, 35.2006], [-90.1177, 35.2014], [-90.1174, 35.2019], [-90.1138, 35.2051], [-90.1117, 35.2069], [-90.1107, 35.2078], [-90.1083, 35.2098], [-90.1054, 35.2123], [-90.104, 35.2141], [-90.1035, 35.2153], [-90.1025, 35.2182], [-90.1008, 35.2233], [-90.101, 35.2238], [-90.1032, 35.2285], [-90.1064, 35.2353], [-90.104, 35.2356], [-90.1034, 35.2356], [-90.1026, 35.235], [-90.1, 35.2294], [-90.0999, 35.2299], [-90.0999, 35.2308], [-90.1003, 35.2316], [-90.1004, 35.232], [-90.1023, 35.2355], [-90.1027, 35.2361], [-90.1035, 35.2363], [-90.1066, 35.2358], [-90.1112, 35.2395], [-90.1116, 35.2399], [-90.112, 35.2423], [-90.1121, 35.2435], [-90.1131, 35.249], [-90.1132, 35.2491], [-90.1148, 35.2495], [-90.12, 35.2494], [-90.1242, 35.2493], [-90.1248, 35.2492], [-90.1269, 35.2482], [-90.128, 35.2477], [-90.13, 35.2471], [-90.1316, 35.2471], [-90.1386, 35.2476], [-90.1414, 35.2479], [-90.1438, 35.2484], [-90.1491, 35.2493], [-90.1503, 35.2496], [-90.155, 35.2517], [-90.1583, 35.2532], [-90.1622, 35.2587], [-90.1667, 35.2649], [-90.1668, 35.2651], [-90.1678, 35.2682], [-90.1701, 35.2752], [-90.1718, 35.2805], [-90.1717, 35.2819], [-90.171, 35.2872], [-90.1704, 35.2919], [-90.1703, 35.2928], [-90.1689, 35.2961], [-90.1686, 35.2964], [-90.1648, 35.3002], [-90.1636, 35.3014], [-90.1633, 35.302], [-90.1622, 35.3069], [-90.1618, 35.3077], [-90.1614, 35.308], [-90.1598, 35.3086], [-90.1569, 35.3103], [-90.1533, 35.3115], [-90.1517, 35.3128], [-90.1499, 35.3137], [-90.1465, 35.3157], [-90.1462, 35.3159], [-90.1453, 35.317], [-90.1443, 35.3188], [-90.1438, 35.3192], [-90.1426, 35.3194], [-90.1405, 35.3203], [-90.1398, 35.3208], [-90.1392, 35.3218], [-90.1383, 35.3237], [-90.1382, 35.3244], [-90.1384, 35.3258], [-90.14, 35.3311], [-90.1416, 35.3344], [-90.1418, 35.3353], [-90.1429, 35.3424], [-90.144, 35.3462], [-90.1444, 35.3476], [-90.1447, 35.3481], [-90.1452, 35.3484], [-90.1473, 35.3494], [-90.1518, 35.3508], [-90.1532, 35.3514], [-90.1543, 35.352], [-90.1548, 35.3528], [-90.1551, 35.3542], [-90.1553, 35.3546], [-90.1618, 35.363], [-90.1641, 35.3666], [-90.1649, 35.3696], [-90.1675, 35.3719], [-90.1698, 35.3739], [-90.1719, 35.3751], [-90.1744, 35.3764], [-90.1768, 35.378], [-90.1791, 35.38], [-90.2332, 35.38], [-90.2331, 35.3796], [-90.2337, 35.3795], [-90.234, 35.3788], [-90.234, 35.3779], [-90.234, 35.3756], [-90.2342, 35.3742], [-90.2342, 35.3727], [-90.2334, 35.3726], [-90.2309, 35.3725], [-90.2307, 35.3723], [-90.231, 35.3717], [-90.2317, 35.371], [-90.2321, 35.3701], [-90.2321, 35.3695], [-90.2329, 35.3679], [-90.2331, 35.367], [-90.2332, 35.3659], [-90.2326, 35.3643], [-90.2327, 35.3628], [-90.2325, 35.362], [-90.2294, 35.3581], [-90.2281, 35.3569], [-90.227, 35.3562], [-90.226, 35.3553], [-90.2247, 35.3547], [-90.2221, 35.3546], [-90.221, 35.3549], [-90.2191, 35.355], [-90.2185, 35.3552], [-90.2181, 35.3545], [-90.2147, 35.352], [-90.2129, 35.3506], [-90.2106, 35.3489], [-90.2085, 35.3474], [-90.2062, 35.3454], [-90.203, 35.3428], [-90.2005, 35.3409], [-90.2001, 35.3408], [-90.1992, 35.3412], [-90.1987, 35.341], [-90.1982, 35.3404], [-90.1975, 35.3405], [-90.1964, 35.3401], [-90.1958, 35.3397], [-90.1915, 35.3405], [-90.1907, 35.3404], [-90.1905, 35.3395], [-90.1906, 35.3387], [-90.1903, 35.3382], [-90.1892, 35.3382], [-90.1881, 35.3381], [-90.1867, 35.3378], [-90.1856, 35.337], [-90.1851, 35.3366], [-90.1838, 35.3355], [-90.1834, 35.335], [-90.1827, 35.3349], [-90.1827, 35.3336], [-90.1827, 35.3317], [-90.1835, 35.3318], [-90.1854, 35.3322], [-90.1867, 35.3322], [-90.187, 35.3326], [-90.1872, 35.3334], [-90.1876, 35.3336], [-90.1887, 35.3341], [-90.1898, 35.3346], [-90.1912, 35.3347], [-90.1914, 35.3351], [-90.195, 35.3351], [-90.1964, 35.3352], [-90.1984, 35.3352], [-90.2004, 35.3354], [-90.2011, 35.3355], [-90.2033, 35.3358], [-90.2058, 35.3356], [-90.2074, 35.3352], [-90.2081, 35.3348], [-90.2099, 35.3343], [-90.2122, 35.3334], [-90.2135, 35.3325], [-90.2154, 35.332], [-90.217, 35.3319], [-90.219, 35.3323], [-90.2215, 35.3325], [-90.2225, 35.3326], [-90.2242, 35.3331], [-90.2249, 35.3332], [-90.2249, 35.3326], [-90.2251, 35.3324], [-90.2261, 35.3324], [-90.228, 35.3329], [-90.2287, 35.3332], [-90.2311, 35.3343], [-90.2321, 35.3346], [-90.2334, 35.3346], [-90.2349, 35.3346], [-90.2345, 35.3342], [-90.2332, 35.3337], [-90.2326, 35.3333], [-90.2302, 35.3323], [-90.2284, 35.3314], [-90.2265, 35.3308], [-90.2251, 35.3304], [-90.223, 35.3301], [-90.2224, 35.3299], [-90.222, 35.3291], [-90.2218, 35.3285], [-90.2214, 35.3284], [-90.2205, 35.3294], [-90.2201, 35.3297], [-90.219, 35.3299], [-90.2173, 35.3299], [-90.2159, 35.3298], [-90.2108, 35.3301], [-90.2102, 35.3302], [-90.2093, 35.3307], [-90.2082, 35.3306], [-90.2059, 35.3312], [-90.2049, 35.3316], [-90.2037, 35.3315], [-90.2025, 35.332], [-90.2015, 35.3321], [-90.1998, 35.3322], [-90.198, 35.3326], [-90.1965, 35.3325], [-90.1955, 35.3323], [-90.1944, 35.3323], [-90.1936, 35.3324], [-90.1912, 35.3328], [-90.1908, 35.3326], [-90.1893, 35.3323], [-90.1888, 35.3324], [-90.1881, 35.3323], [-90.1882, 35.3316], [-90.1887, 35.3311], [-90.1894, 35.3308], [-90.1904, 35.3305], [-90.1912, 35.3306], [-90.1925, 35.3303], [-90.1939, 35.3302], [-90.1953, 35.33], [-90.2, 35.3297], [-90.2014, 35.3293], [-90.203, 35.3287], [-90.2046, 35.3284], [-90.2065, 35.3283], [-90.2076, 35.3283], [-90.209, 35.3277], [-90.21, 35.3274], [-90.211, 35.3273], [-90.2122, 35.3271], [-90.2141, 35.3268], [-90.2177, 35.3266], [-90.2204, 35.327], [-90.2234, 35.3275], [-90.2259, 35.328], [-90.2284, 35.3287], [-90.2299, 35.3289], [-90.2298, 35.3275], [-90.2299, 35.327], [-90.2305, 35.3267], [-90.2309, 35.3263], [-90.2309, 35.3258], [-90.2302, 35.325], [-90.2302, 35.3245], [-90.2298, 35.3238], [-90.2281, 35.3214], [-90.227, 35.3204], [-90.226, 35.3196], [-90.2249, 35.319], [-90.2247, 35.3184], [-90.2249, 35.317], [-90.2254, 35.317], [-90.2254, 35.3181], [-90.2271, 35.3194], [-90.2283, 35.3206], [-90.2301, 35.3229], [-90.2313, 35.3252], [-90.2319, 35.3252], [-90.2325, 35.3257], [-90.2321, 35.3262], [-90.232, 35.327], [-90.231, 35.3274], [-90.2307, 35.328], [-90.2307, 35.3292], [-90.231, 35.3296], [-90.232, 35.3304], [-90.2331, 35.331], [-90.2353, 35.3326], [-90.2368, 35.3334], [-90.2409, 35.3349], [-90.244, 35.3366], [-90.245, 35.3406], [-90.2459, 35.3421], [-90.2457, 35.3426], [-90.2456, 35.3436], [-90.2458, 35.3444], [-90.2462, 35.3448], [-90.2461, 35.3459], [-90.2461, 35.3476], [-90.2469, 35.3502], [-90.2481, 35.3523], [-90.2486, 35.3537], [-90.2489, 35.3562], [-90.2495, 35.3581], [-90.2505, 35.3593], [-90.2511, 35.3611], [-90.2513, 35.3619], [-90.2518, 35.3631], [-90.2518, 35.3643], [-90.2521, 35.3654], [-90.2525, 35.3659], [-90.2532, 35.3658], [-90.2537, 35.3648], [-90.2547, 35.3641], [-90.2554, 35.3634], [-90.2564, 35.3609], [-90.2564, 35.3578], [-90.2561, 35.3574], [-90.2565, 35.3568], [-90.2566, 35.3562], [-90.2574, 35.3563], [-90.2586, 35.3559], [-90.2602, 35.3564], [-90.2609, 35.3567], [-90.2612, 35.3571], [-90.2612, 35.358], [-90.2619, 35.3591], [-90.2626, 35.3594], [-90.2629, 35.3592], [-90.2641, 35.3593], [-90.2651, 35.359], [-90.2652, 35.3585], [-90.2647, 35.3578], [-90.2658, 35.3579], [-90.2662, 35.3582], [-90.2675, 35.3581], [-90.2686, 35.3582], [-90.269, 35.3585], [-90.2689, 35.3599], [-90.2697, 35.3598], [-90.2708, 35.3587], [-90.2711, 35.3583], [-90.2711, 35.3578], [-90.2721, 35.3573], [-90.2738, 35.357], [-90.274, 35.3568], [-90.274, 35.3562], [-90.2728, 35.3553], [-90.2723, 35.3548], [-90.2715, 35.3536], [-90.2714, 35.3523], [-90.2711, 35.3515], [-90.2715, 35.3514], [-90.2724, 35.352], [-90.2744, 35.3523], [-90.2747, 35.3529], [-90.274, 35.353], [-90.2725, 35.3526], [-90.2723, 35.3529], [-90.273, 35.3542], [-90.2731, 35.3548], [-90.2747, 35.3563], [-90.2748, 35.3567], [-90.2747, 35.3574], [-90.2746, 35.3583], [-90.2743, 35.3581], [-90.274, 35.3576], [-90.2735, 35.3575], [-90.2722, 35.3578], [-90.2719, 35.3581], [-90.2714, 35.3592], [-90.2707, 35.3599], [-90.2692, 35.3606], [-90.2687, 35.3606], [-90.2679, 35.3602], [-90.2677, 35.3599], [-90.2682, 35.3593], [-90.2678, 35.3587], [-90.2665, 35.359], [-90.265, 35.3596], [-90.2635, 35.3601], [-90.2629, 35.3599], [-90.2616, 35.3599], [-90.2606, 35.359], [-90.2598, 35.358], [-90.2599, 35.3575], [-90.2596, 35.3572], [-90.2588, 35.3568], [-90.2581, 35.3568], [-90.2573, 35.3573], [-90.2572, 35.3595], [-90.2571, 35.3599], [-90.257, 35.3612], [-90.2573, 35.3617], [-90.2568, 35.362], [-90.2567, 35.3629], [-90.2562, 35.3637], [-90.2556, 35.3645], [-90.2548, 35.3652], [-90.2539, 35.3662], [-90.2531, 35.3667], [-90.2515, 35.3674], [-90.2505, 35.3675], [-90.2485, 35.3677], [-90.2457, 35.368], [-90.2445, 35.3683], [-90.2434, 35.3688], [-90.2427, 35.3693], [-90.2422, 35.3704], [-90.2412, 35.3709], [-90.2408, 35.3713], [-90.2404, 35.3721], [-90.2409, 35.3728], [-90.2422, 35.3726], [-90.2423, 35.3732], [-90.2408, 35.3737], [-90.2402, 35.3741], [-90.2399, 35.3749], [-90.2396, 35.375], [-90.2387, 35.3745], [-90.2382, 35.3745], [-90.2369, 35.3748], [-90.2356, 35.3747], [-90.2351, 35.375], [-90.2348, 35.3776], [-90.2348, 35.3789], [-90.2343, 35.38], [-90.2532, 35.38], [-90.2542, 35.379], [-90.2546, 35.38], [-90.2608, 35.38], [-90.2613, 35.3798], [-90.2644, 35.3798], [-90.2646, 35.38], [-90.288, 35.38], [-90.2873, 35.3791], [-90.2863, 35.378], [-90.2856, 35.3767], [-90.2849, 35.3765], [-90.2833, 35.3769], [-90.2815, 35.3768], [-90.2809, 35.3765], [-90.2802, 35.3764], [-90.2801, 35.3761], [-90.2827, 35.3761], [-90.2846, 35.3758], [-90.2853, 35.3753], [-90.2854, 35.3749], [-90.2851, 35.3739], [-90.2845, 35.3732], [-90.2846, 35.3729], [-90.2854, 35.3723], [-90.2855, 35.3716], [-90.2854, 35.3711], [-90.2847, 35.3702], [-90.2845, 35.3692], [-90.2851, 35.3682], [-90.285, 35.3679], [-90.2843, 35.3668], [-90.2849, 35.3666], [-90.2855, 35.3662], [-90.2851, 35.3657], [-90.2838, 35.3653], [-90.2835, 35.3649], [-90.2836, 35.3623], [-90.2841, 35.362], [-90.2841, 35.3642], [-90.2846, 35.3648], [-90.2851, 35.3648], [-90.2858, 35.364], [-90.2856, 35.3631], [-90.2866, 35.3619], [-90.2867, 35.3607], [-90.2874, 35.3602], [-90.288, 35.3591], [-90.2881, 35.3584], [-90.2877, 35.3582], [-90.2862, 35.3581], [-90.2852, 35.3569], [-90.286, 35.356], [-90.2856, 35.356], [-90.2851, 35.3562], [-90.284, 35.3564], [-90.2831, 35.3559], [-90.283, 35.3555], [-90.2834, 35.3551], [-90.2836, 35.3543], [-90.2834, 35.354], [-90.2824, 35.3536], [-90.2821, 35.3534], [-90.2823, 35.3524], [-90.2819, 35.3517], [-90.2815, 35.3517], [-90.2809, 35.3522], [-90.2792, 35.3524], [-90.2794, 35.3541], [-90.2779, 35.3548], [-90.2764, 35.3516], [-90.277, 35.3524], [-90.2777, 35.353], [-90.2781, 35.3535], [-90.2784, 35.3534], [-90.2783, 35.3519], [-90.2796, 35.3513], [-90.2803, 35.3512], [-90.2813, 35.3509], [-90.2817, 35.3506], [-90.2821, 35.3507], [-90.2826, 35.3511], [-90.2833, 35.3523], [-90.2831, 35.3531], [-90.284, 35.3533], [-90.285, 35.3541], [-90.285, 35.3547], [-90.2842, 35.3552], [-90.2843, 35.3556], [-90.285, 35.3555], [-90.2859, 35.3553], [-90.2863, 35.355], [-90.2868, 35.355], [-90.2873, 35.3553], [-90.2878, 35.3552], [-90.2886, 35.3547], [-90.2889, 35.3548], [-90.2896, 35.3557], [-90.2899, 35.3558], [-90.2907, 35.3558], [-90.2911, 35.3565], [-90.2916, 35.3568], [-90.292, 35.3565], [-90.291, 35.3551], [-90.2911, 35.3547], [-90.2919, 35.3541], [-90.2918, 35.3551], [-90.2925, 35.3557], [-90.2931, 35.356], [-90.2935, 35.356], [-90.2947, 35.3547], [-90.2953, 35.3539], [-90.2956, 35.3532], [-90.2965, 35.352], [-90.2968, 35.3521], [-90.2961, 35.3538], [-90.295, 35.3559], [-90.2936, 35.3571], [-90.2928, 35.3581], [-90.2923, 35.3585], [-90.2919, 35.3586], [-90.2912, 35.3584], [-90.2906, 35.3588], [-90.2898, 35.359], [-90.2904, 35.3595], [-90.2913, 35.3604], [-90.2913, 35.3608], [-90.291, 35.3611], [-90.2902, 35.3614], [-90.2892, 35.3611], [-90.2888, 35.3614], [-90.2893, 35.3622], [-90.2894, 35.3629], [-90.2888, 35.3633], [-90.2875, 35.3633], [-90.2874, 35.3636], [-90.2881, 35.3642], [-90.2881, 35.365], [-90.2877, 35.3658], [-90.2869, 35.3661], [-90.2871, 35.3666], [-90.2882, 35.3666], [-90.2883, 35.3673], [-90.2881, 35.3676], [-90.2874, 35.3681], [-90.2873, 35.3684], [-90.289, 35.3684], [-90.2887, 35.369], [-90.2879, 35.3699], [-90.2877, 35.3705], [-90.2885, 35.3715], [-90.2883, 35.3719], [-90.2878, 35.372], [-90.2871, 35.3731], [-90.2869, 35.3746], [-90.2873, 35.3755], [-90.288, 35.3763], [-90.2881, 35.3773], [-90.2886, 35.3776], [-90.289, 35.3784], [-90.2892, 35.3794], [-90.2899, 35.38], [-90.3, 35.38], [-90.3, 35.2728], [-90.2981, 35.2747], [-90.2976, 35.274], [-90.2976, 35.2738], [-90.2989, 35.2731], [-90.3, 35.2721], [-90.3, 35.271], [-90.2985, 35.2716], [-90.2982, 35.2714], [-90.2987, 35.271], [-90.3, 35.2703], [-90.3, 35.2556], [-90.2994, 35.2562], [-90.299, 35.257], [-90.2987, 35.257], [-90.2974, 35.2586], [-90.2968, 35.2597], [-90.2959, 35.2602], [-90.2961, 35.2591], [-90.2965, 35.259], [-90.2967, 35.2583], [-90.2977, 35.2574], [-90.2981, 35.2565], [-90.2986, 35.2559], [-90.2993, 35.2554], [-90.2992, 35.255], [-90.3, 35.2545], [-90.3, 35.2343], [-90.2979, 35.234], [-90.2958, 35.2335], [-90.2938, 35.2334], [-90.2929, 35.2329], [-90.2922, 35.233], [-90.2918, 35.2339], [-90.2918, 35.2353], [-90.292, 35.237], [-90.2923, 35.2378], [-90.2932, 35.2391], [-90.2923, 35.24], [-90.2922, 35.2411], [-90.2925, 35.245], [-90.2925, 35.2474], [-90.2924, 35.2487], [-90.2921, 35.2493], [-90.2912, 35.2503], [-90.2911, 35.2517], [-90.2906, 35.2533], [-90.2892, 35.2558], [-90.2877, 35.2578], [-90.2878, 35.2583], [-90.2871, 35.2588], [-90.2863, 35.26], [-90.2856, 35.2606], [-90.2852, 35.2605], [-90.2852, 35.2601], [-90.2855, 35.2597], [-90.286, 35.2596], [-90.2862, 35.2589], [-90.2874, 35.2573], [-90.2881, 35.2558], [-90.2896, 35.2543], [-90.29, 35.2532], [-90.2896, 35.2526], [-90.2906, 35.2522], [-90.2907, 35.251], [-90.2904, 35.2501], [-90.2909, 35.2484], [-90.291, 35.2477], [-90.2909, 35.2453], [-90.2912, 35.2433], [-90.2913, 35.2398], [-90.2912, 35.2387], [-90.2906, 35.2376], [-90.2904, 35.2355], [-90.2905, 35.2338], [-90.2907, 35.2327], [-90.2907, 35.2306], [-90.2905, 35.2302], [-90.2905, 35.2292], [-90.2907, 35.2273], [-90.2907, 35.2263], [-90.2903, 35.2251], [-90.2893, 35.2235], [-90.2888, 35.2229], [-90.2884, 35.222], [-90.2877, 35.2217], [-90.2874, 35.2211], [-90.286, 35.2211], [-90.2854, 35.2211], [-90.2835, 35.2211], [-90.2829, 35.2216], [-90.2827, 35.2235], [-90.2831, 35.2244], [-90.2838, 35.2251], [-90.2842, 35.2259], [-90.2843, 35.227], [-90.284, 35.2287], [-90.284, 35.2307], [-90.2839, 35.2316], [-90.2839, 35.233], [-90.284, 35.2335], [-90.2845, 35.2343], [-90.2846, 35.2347], [-90.2845, 35.2357], [-90.2839, 35.237], [-90.2838, 35.2374], [-90.284, 35.2391], [-90.2839, 35.2397], [-90.2836, 35.2417], [-90.2828, 35.2444], [-90.2827, 35.2453], [-90.2823, 35.2465], [-90.2814, 35.2482], [-90.281, 35.2489], [-90.2798, 35.2503], [-90.2794, 35.2508], [-90.279, 35.2517], [-90.2788, 35.2526], [-90.2789, 35.2537], [-90.2779, 35.2531], [-90.2765, 35.2537], [-90.2762, 35.2541], [-90.2754, 35.2554], [-90.2752, 35.256], [-90.2752, 35.258], [-90.2749, 35.2594], [-90.2744, 35.2607], [-90.2734, 35.2629], [-90.2733, 35.2635], [-90.2743, 35.2636], [-90.2743, 35.2639], [-90.2737, 35.2646], [-90.2731, 35.2655], [-90.2716, 35.2674], [-90.2699, 35.2709], [-90.2695, 35.2716], [-90.269, 35.2726], [-90.2686, 35.2747], [-90.2684, 35.2748], [-90.2682, 35.2765], [-90.2679, 35.2774], [-90.2675, 35.2778], [-90.2672, 35.2787], [-90.2671, 35.2797], [-90.267, 35.2819], [-90.2668, 35.2832], [-90.2669, 35.2852], [-90.2671, 35.2865], [-90.2677, 35.2886], [-90.2682, 35.2907], [-90.2686, 35.2913], [-90.2699, 35.2949], [-90.2703, 35.2965], [-90.2703, 35.2982], [-90.2699, 35.3002], [-90.2696, 35.3016], [-90.2687, 35.3031], [-90.2686, 35.3037], [-90.2677, 35.305], [-90.2672, 35.3053], [-90.2669, 35.3059], [-90.2662, 35.3067], [-90.2639, 35.3087], [-90.2621, 35.3102], [-90.2607, 35.3111], [-90.2583, 35.3123], [-90.256, 35.3135], [-90.2557, 35.3133], [-90.2543, 35.3106], [-90.2546, 35.3099], [-90.2551, 35.31], [-90.2551, 35.3107], [-90.2555, 35.3111], [-90.2562, 35.3109], [-90.2582, 35.3104], [-90.259, 35.3101], [-90.2594, 35.3097], [-90.2608, 35.3089], [-90.2612, 35.3082], [-90.2624, 35.3077], [-90.2629, 35.3074], [-90.2643, 35.3068], [-90.2652, 35.306], [-90.2672, 35.3037], [-90.2676, 35.303], [-90.2678, 35.302], [-90.2681, 35.3013], [-90.2686, 35.2998], [-90.2686, 35.2986], [-90.2688, 35.298], [-90.2687, 35.296], [-90.268, 35.2925], [-90.2673, 35.2917], [-90.2669, 35.2917], [-90.2667, 35.2923], [-90.2662, 35.2925], [-90.2658, 35.2919], [-90.2649, 35.2895], [-90.2645, 35.2887], [-90.2641, 35.289], [-90.2639, 35.2902], [-90.2639, 35.2922], [-90.2637, 35.2926], [-90.2631, 35.2924], [-90.2631, 35.2918], [-90.2631, 35.2889], [-90.263, 35.2887], [-90.2622, 35.2891], [-90.2613, 35.2903], [-90.2604, 35.2913], [-90.2591, 35.2932], [-90.258, 35.2944], [-90.2574, 35.2947], [-90.2538, 35.2981], [-90.2523, 35.299], [-90.2506, 35.2996], [-90.2486, 35.2998], [-90.2483, 35.2992], [-90.2507, 35.2992], [-90.2521, 35.2987], [-90.2533, 35.2979], [-90.2543, 35.297], [-90.2551, 35.2961], [-90.256, 35.2954], [-90.257, 35.2943], [-90.2588, 35.2922], [-90.2596, 35.2914], [-90.2603, 35.2903], [-90.2613, 35.289], [-90.2617, 35.2881], [-90.262, 35.2858], [-90.2623, 35.285], [-90.2628, 35.2841], [-90.2632, 35.2823], [-90.2636, 35.2815], [-90.2636, 35.281], [-90.2633, 35.2798], [-90.2631, 35.2784], [-90.2628, 35.2781], [-90.2622, 35.2781], [-90.2616, 35.2787], [-90.261, 35.2797], [-90.2606, 35.2804], [-90.2596, 35.2823], [-90.2587, 35.2837], [-90.2582, 35.2834], [-90.2586, 35.2824], [-90.2589, 35.2809], [-90.2594, 35.2796], [-90.26, 35.2778], [-90.2603, 35.2762], [-90.2604, 35.274], [-90.261, 35.272], [-90.2612, 35.2689], [-90.2612, 35.2679], [-90.2614, 35.2672], [-90.2617, 35.2667], [-90.2614, 35.266], [-90.2618, 35.2659], [-90.2622, 35.2653], [-90.2622, 35.2646], [-90.2631, 35.2622], [-90.2634, 35.2618], [-90.2636, 35.2611], [-90.2639, 35.2608], [-90.264, 35.2602], [-90.2653, 35.2578], [-90.2681, 35.2529], [-90.2698, 35.2501], [-90.2701, 35.2495], [-90.2707, 35.2487], [-90.2719, 35.2477], [-90.2727, 35.2466], [-90.2736, 35.2451], [-90.2744, 35.2436], [-90.2745, 35.2428], [-90.2749, 35.2421], [-90.2756, 35.2396], [-90.2757, 35.2378], [-90.2763, 35.236], [-90.2764, 35.2341], [-90.2765, 35.233], [-90.2764, 35.232], [-90.2763, 35.2303], [-90.2753, 35.2285], [-90.275, 35.2281], [-90.2738, 35.2275], [-90.2726, 35.227], [-90.271, 35.2266], [-90.2677, 35.2254], [-90.2659, 35.225], [-90.2642, 35.2251], [-90.2625, 35.2254], [-90.2619, 35.2257], [-90.2609, 35.2266], [-90.2602, 35.2274], [-90.2596, 35.2285], [-90.2591, 35.2296], [-90.2585, 35.2315], [-90.2581, 35.2331], [-90.2579, 35.2348], [-90.2575, 35.236], [-90.2571, 35.2371], [-90.2556, 35.24], [-90.2551, 35.2412], [-90.2545, 35.2418], [-90.2536, 35.2421], [-90.2521, 35.2422], [-90.2513, 35.2424], [-90.25, 35.2424], [-90.2497, 35.2422], [-90.2468, 35.2414], [-90.2461, 35.2414], [-90.2446, 35.2415], [-90.2438, 35.2418], [-90.2422, 35.242], [-90.2373, 35.2431], [-90.2365, 35.2431], [-90.2341, 35.2431], [-90.2332, 35.2433], [-90.2324, 35.2443], [-90.2317, 35.2448], [-90.2306, 35.2453], [-90.23, 35.2457], [-90.2299, 35.2472], [-90.2293, 35.2476], [-90.229, 35.2482], [-90.2288, 35.2488], [-90.2283, 35.2493], [-90.2276, 35.2497], [-90.2266, 35.2498], [-90.2257, 35.2494], [-90.2252, 35.2494], [-90.2248, 35.2498], [-90.2235, 35.2503], [-90.2232, 35.2506], [-90.2232, 35.2514], [-90.2244, 35.2521], [-90.2248, 35.2531], [-90.2244, 35.2535], [-90.2236, 35.2537], [-90.2223, 35.2512], [-90.222, 35.2506], [-90.2216, 35.2495], [-90.2213, 35.2488], [-90.2209, 35.2478], [-90.2205, 35.2472], [-90.2197, 35.2474], [-90.2192, 35.2477], [-90.219, 35.2482], [-90.2195, 35.2497], [-90.2199, 35.2505], [-90.2203, 35.2517], [-90.2201, 35.2521], [-90.2195, 35.2522], [-90.2185, 35.2526], [-90.2174, 35.2526], [-90.2163, 35.252], [-90.2159, 35.2516], [-90.2159, 35.2508], [-90.2153, 35.2508], [-90.2131, 35.2512], [-90.2124, 35.2513], [-90.2125, 35.2517], [-90.2125, 35.2525], [-90.2121, 35.2531], [-90.2095, 35.2539], [-90.208, 35.255], [-90.2078, 35.2556], [-90.2069, 35.2561], [-90.2059, 35.257], [-90.2058, 35.259], [-90.2053, 35.2596], [-90.2045, 35.2597], [-90.2041, 35.2601], [-90.2025, 35.2614], [-90.202, 35.2617], [-90.2011, 35.2617], [-90.201, 35.261], [-90.201, 35.2598], [-90.2011, 35.2595], [-90.2012, 35.2578], [-90.2015, 35.2567], [-90.2031, 35.2553], [-90.2035, 35.255], [-90.2044, 35.2549], [-90.2047, 35.2546], [-90.2051, 35.2533], [-90.2051, 35.2526], [-90.2054, 35.2526], [-90.2055, 35.2533], [-90.2061, 35.2539], [-90.2073, 35.2534], [-90.208, 35.2528], [-90.2079, 35.2524], [-90.2083, 35.252], [-90.2094, 35.2519], [-90.2099, 35.2512], [-90.2112, 35.2502], [-90.2115, 35.2502], [-90.2117, 35.2511], [-90.2126, 35.2509], [-90.2129, 35.2504], [-90.2129, 35.2493], [-90.2131, 35.2488], [-90.2147, 35.2475], [-90.2154, 35.2475], [-90.2179, 35.246], [-90.2182, 35.2461], [-90.2187, 35.2475], [-90.2195, 35.2472], [-90.2203, 35.2464], [-90.2198, 35.2452], [-90.2198, 35.2449], [-90.2209, 35.244], [-90.2217, 35.244], [-90.223, 35.2428], [-90.2245, 35.2415], [-90.2247, 35.2412], [-90.226, 35.2399], [-90.2265, 35.2393], [-90.2266, 35.2383], [-90.2269, 35.2375], [-90.2277, 35.236], [-90.2282, 35.2343], [-90.2283, 35.2332], [-90.2281, 35.231], [-90.228, 35.2304], [-90.2278, 35.228], [-90.2278, 35.2259], [-90.228, 35.2233], [-90.2282, 35.222], [-90.2283, 35.219], [-90.2288, 35.217], [-90.2293, 35.2156], [-90.23, 35.2139], [-90.2306, 35.2132], [-90.2315, 35.2118], [-90.2321, 35.2112], [-90.2332, 35.2105], [-90.2346, 35.2091], [-90.2353, 35.2088], [-90.2365, 35.208], [-90.237, 35.2075], [-90.2377, 35.2071], [-90.2382, 35.2064], [-90.2389, 35.206], [-90.2402, 35.2048], [-90.2419, 35.2038], [-90.243, 35.203], [-90.2449, 35.2021], [-90.2459, 35.2013], [-90.2458, 35.2007], [-90.2441, 35.1994], [-90.2426, 35.198], [-90.2418, 35.1967], [-90.241, 35.196], [-90.2399, 35.1949], [-90.2393, 35.194], [-90.239, 35.1934], [-90.2383, 35.1923], [-90.2376, 35.1911], [-90.2375, 35.1906], [-90.2377, 35.1894], [-90.2376, 35.1888], [-90.2358, 35.1871], [-90.2354, 35.1861], [-90.2353, 35.1853], [-90.2348, 35.1843], [-90.2344, 35.1839], [-90.234, 35.1826], [-90.234, 35.1817], [-90.2342, 35.1813], [-90.2349, 35.1808], [-90.2357, 35.1801], [-90.2367, 35.1788], [-90.2368, 35.1783], [-90.2369, 35.1757], [-90.2361, 35.1738], [-90.2351, 35.1731], [-90.2346, 35.1711], [-90.2344, 35.1705], [-90.2338, 35.1699], [-90.2321, 35.1691], [-90.2299, 35.167], [-90.2294, 35.1663], [-90.2287, 35.1651], [-90.2283, 35.1649], [-90.2279, 35.1651], [-90.2279, 35.1662], [-90.2284, 35.167], [-90.2299, 35.1675], [-90.2309, 35.1685], [-90.2312, 35.1691], [-90.2322, 35.1709], [-90.2324, 35.1713], [-90.2324, 35.1726], [-90.2325, 35.1738], [-90.2323, 35.1747], [-90.2317, 35.1749], [-90.2293, 35.1731], [-90.229, 35.1727], [-90.2288, 35.1721], [-90.2281, 35.171], [-90.2286, 35.17], [-90.2282, 35.1695], [-90.2276, 35.1696], [-90.2262, 35.1702], [-90.2245, 35.1713], [-90.2226, 35.1726], [-90.2215, 35.1736], [-90.2209, 35.1746], [-90.2208, 35.175], [-90.221, 35.1759], [-90.2219, 35.1771], [-90.2215, 35.1782], [-90.2211, 35.1783], [-90.2209, 35.1789], [-90.2216, 35.18], [-90.2213, 35.1804], [-90.2208, 35.18], [-90.2202, 35.1789], [-90.2201, 35.1784], [-90.2202, 35.1775], [-90.2203, 35.1769], [-90.2199, 35.1762], [-90.2186, 35.1761], [-90.2167, 35.1761], [-90.2154, 35.1762], [-90.2152, 35.1766], [-90.2153, 35.1769], [-90.2169, 35.1783], [-90.2184, 35.1801], [-90.2189, 35.1808], [-90.2183, 35.1812], [-90.2172, 35.1807], [-90.2162, 35.1798], [-90.2159, 35.1793], [-90.2151, 35.1786], [-90.2135, 35.1763], [-90.2126, 35.1759], [-90.2121, 35.176], [-90.2127, 35.1771], [-90.2123, 35.1773], [-90.2115, 35.1761], [-90.2112, 35.1759], [-90.2102, 35.1758], [-90.2098, 35.1763], [-90.2101, 35.1772], [-90.2114, 35.1786], [-90.2116, 35.179], [-90.2112, 35.1792], [-90.2103, 35.1786], [-90.2093, 35.1775], [-90.2091, 35.1767], [-90.2091, 35.1759], [-90.2069, 35.1758], [-90.2037, 35.1758], [-90.2029, 35.1758], [-90.2026, 35.1761], [-90.2025, 35.1802], [-90.2025, 35.1833], [-90.2023, 35.1845], [-90.2024, 35.1849], [-90.2024, 35.1864], [-90.2024, 35.187], [-90.2024, 35.1882], [-90.2027, 35.1886], [-90.2029, 35.1896], [-90.2028, 35.1904], [-90.2025, 35.192], [-90.2021, 35.1952], [-90.2023, 35.1971], [-90.2017, 35.1973], [-90.2015, 35.1966], [-90.2009, 35.193], [-90.2004, 35.1908], [-90.1997, 35.1896], [-90.1998, 35.1891], [-90.2006, 35.1885], [-90.2019, 35.1882], [-90.2019, 35.1841], [-90.2016, 35.1833], [-90.2017, 35.1803], [-90.2018, 35.1785], [-90.2018, 35.1763], [-90.2017, 35.1758], [-90.2013, 35.1754], [-90.2001, 35.1753], [-90.1992, 35.175], [-90.1989, 35.1744], [-90.1988, 35.1729], [-90.1987, 35.1724], [-90.1983, 35.1722], [-90.1975, 35.1722], [-90.1969, 35.1714], [-90.1969, 35.171], [-90.1973, 35.1705], [-90.1987, 35.1695], [-90.1998, 35.1687], [-90.2007, 35.1683], [-90.202, 35.1679], [-90.2026, 35.1676], [-90.2046, 35.1669], [-90.2073, 35.1662], [-90.2081, 35.1659], [-90.2109, 35.1651], [-90.2101, 35.1648], [-90.2097, 35.1648], [-90.2085, 35.1653], [-90.2075, 35.1649], [-90.2064, 35.1648], [-90.2046, 35.1648], [-90.2037, 35.1647], [-90.2028, 35.1648], [-90.2025, 35.165], [-90.2027, 35.1655], [-90.2031, 35.1658], [-90.2033, 35.1666], [-90.2029, 35.1668], [-90.2017, 35.1665], [-90.2002, 35.1664], [-90.2001, 35.166], [-90.2005, 35.1658], [-90.2017, 35.1655], [-90.2018, 35.165], [-90.2014, 35.1648], [-90.1999, 35.1649], [-90.1975, 35.1648], [-90.1959, 35.1649], [-90.1943, 35.1651], [-90.1938, 35.1653], [-90.1933, 35.166], [-90.1929, 35.1659], [-90.1929, 35.1651], [-90.1926, 35.1648], [-90.1884, 35.1649], [-90.187, 35.1648], [-90.185, 35.1649], [-90.1835, 35.1647], [-90.1832, 35.1646], [-90.1827, 35.163], [-90.1819, 35.1631], [-90.1805, 35.1638], [-90.18, 35.1638], [-90.1789, 35.1641], [-90.1791, 35.1637], [-90.18, 35.1635], [-90.1817, 35.163], [-90.1825, 35.1628], [-90.1827, 35.1624], [-90.1823, 35.1614], [-90.1817, 35.1613], [-90.177, 35.1613], [-90.1728, 35.1611], [-90.1718, 35.1612], [-90.1715, 35.1615], [-90.1716, 35.1623], [-90.1714, 35.1626], [-90.1697, 35.162], [-90.168, 35.1615], [-90.1658, 35.1607], [-90.1651, 35.1606], [-90.1644, 35.161], [-90.1642, 35.1613], [-90.1631, 35.1612], [-90.1628, 35.1615], [-90.1628, 35.1626], [-90.1625, 35.1627], [-90.1625, 35.1614], [-90.1619, 35.1611], [-90.1588, 35.1611], [-90.1583, 35.1613], [-90.1579, 35.1611], [-90.1551, 35.1611], [-90.1545, 35.1615], [-90.1546, 35.1622], [-90.1541, 35.1621], [-90.1535, 35.1616], [-90.152, 35.1615], [-90.1512, 35.162], [-90.151, 35.1623], [-90.1505, 35.1637], [-90.1499, 35.1639], [-90.1498, 35.1645], [-90.1517, 35.1652], [-90.1571, 35.1673], [-90.1578, 35.1675], [-90.1631, 35.1696], [-90.1671, 35.1711], [-90.1693, 35.1719], [-90.1719, 35.1728], [-90.1788, 35.1755], [-90.1791, 35.1757], [-90.1816, 35.1766], [-90.184, 35.1776], [-90.1843, 35.1777], [-90.1844, 35.1788], [-90.1843, 35.1811], [-90.1843, 35.1822], [-90.1842, 35.1828], [-90.1822, 35.1828], [-90.1822, 35.1825], [-90.1827, 35.1817], [-90.1827, 35.1812], [-90.1821, 35.1798], [-90.1813, 35.1792], [-90.1802, 35.1788], [-90.1796, 35.1787], [-90.1789, 35.1791], [-90.1784, 35.1801], [-90.1785, 35.1813], [-90.1788, 35.1822], [-90.1795, 35.1826], [-90.1794, 35.1828], [-90.1754, 35.1827], [-90.1754, 35.1809], [-90.1751, 35.18], [-90.1743, 35.1794], [-90.1735, 35.1796], [-90.171, 35.1808], [-90.1703, 35.1811], [-90.1695, 35.1817], [-90.169, 35.182], [-90.169, 35.1811], [-90.1679, 35.1809], [-90.168, 35.1805], [-90.1691, 35.1793], [-90.1704, 35.1784], [-90.1714, 35.1773], [-90.1713, 35.177], [-90.1705, 35.1763], [-90.169, 35.1757], [-90.1675, 35.1755], [-90.1678, 35.1745], [-90.167, 35.174], [-90.1664, 35.1742], [-90.1661, 35.1747], [-90.1662, 35.1751], [-90.1656, 35.1754], [-90.1658, 35.1747], [-90.1652, 35.1743], [-90.1654, 35.1738], [-90.1646, 35.1735], [-90.163, 35.1742], [-90.1623, 35.1747], [-90.1622, 35.1751], [-90.1624, 35.176], [-90.1621, 35.1764], [-90.1619, 35.1749], [-90.1621, 35.1746], [-90.1641, 35.1732], [-90.1642, 35.1729], [-90.1638, 35.1727], [-90.1627, 35.1729], [-90.1618, 35.174], [-90.161, 35.1745], [-90.1602, 35.1754], [-90.1598, 35.1756], [-90.1584, 35.1762], [-90.1583, 35.1766], [-90.1583, 35.178], [-90.1582, 35.1808], [-90.1583, 35.1813], [-90.1582, 35.1817], [-90.1576, 35.182], [-90.157, 35.1818], [-90.157, 35.1812], [-90.1573, 35.1811], [-90.1579, 35.1815], [-90.158, 35.1794], [-90.1577, 35.1794], [-90.156, 35.1795], [-90.1559, 35.179], [-90.1567, 35.1788], [-90.157, 35.1789], [-90.1579, 35.1788], [-90.158, 35.1763], [-90.1576, 35.1764], [-90.1571, 35.1769], [-90.1564, 35.1772], [-90.1559, 35.1772], [-90.154, 35.1779], [-90.153, 35.1784], [-90.1517, 35.1793], [-90.1505, 35.1796], [-90.1508, 35.1792], [-90.1502, 35.1789], [-90.1494, 35.179], [-90.1486, 35.1786], [-90.1498, 35.1785], [-90.1496, 35.1779], [-90.1486, 35.1773], [-90.149, 35.1768], [-90.1504, 35.1766], [-90.1507, 35.1763], [-90.1519, 35.1764], [-90.1527, 35.176], [-90.153, 35.1768], [-90.1538, 35.1776], [-90.1549, 35.1771], [-90.1566, 35.1766], [-90.1571, 35.1756], [-90.1576, 35.1756], [-90.1578, 35.176], [-90.159, 35.1757], [-90.1599, 35.1754], [-90.1608, 35.1743], [-90.1622, 35.1732], [-90.1629, 35.1719], [-90.1625, 35.1715], [-90.1622, 35.1717], [-90.1611, 35.1737], [-90.1609, 35.1737], [-90.161, 35.1729], [-90.1602, 35.1729], [-90.1595, 35.1731], [-90.1592, 35.1735], [-90.1588, 35.1749], [-90.1581, 35.1748], [-90.1581, 35.1736], [-90.1577, 35.1738], [-90.1577, 35.1753], [-90.157, 35.1752], [-90.1561, 35.1754], [-90.1556, 35.175], [-90.156, 35.1747], [-90.157, 35.1739], [-90.1569, 35.1734], [-90.1564, 35.1733], [-90.1538, 35.1732], [-90.1528, 35.1735], [-90.1515, 35.1745], [-90.1489, 35.1749], [-90.1478, 35.1746], [-90.1469, 35.1748], [-90.1456, 35.1746], [-90.1448, 35.174], [-90.144, 35.1738], [-90.143, 35.174], [-90.1425, 35.1745], [-90.1414, 35.1762], [-90.1407, 35.1762], [-90.1406, 35.1759], [-90.141, 35.1756], [-90.1423, 35.1735], [-90.1419, 35.1733], [-90.1412, 35.1739], [-90.1401, 35.1759], [-90.1401, 35.1774], [-90.1393, 35.1802], [-90.1383, 35.1828], [-90.1376, 35.1845], [-90.1371, 35.1864], [-90.137, 35.1883], [-90.137, 35.1892], [-90.1375, 35.1899], [-90.1388, 35.1899], [-90.1395, 35.19], [-90.1428, 35.1901], [-90.144, 35.1902], [-90.1452, 35.1907], [-90.1463, 35.1913], [-90.1484, 35.192], [-90.1494, 35.1919], [-90.1504, 35.1924], [-90.1508, 35.1927], [-90.1512, 35.1927], [-90.1532, 35.1934], [-90.1553, 35.1945], [-90.156, 35.1946], [-90.1564, 35.1953], [-90.157, 35.1958], [-90.1583, 35.1967], [-90.1592, 35.1973], [-90.1593, 35.1969], [-90.1598, 35.1969], [-90.1613, 35.1983], [-90.1622, 35.1991], [-90.1637, 35.2001], [-90.1658, 35.2014], [-90.1676, 35.2022], [-90.1695, 35.2028], [-90.1705, 35.2033], [-90.1713, 35.2034], [-90.1726, 35.2039], [-90.1733, 35.2038], [-90.1752, 35.2046], [-90.1764, 35.2053], [-90.1767, 35.2056], [-90.1787, 35.2066], [-90.1822, 35.208], [-90.1844, 35.2091], [-90.1862, 35.21], [-90.1881, 35.2109], [-90.1891, 35.2116], [-90.1893, 35.212], [-90.1919, 35.2133], [-90.1934, 35.2143], [-90.1943, 35.215], [-90.1945, 35.2158], [-90.1954, 35.2167], [-90.1956, 35.2173], [-90.1966, 35.2193], [-90.1961, 35.2193], [-90.1955, 35.2189], [-90.1937, 35.2161], [-90.1931, 35.2154], [-90.1909, 35.2136], [-90.1881, 35.2119], [-90.1864, 35.2108], [-90.1853, 35.2104], [-90.1834, 35.2095], [-90.1829, 35.2097], [-90.1817, 35.2088], [-90.1793, 35.2077], [-90.1781, 35.2069], [-90.1773, 35.2066], [-90.1768, 35.2063], [-90.1762, 35.2063], [-90.1757, 35.2059], [-90.1731, 35.2058], [-90.1723, 35.2056], [-90.1714, 35.2052], [-90.1701, 35.2044], [-90.166, 35.2025], [-90.1639, 35.2014], [-90.1629, 35.2009], [-90.1621, 35.2007], [-90.1609, 35.1998], [-90.1598, 35.199], [-90.1589, 35.1979], [-90.1581, 35.1977], [-90.1579, 35.2012], [-90.1579, 35.2039], [-90.1589, 35.2041], [-90.1583, 35.2045], [-90.1583, 35.2048], [-90.1588, 35.2051], [-90.1608, 35.2069], [-90.1617, 35.2077], [-90.1639, 35.2093], [-90.1653, 35.2102], [-90.1665, 35.2106], [-90.1662, 35.2114], [-90.1673, 35.2118], [-90.1668, 35.2122], [-90.1667, 35.2143], [-90.1669, 35.2164], [-90.1669, 35.2175], [-90.1667, 35.2184], [-90.1662, 35.2186], [-90.1662, 35.2172], [-90.1663, 35.2143], [-90.1662, 35.2129], [-90.1659, 35.212], [-90.165, 35.211], [-90.1633, 35.2096], [-90.1628, 35.2093], [-90.1614, 35.2081], [-90.1595, 35.2067], [-90.1585, 35.2058], [-90.1579, 35.2049], [-90.1575, 35.2041], [-90.1576, 35.2036], [-90.157, 35.2028], [-90.1576, 35.2024], [-90.1576, 35.2016], [-90.1573, 35.2011], [-90.1577, 35.2008], [-90.1578, 35.1971], [-90.1569, 35.1968], [-90.1552, 35.1956], [-90.1538, 35.1949], [-90.1527, 35.1944], [-90.1514, 35.194], [-90.149, 35.193], [-90.1472, 35.1923], [-90.1461, 35.1919], [-90.1456, 35.1919], [-90.1441, 35.1915], [-90.1436, 35.1912], [-90.1425, 35.1912], [-90.1422, 35.1917], [-90.1413, 35.1913], [-90.1411, 35.191], [-90.1405, 35.1911], [-90.1401, 35.1916], [-90.1397, 35.1908], [-90.1389, 35.1907], [-90.1363, 35.1909], [-90.1356, 35.191], [-90.1326, 35.1914], [-90.1321, 35.1916], [-90.1311, 35.1914], [-90.13, 35.1918], [-90.1279, 35.1918], [-90.1274, 35.1923], [-90.1274, 35.193], [-90.1269, 35.1933], [-90.1269, 35.194], [-90.1266, 35.1942], [-90.1265, 35.1951], [-90.126, 35.1952], [-90.1245, 35.1976], [-90.1239, 35.1989], [-90.1236, 35.1992], [-90.1227, 35.2009], [-90.1222, 35.2015], [-90.1222, 35.2018], [-90.1218, 35.202], [-90.1207, 35.203], [-90.1207, 35.2038], [-90.12, 35.2038], [-90.1199, 35.2033], [-90.1192, 35.2036], [-90.1179, 35.2045], [-90.1177, 35.2045], [-90.1162, 35.2054], [-90.1156, 35.2058], [-90.1153, 35.2073], [-90.1152, 35.2087], [-90.1148, 35.2102], [-90.1146, 35.2107], [-90.1147, 35.211], [-90.1142, 35.2115], [-90.1142, 35.2126], [-90.1146, 35.2133], [-90.1143, 35.2148], [-90.114, 35.2149], [-90.1142, 35.2135], [-90.114, 35.2129], [-90.1137, 35.2128], [-90.1135, 35.2149], [-90.1133, 35.2157], [-90.1127, 35.2167], [-90.1122, 35.2172], [-90.1116, 35.217], [-90.1117, 35.2162], [-90.112, 35.2158], [-90.1121, 35.2147], [-90.1117, 35.2139], [-90.1107, 35.2141], [-90.1101, 35.2139], [-90.1102, 35.2134], [-90.1105, 35.2129], [-90.1105, 35.2124], [-90.1101, 35.2122], [-90.1095, 35.2123], [-90.109, 35.2127], [-90.1084, 35.2134], [-90.1071, 35.2143], [-90.1068, 35.2142], [-90.1071, 35.2132], [-90.1081, 35.2124], [-90.1088, 35.2114], [-90.1088, 35.2108], [-90.1095, 35.2101], [-90.1101, 35.2097], [-90.1103, 35.2094], [-90.1113, 35.2086], [-90.1113, 35.2084], [-90.1124, 35.2075], [-90.1133, 35.2067], [-90.115, 35.2052], [-90.1156, 35.2046], [-90.1164, 35.2048], [-90.1179, 35.204], [-90.1193, 35.2031], [-90.1199, 35.2028], [-90.1205, 35.2023], [-90.12, 35.2019], [-90.1201, 35.2015], [-90.1209, 35.2016], [-90.1216, 35.2016], [-90.123, 35.1995], [-90.1237, 35.1982], [-90.1242, 35.1975], [-90.1254, 35.1956], [-90.1255, 35.1949], [-90.1259, 35.1944], [-90.1264, 35.1933], [-90.1269, 35.1918], [-90.1259, 35.1918], [-90.126, 35.1915], [-90.1289, 35.1911], [-90.1302, 35.1908], [-90.1322, 35.1905], [-90.1345, 35.1902], [-90.1366, 35.1897], [-90.1368, 35.1895], [-90.1367, 35.1882], [-90.1368, 35.186], [-90.1373, 35.1846], [-90.1382, 35.1823], [-90.1386, 35.1809], [-90.1398, 35.1772], [-90.1398, 35.1766], [-90.1382, 35.1756], [-90.1385, 35.1761], [-90.1381, 35.1766], [-90.1387, 35.1772], [-90.1387, 35.1775], [-90.1382, 35.1781], [-90.1379, 35.1791], [-90.1371, 35.1794], [-90.1363, 35.1808], [-90.1366, 35.1792], [-90.1364, 35.179], [-90.1343, 35.18], [-90.1343, 35.1798], [-90.1363, 35.179], [-90.1366, 35.1784], [-90.1362, 35.1778], [-90.1361, 35.1772], [-90.1362, 35.1762], [-90.1354, 35.1757], [-90.1349, 35.1757], [-90.1346, 35.1765], [-90.1341, 35.177], [-90.1334, 35.179], [-90.1321, 35.1804], [-90.1316, 35.1809], [-90.1316, 35.1825], [-90.1318, 35.1834], [-90.1315, 35.1835], [-90.1314, 35.1813], [-90.1311, 35.1811], [-90.13, 35.1817], [-90.1322, 35.1798], [-90.1326, 35.1785], [-90.1334, 35.1776], [-90.1339, 35.1769], [-90.1344, 35.1758], [-90.1341, 35.1757], [-90.1322, 35.1757], [-90.1318, 35.1759], [-90.1308, 35.1777], [-90.1304, 35.1781], [-90.129, 35.1782], [-90.1271, 35.1782], [-90.1262, 35.1787], [-90.1254, 35.1792], [-90.1245, 35.1791], [-90.125, 35.1806], [-90.1251, 35.1814], [-90.125, 35.1834], [-90.1245, 35.1834], [-90.1247, 35.1823], [-90.1245, 35.1816], [-90.1247, 35.181], [-90.1244, 35.1798], [-90.1244, 35.1793], [-90.124, 35.1789], [-90.1237, 35.1781], [-90.1236, 35.1774], [-90.1234, 35.1771], [-90.1231, 35.1762], [-90.1224, 35.1746], [-90.1227, 35.1743], [-90.1234, 35.1755], [-90.1233, 35.1761], [-90.1237, 35.1772], [-90.124, 35.1775], [-90.1244, 35.1787], [-90.126, 35.1786], [-90.127, 35.1781], [-90.1299, 35.178], [-90.1302, 35.1779], [-90.1307, 35.1773], [-90.1312, 35.1764], [-90.1313, 35.1757], [-90.131, 35.1757], [-90.1303, 35.1765], [-90.1298, 35.1776], [-90.1294, 35.1773], [-90.1297, 35.176], [-90.129, 35.1757], [-90.1276, 35.1763], [-90.126, 35.1768], [-90.1254, 35.1766], [-90.1272, 35.176], [-90.1285, 35.1754], [-90.1282, 35.175], [-90.1272, 35.1752], [-90.1245, 35.1764], [-90.1241, 35.1762], [-90.1249, 35.1751], [-90.1253, 35.1749], [-90.1277, 35.1741], [-90.1282, 35.1736], [-90.1281, 35.1734], [-90.1273, 35.1734], [-90.1255, 35.1739], [-90.1243, 35.1742], [-90.1237, 35.1742], [-90.1234, 35.1739], [-90.1239, 35.1735], [-90.1259, 35.173], [-90.1265, 35.1724], [-90.1279, 35.1719], [-90.1291, 35.1717], [-90.1292, 35.1712], [-90.1284, 35.171], [-90.127, 35.1709], [-90.1245, 35.1706], [-90.1241, 35.1704], [-90.1245, 35.17], [-90.1251, 35.1699], [-90.1281, 35.1703], [-90.1284, 35.1698], [-90.1305, 35.1709], [-90.1307, 35.1706], [-90.1253, 35.1676], [-90.1244, 35.167], [-90.1243, 35.1667], [-90.1252, 35.1664], [-90.1279, 35.1662], [-90.1298, 35.1664], [-90.1305, 35.1662], [-90.131, 35.1658], [-90.1312, 35.165], [-90.1303, 35.1645], [-90.131, 35.1639], [-90.1308, 35.1637], [-90.13, 35.1636], [-90.1282, 35.164], [-90.1272, 35.1644], [-90.1262, 35.1646], [-90.1247, 35.1645], [-90.1247, 35.164], [-90.124, 35.1635], [-90.1237, 35.1631], [-90.1238, 35.1624], [-90.1242, 35.1611], [-90.1241, 35.1609], [-90.1249, 35.1598], [-90.1251, 35.1593], [-90.125, 35.1587], [-90.1247, 35.1584], [-90.1237, 35.1582], [-90.1232, 35.1588], [-90.1228, 35.1599], [-90.1225, 35.1611], [-90.1217, 35.1629], [-90.1211, 35.1646], [-90.1202, 35.1665], [-90.1199, 35.1677], [-90.1196, 35.1681], [-90.1193, 35.1669], [-90.1194, 35.1663], [-90.1197, 35.165], [-90.1203, 35.165], [-90.1206, 35.1646], [-90.1197, 35.1641], [-90.1189, 35.1635], [-90.1188, 35.163], [-90.119, 35.1621], [-90.1196, 35.1611], [-90.1196, 35.1604], [-90.1189, 35.1605], [-90.1188, 35.1612], [-90.1185, 35.1612], [-90.1187, 35.1594], [-90.1191, 35.1576], [-90.1195, 35.1565], [-90.1203, 35.1567], [-90.1197, 35.1579], [-90.1192, 35.1597], [-90.1198, 35.1599], [-90.1206, 35.1569], [-90.1208, 35.1568], [-90.1223, 35.157], [-90.1221, 35.1583], [-90.1223, 35.1584], [-90.1228, 35.1571], [-90.1261, 35.1575], [-90.1273, 35.1574], [-90.1277, 35.157], [-90.1302, 35.1569], [-90.1314, 35.1574], [-90.1354, 35.1588], [-90.1427, 35.1616], [-90.1442, 35.1622], [-90.1462, 35.163], [-90.1493, 35.1642], [-90.1493, 35.1637], [-90.1471, 35.1628], [-90.1442, 35.1617], [-90.1397, 35.1599], [-90.1341, 35.1579], [-90.1344, 35.1577], [-90.1367, 35.1583], [-90.1377, 35.1585], [-90.1385, 35.1588], [-90.1392, 35.1589], [-90.1396, 35.1586], [-90.1399, 35.1578], [-90.1404, 35.1571], [-90.1404, 35.1566], [-90.1408, 35.1564], [-90.1446, 35.1563], [-90.1481, 35.1561], [-90.1512, 35.1563], [-90.1519, 35.1565], [-90.152, 35.1554], [-90.1524, 35.154], [-90.1522, 35.1535], [-90.1523, 35.1527], [-90.1524, 35.1507], [-90.1522, 35.1504], [-90.151, 35.1504], [-90.1501, 35.1501], [-90.1483, 35.1502], [-90.147, 35.1495], [-90.1466, 35.1496], [-90.1458, 35.152], [-90.1455, 35.1522], [-90.1459, 35.1506], [-90.1458, 35.1503], [-90.1451, 35.1499], [-90.1448, 35.1495], [-90.144, 35.1492], [-90.1435, 35.1494], [-90.1423, 35.1491], [-90.1418, 35.1495], [-90.1413, 35.1496], [-90.1409, 35.1494], [-90.1399, 35.1493], [-90.139, 35.1497], [-90.1384, 35.1496], [-90.1381, 35.1493], [-90.1369, 35.1489], [-90.1368, 35.1487], [-90.1371, 35.1483], [-90.1379, 35.148], [-90.1399, 35.1479], [-90.1416, 35.1481], [-90.1427, 35.1481], [-90.1431, 35.1479], [-90.1436, 35.1471], [-90.1434, 35.1467], [-90.1426, 35.146], [-90.1411, 35.1456], [-90.1398, 35.1451], [-90.1389, 35.1443], [-90.1393, 35.144], [-90.1416, 35.1439], [-90.1428, 35.144], [-90.144, 35.1439], [-90.1466, 35.1431], [-90.1505, 35.1431], [-90.1504, 35.1434], [-90.1498, 35.1435], [-90.1479, 35.1436], [-90.1473, 35.1438], [-90.1462, 35.1444], [-90.1449, 35.1447], [-90.1424, 35.1447], [-90.1425, 35.1452], [-90.1442, 35.1454], [-90.1465, 35.1456], [-90.1477, 35.1455], [-90.1482, 35.1456], [-90.1483, 35.146], [-90.1474, 35.1461], [-90.1447, 35.1461], [-90.1436, 35.1461], [-90.1436, 35.1463], [-90.1441, 35.1474], [-90.1447, 35.148], [-90.1461, 35.1479], [-90.147, 35.1482], [-90.1487, 35.1491], [-90.1491, 35.1497], [-90.1503, 35.1497], [-90.1512, 35.1502], [-90.1526, 35.1501], [-90.1536, 35.1489], [-90.1549, 35.1486], [-90.1561, 35.1485], [-90.1566, 35.1486], [-90.1572, 35.1497], [-90.1575, 35.1497], [-90.1588, 35.1493], [-90.1606, 35.1494], [-90.1629, 35.149], [-90.1634, 35.1491], [-90.1648, 35.1491], [-90.1659, 35.1489], [-90.1667, 35.1489], [-90.1683, 35.149], [-90.1697, 35.15], [-90.1709, 35.1507], [-90.1727, 35.1514], [-90.1731, 35.1516], [-90.1742, 35.1525], [-90.1748, 35.1527], [-90.1756, 35.1525], [-90.176, 35.1521], [-90.1768, 35.1517], [-90.1775, 35.1516], [-90.1779, 35.1519], [-90.1784, 35.1529], [-90.1789, 35.1534], [-90.1798, 35.1541], [-90.1808, 35.1545], [-90.1816, 35.1541], [-90.1825, 35.1539], [-90.1835, 35.1538], [-90.1841, 35.1541], [-90.1857, 35.1554], [-90.1879, 35.1566], [-90.1895, 35.1571], [-90.1912, 35.1572], [-90.1919, 35.1574], [-90.1933, 35.1572], [-90.195, 35.1568], [-90.1971, 35.1561], [-90.1979, 35.1557], [-90.1989, 35.1549], [-90.2007, 35.1536], [-90.2016, 35.1528], [-90.2027, 35.1518], [-90.2036, 35.1503], [-90.2045, 35.1488], [-90.2046, 35.1484], [-90.2043, 35.1482], [-90.2033, 35.1485], [-90.202, 35.1491], [-90.1994, 35.1493], [-90.198, 35.1496], [-90.1966, 35.1495], [-90.1958, 35.15], [-90.1943, 35.1502], [-90.1937, 35.15], [-90.1936, 35.1495], [-90.1928, 35.1493], [-90.1916, 35.1493], [-90.1909, 35.1495], [-90.189, 35.1493], [-90.1879, 35.1493], [-90.1877, 35.1492], [-90.1877, 35.1485], [-90.188, 35.148], [-90.1895, 35.1477], [-90.1904, 35.1477], [-90.1912, 35.1481], [-90.1922, 35.1481], [-90.1936, 35.1483], [-90.1941, 35.1482], [-90.1953, 35.1483], [-90.1964, 35.1479], [-90.1978, 35.1471], [-90.1997, 35.1464], [-90.2014, 35.1463], [-90.2045, 35.1463], [-90.2058, 35.1462], [-90.2059, 35.1451], [-90.2065, 35.144], [-90.2067, 35.143], [-90.207, 35.1424], [-90.2086, 35.1402], [-90.2089, 35.1392], [-90.2087, 35.1391], [-90.2078, 35.1394], [-90.206, 35.1402], [-90.205, 35.1407], [-90.2037, 35.1413], [-90.2024, 35.142], [-90.2015, 35.1427], [-90.2007, 35.143], [-90.2, 35.143], [-90.199, 35.1435], [-90.1975, 35.1437], [-90.1952, 35.1436], [-90.1933, 35.1434], [-90.1912, 35.1432], [-90.1909, 35.1425], [-90.1906, 35.1422], [-90.1889, 35.1416], [-90.188, 35.1411], [-90.1867, 35.1403], [-90.186, 35.1393]], [[-90.1851, 35.1703], [-90.1853, 35.1716], [-90.1848, 35.1715], [-90.1851, 35.1703]], [[-90.1764, 35.1317], [-90.1763, 35.1314], [-90.1782, 35.1305], [-90.1785, 35.1308], [-90.1766, 35.1318], [-90.1764, 35.1317]], [[-90.2439, 35.2988], [-90.2446, 35.2987], [-90.246, 35.2991], [-90.2463, 35.2996], [-90.2449, 35.2994], [-90.2441, 35.2992], [-90.2439, 35.2988]], [[-90.172, 35.1683], [-90.1721, 35.1681], [-90.1737, 35.1671], [-90.175, 35.1661], [-90.1749, 35.1657], [-90.1753, 35.1653], [-90.1757, 35.1655], [-90.1757, 35.1662], [-90.1739, 35.1675], [-90.1722, 35.1683], [-90.172, 35.1683]], [[-90.1816, 35.1698], [-90.1833, 35.1698], [-90.1844, 35.1697], [-90.1843, 35.1703], [-90.1819, 35.1703], [-90.1812, 35.1701], [-90.1792, 35.17], [-90.1799, 35.1697], [-90.1816, 35.1698]], [[-90.2296, 35.2036], [-90.2291, 35.2034], [-90.2287, 35.2028], [-90.2283, 35.202], [-90.2284, 35.2014], [-90.229, 35.2018], [-90.2293, 35.2026], [-90.2307, 35.2035], [-90.231, 35.2039], [-90.2308, 35.2044], [-90.23, 35.2037], [-90.2296, 35.2036]], [[-90.205, 35.2173], [-90.2047, 35.217], [-90.2053, 35.2164], [-90.206, 35.2156], [-90.2067, 35.2154], [-90.2066, 35.2144], [-90.2071, 35.2148], [-90.2074, 35.2157], [-90.2067, 35.2159], [-90.2059, 35.217], [-90.205, 35.2173]], [[-90.1864, 35.1722], [-90.1865, 35.1727], [-90.1865, 35.1734], [-90.1867, 35.174], [-90.1867, 35.1754], [-90.1869, 35.1758], [-90.1869, 35.177], [-90.1868, 35.1774], [-90.1862, 35.1745], [-90.1856, 35.1722], [-90.1853, 35.171], [-90.1858, 35.1711], [-90.1859, 35.1716], [-90.1864, 35.1722]], [[-90.1749, 35.1297], [-90.1754, 35.1294], [-90.1759, 35.1296], [-90.1766, 35.1301], [-90.1774, 35.1304], [-90.177, 35.1307], [-90.1763, 35.1311], [-90.1758, 35.1311], [-90.1752, 35.1307], [-90.1742, 35.1305], [-90.1742, 35.1295], [-90.1749, 35.1297]], [[-90.1443, 35.3372], [-90.1444, 35.3377], [-90.1442, 35.3383], [-90.1446, 35.3387], [-90.1443, 35.3401], [-90.1443, 35.3412], [-90.144, 35.3412], [-90.1436, 35.339], [-90.1431, 35.337], [-90.1433, 35.3366], [-90.1441, 35.3364], [-90.1443, 35.3372]], [[-90.2091, 35.215], [-90.2087, 35.212], [-90.2095, 35.2117], [-90.21, 35.2119], [-90.2097, 35.2127], [-90.2101, 35.2133], [-90.2099, 35.2148], [-90.2101, 35.2158], [-90.2094, 35.2156], [-90.2091, 35.215]], [[-90.2509, 35.3113], [-90.2513, 35.3107], [-90.2518, 35.3108], [-90.2527, 35.3118], [-90.254, 35.3144], [-90.2534, 35.3146], [-90.253, 35.3142], [-90.2525, 35.3134], [-90.2525, 35.3126], [-90.2516, 35.3128], [-90.2513, 35.3119], [-90.2509, 35.3113]], [[-90.1954, 35.1338], [-90.1963, 35.1336], [-90.1969, 35.1338], [-90.1966, 35.1342], [-90.1951, 35.1348], [-90.1945, 35.1344], [-90.1954, 35.1326], [-90.1958, 35.1321], [-90.1962, 35.132], [-90.198, 35.1318], [-90.1996, 35.1319], [-90.2023, 35.1318], [-90.2024, 35.1321], [-90.1999, 35.1321], [-90.1975, 35.1321], [-90.1964, 35.1322], [-90.1959, 35.1324], [-90.1952, 35.1337], [-90.1954, 35.1338]], [[-90.2076, 35.2092], [-90.2079, 35.2104], [-90.209, 35.2101], [-90.2088, 35.2108], [-90.2092, 35.2113], [-90.2082, 35.2115], [-90.2076, 35.211], [-90.2071, 35.2096], [-90.2058, 35.2052], [-90.2061, 35.205], [-90.2064, 35.2062], [-90.207, 35.2078], [-90.2076, 35.2092]], [[-90.117, 35.1609], [-90.1169, 35.16], [-90.1168, 35.1585], [-90.116, 35.1557], [-90.1169, 35.1558], [-90.1175, 35.1589], [-90.1175, 35.1616], [-90.1177, 35.1624], [-90.1175, 35.1629], [-90.1169, 35.1623], [-90.117, 35.1609]], [[-90.1763, 35.1385], [-90.1761, 35.1373], [-90.1756, 35.1365], [-90.1748, 35.1364], [-90.1744, 35.1357], [-90.1739, 35.1354], [-90.1731, 35.1342], [-90.1719, 35.1342], [-90.172, 35.1338], [-90.1726, 35.1341], [-90.1733, 35.1342], [-90.174, 35.1353], [-90.1744, 35.1351], [-90.1737, 35.1341], [-90.1745, 35.1344], [-90.1746, 35.1348], [-90.1753, 35.1353], [-90.1768, 35.1358], [-90.177, 35.1373], [-90.1763, 35.1373], [-90.1763, 35.1385]], [[-90.1421, 35.3218], [-90.1423, 35.3214], [-90.1424, 35.3206], [-90.1435, 35.3206], [-90.1428, 35.3216], [-90.1423, 35.3228], [-90.1427, 35.3231], [-90.1426, 35.3235], [-90.1417, 35.3235], [-90.1401, 35.325], [-90.1395, 35.3252], [-90.1395, 35.3244], [-90.1397, 35.3237], [-90.1404, 35.324], [-90.141, 35.3234], [-90.1406, 35.3229], [-90.1414, 35.3222], [-90.1418, 35.3222], [-90.1421, 35.3218]], [[-90.2038, 35.2729], [-90.2047, 35.2723], [-90.2055, 35.2721], [-90.2074, 35.2714], [-90.208, 35.2716], [-90.2072, 35.2725], [-90.2054, 35.2734], [-90.2035, 35.2748], [-90.2029, 35.2744], [-90.2028, 35.2739], [-90.2038, 35.2729]], [[-90.1502, 35.3489], [-90.1508, 35.3489], [-90.1519, 35.3497], [-90.1529, 35.35], [-90.1539, 35.3502], [-90.1558, 35.3517], [-90.1553, 35.3517], [-90.1549, 35.3513], [-90.1534, 35.3506], [-90.1525, 35.3504], [-90.1509, 35.3498], [-90.1498, 35.3495], [-90.1485, 35.349], [-90.1471, 35.3483], [-90.1456, 35.3474], [-90.1453, 35.347], [-90.1459, 35.3469], [-90.1469, 35.3476], [-90.1488, 35.3483], [-90.1502, 35.3489]], [[-90.2226, 35.1917], [-90.2236, 35.192], [-90.2248, 35.1919], [-90.2248, 35.1922], [-90.2242, 35.1926], [-90.2241, 35.1933], [-90.2238, 35.1939], [-90.2235, 35.1952], [-90.2236, 35.196], [-90.2242, 35.1969], [-90.2249, 35.1976], [-90.2253, 35.1984], [-90.2259, 35.199], [-90.2263, 35.1999], [-90.2268, 35.2005], [-90.2276, 35.2008], [-90.2279, 35.2012], [-90.2277, 35.2016], [-90.2261, 35.2004], [-90.2254, 35.1992], [-90.2249, 35.1987], [-90.2245, 35.1979], [-90.2239, 35.1971], [-90.2234, 35.1967], [-90.2231, 35.1962], [-90.223, 35.1945], [-90.2234, 35.193], [-90.2234, 35.1927], [-90.2228, 35.1922], [-90.2221, 35.1921], [-90.2221, 35.1916], [-90.2226, 35.1917]], [[-90.1196, 35.17], [-90.1193, 35.1701], [-90.1186, 35.1694], [-90.118, 35.1668], [-90.1176, 35.1653], [-90.1172, 35.1644], [-90.1172, 35.1634], [-90.1179, 35.1638], [-90.1179, 35.1642], [-90.1185, 35.1655], [-90.1191, 35.1673], [-90.1194, 35.1687], [-90.1198, 35.1695], [-90.1207, 35.17], [-90.1213, 35.1705], [-90.1219, 35.1722], [-90.1224, 35.173], [-90.1225, 35.1737], [-90.1222, 35.174], [-90.1214, 35.1715], [-90.1208, 35.1703], [-90.1205, 35.1701], [-90.1196, 35.17]], [[-90.1892, 35.3256], [-90.1898, 35.3259], [-90.1904, 35.3259], [-90.1916, 35.3264], [-90.1916, 35.3271], [-90.191, 35.3271], [-90.1903, 35.3268], [-90.189, 35.3265], [-90.1879, 35.3262], [-90.1875, 35.326], [-90.187, 35.3261], [-90.1863, 35.3258], [-90.1852, 35.3256], [-90.1841, 35.3256], [-90.1829, 35.3251], [-90.1829, 35.3248], [-90.1835, 35.3245], [-90.1849, 35.3245], [-90.1862, 35.3248], [-90.1865, 35.3251], [-90.1869, 35.325], [-90.188, 35.3255], [-90.1883, 35.3254], [-90.1892, 35.3256]], [[-90.253, 35.3744], [-90.2533, 35.3748], [-90.2536, 35.3754], [-90.2537, 35.3765], [-90.2539, 35.3774], [-90.2537, 35.3776], [-90.2531, 35.3777], [-90.2525, 35.3774], [-90.2524, 35.3758], [-90.2521, 35.3746], [-90.251, 35.3735], [-90.2504, 35.3727], [-90.2495, 35.3727], [-90.2487, 35.3732], [-90.2483, 35.3728], [-90.2478, 35.3725], [-90.2498, 35.372], [-90.2508, 35.3721], [-90.2517, 35.373], [-90.2522, 35.3738], [-90.253, 35.3744]], [[-90.1751, 35.142], [-90.1752, 35.1413], [-90.1757, 35.1404], [-90.1759, 35.1394], [-90.1762, 35.1394], [-90.1763, 35.1413], [-90.1762, 35.1426], [-90.1764, 35.1442], [-90.1764, 35.1456], [-90.1766, 35.1463], [-90.1757, 35.1464], [-90.175, 35.1456], [-90.1746, 35.1446], [-90.1749, 35.1435], [-90.1751, 35.142]], [[-90.1965, 35.1766], [-90.1966, 35.1765], [-90.2003, 35.1766], [-90.2003, 35.1789], [-90.1969, 35.1787], [-90.1965, 35.1766]], [[-90.1772, 35.1672], [-90.1768, 35.1676], [-90.1771, 35.1681], [-90.1767, 35.1682], [-90.1763, 35.1678], [-90.176, 35.1679], [-90.1749, 35.1691], [-90.1756, 35.1694], [-90.1758, 35.1697], [-90.1766, 35.17], [-90.1796, 35.1714], [-90.1803, 35.1717], [-90.1805, 35.1722], [-90.1844, 35.1717], [-90.1845, 35.1719], [-90.1808, 35.1724], [-90.1806, 35.1726], [-90.1808, 35.1753], [-90.1806, 35.1753], [-90.1804, 35.1733], [-90.1801, 35.1725], [-90.1801, 35.1718], [-90.1796, 35.1716], [-90.1766, 35.1703], [-90.1745, 35.1695], [-90.173, 35.1702], [-90.1725, 35.17], [-90.1732, 35.1695], [-90.1739, 35.1693], [-90.1737, 35.1688], [-90.1744, 35.1688], [-90.1753, 35.1678], [-90.176, 35.1673], [-90.1766, 35.1671], [-90.1772, 35.1663], [-90.1776, 35.1663], [-90.179, 35.1668], [-90.1772, 35.1672]], [[-90.2019, 35.2045], [-90.202, 35.2049], [-90.2028, 35.2054], [-90.2031, 35.2058], [-90.2031, 35.207], [-90.2035, 35.2075], [-90.202, 35.2079], [-90.2019, 35.2068], [-90.2007, 35.2068], [-90.1997, 35.2071], [-90.1973, 35.2067], [-90.197, 35.2063], [-90.1979, 35.206], [-90.1989, 35.2064], [-90.1995, 35.2065], [-90.2011, 35.206], [-90.2013, 35.2055], [-90.2014, 35.2047], [-90.2015, 35.201], [-90.2012, 35.2005], [-90.2, 35.2001], [-90.1997, 35.1998], [-90.2012, 35.1994], [-90.2015, 35.1985], [-90.2027, 35.2016], [-90.2021, 35.202], [-90.202, 35.2026], [-90.2019, 35.2045]], [[-90.1786, 35.3318], [-90.1793, 35.3314], [-90.1803, 35.3314], [-90.1808, 35.3315], [-90.1821, 35.3316], [-90.1819, 35.3348], [-90.1812, 35.335], [-90.1798, 35.3349], [-90.1792, 35.3347], [-90.1775, 35.3337], [-90.1772, 35.3333], [-90.1772, 35.3329], [-90.1786, 35.3318]], [[-90.2153, 35.3583], [-90.2155, 35.3592], [-90.2162, 35.3599], [-90.2171, 35.3609], [-90.2184, 35.363], [-90.2187, 35.3639], [-90.2186, 35.3642], [-90.2175, 35.3623], [-90.2166, 35.3613], [-90.2162, 35.3606], [-90.2154, 35.36], [-90.2154, 35.3598], [-90.2149, 35.3592], [-90.2145, 35.359], [-90.2128, 35.3574], [-90.2124, 35.3573], [-90.2122, 35.3566], [-90.2116, 35.3559], [-90.2107, 35.3553], [-90.2105, 35.3547], [-90.2121, 35.3553], [-90.2131, 35.3558], [-90.214, 35.3559], [-90.214, 35.3554], [-90.2148, 35.3555], [-90.2165, 35.356], [-90.2167, 35.3563], [-90.2165, 35.3573], [-90.2165, 35.3582], [-90.2151, 35.3568], [-90.2148, 35.3569], [-90.215, 35.3576], [-90.2153, 35.3583]], [[-90.2033, 35.3199], [-90.2038, 35.3203], [-90.2047, 35.3219], [-90.2049, 35.3224], [-90.2049, 35.323], [-90.2054, 35.3241], [-90.2054, 35.3253], [-90.2049, 35.3257], [-90.2044, 35.3238], [-90.204, 35.3229], [-90.204, 35.3221], [-90.2038, 35.3218], [-90.2031, 35.321], [-90.2025, 35.321], [-90.2012, 35.3201], [-90.2005, 35.3201], [-90.2, 35.3195], [-90.1985, 35.3191], [-90.1974, 35.3191], [-90.1968, 35.3192], [-90.1956, 35.3185], [-90.1949, 35.3183], [-90.194, 35.3181], [-90.1931, 35.318], [-90.1924, 35.3183], [-90.1918, 35.3183], [-90.1911, 35.3184], [-90.1897, 35.3182], [-90.19, 35.3179], [-90.1905, 35.3177], [-90.1927, 35.3177], [-90.1937, 35.3173], [-90.1955, 35.3178], [-90.1975, 35.3179], [-90.1977, 35.3182], [-90.1992, 35.3183], [-90.2005, 35.3188], [-90.2014, 35.319], [-90.202, 35.3197], [-90.2028, 35.3196], [-90.2033, 35.3199]], [[-90.1351, 35.2038], [-90.1353, 35.2043], [-90.1363, 35.2048], [-90.1383, 35.2054], [-90.1392, 35.2062], [-90.1404, 35.2066], [-90.1411, 35.2069], [-90.1419, 35.2078], [-90.1426, 35.2084], [-90.1415, 35.2091], [-90.1401, 35.2083], [-90.1392, 35.2078], [-90.1369, 35.2067], [-90.1355, 35.2063], [-90.1336, 35.2057], [-90.1328, 35.2054], [-90.1324, 35.2054], [-90.1311, 35.205], [-90.1308, 35.2044], [-90.1308, 35.2036], [-90.131, 35.2035], [-90.1341, 35.2037], [-90.135, 35.2036], [-90.1351, 35.2038]], [[-90.1201, 35.1528], [-90.122, 35.1537], [-90.1268, 35.1556], [-90.1268, 35.1561], [-90.1254, 35.1562], [-90.1246, 35.1564], [-90.1236, 35.1564], [-90.1214, 35.1562], [-90.1186, 35.1556], [-90.117, 35.1553], [-90.1158, 35.1548], [-90.1156, 35.1542], [-90.1157, 35.1535], [-90.1167, 35.1526], [-90.1178, 35.1519], [-90.1196, 35.1526], [-90.1201, 35.1528]], [[-90.1723, 35.1642], [-90.1728, 35.1645], [-90.1698, 35.1648], [-90.1692, 35.1653], [-90.1689, 35.166], [-90.1688, 35.1671], [-90.1685, 35.168], [-90.1676, 35.1689], [-90.1675, 35.1698], [-90.167, 35.1705], [-90.1623, 35.1687], [-90.1628, 35.1672], [-90.1634, 35.1664], [-90.1635, 35.1659], [-90.1642, 35.1644], [-90.1649, 35.1633], [-90.1653, 35.1631], [-90.1659, 35.1633], [-90.1662, 35.1631], [-90.1667, 35.1622], [-90.1679, 35.1626], [-90.1706, 35.1635], [-90.1723, 35.1642]], [[-90.1253, 35.1471], [-90.1256, 35.1472], [-90.1259, 35.1478], [-90.1258, 35.1489], [-90.1259, 35.1494], [-90.1255, 35.1499], [-90.1251, 35.1512], [-90.1253, 35.1518], [-90.1251, 35.1521], [-90.1246, 35.1538], [-90.1252, 35.1541], [-90.1263, 35.1541], [-90.1267, 35.1539], [-90.1295, 35.154], [-90.1318, 35.153], [-90.1335, 35.1532], [-90.1346, 35.1532], [-90.1355, 35.1529], [-90.1361, 35.1529], [-90.1372, 35.1532], [-90.1381, 35.1528], [-90.1388, 35.1527], [-90.1396, 35.1528], [-90.1406, 35.1523], [-90.1413, 35.1523], [-90.1432, 35.153], [-90.1439, 35.1534], [-90.1448, 35.1543], [-90.1448, 35.1547], [-90.1443, 35.155], [-90.1432, 35.1554], [-90.1407, 35.1555], [-90.1394, 35.1555], [-90.137, 35.1547], [-90.1365, 35.1549], [-90.1358, 35.1555], [-90.1336, 35.156], [-90.1319, 35.1561], [-90.1297, 35.1561], [-90.1294, 35.1559], [-90.1303, 35.1551], [-90.1302, 35.1547], [-90.1298, 35.1544], [-90.1287, 35.1543], [-90.1281, 35.1544], [-90.1271, 35.1542], [-90.1266, 35.1543], [-90.1251, 35.1544], [-90.1241, 35.154], [-90.1216, 35.1529], [-90.1201, 35.1524], [-90.1186, 35.1518], [-90.1186, 35.1514], [-90.1195, 35.1506], [-90.1205, 35.1502], [-90.1217, 35.1493], [-90.1222, 35.149], [-90.1234, 35.1479], [-90.1239, 35.1477], [-90.1243, 35.147], [-90.1253, 35.1471]]]}, "properties": {"zone": "X500"}}, {"type": "Feature", "geometry": {"type": "Polygon", "coordinates": [[[-90.2996, 35.2333], [-90.3, 35.2334], [-90.3, 35.1176], [-90.2989, 35.1181], [-90.2984, 35.1186], [-90.2981, 35.1196], [-90.2978, 35.1199], [-90.2976, 35.1206], [-90.2972, 35.1231], [-90.2974, 35.1241], [-90.2979, 35.1249], [-90.2996, 35.1272], [-90.2996, 35.1289], [-90.2994, 35.1296], [-90.299, 35.1303], [-90.297, 35.1316], [-90.2961, 35.1322], [-90.2954, 35.1323], [-90.295, 35.1321], [-90.2949, 35.1308], [-90.2945, 35.1305], [-90.2939, 35.1305], [-90.2929, 35.1309], [-90.2923, 35.1315], [-90.2919, 35.1323], [-90.2916, 35.1333], [-90.2899, 35.1367], [-90.2893, 35.1374], [-90.2882, 35.1385], [-90.2864, 35.1416], [-90.2857, 35.1427], [-90.2839, 35.1456], [-90.2827, 35.1471], [-90.2823, 35.1472], [-90.28, 35.1472], [-90.2774, 35.1471], [-90.2736, 35.147], [-90.2647, 35.1469], [-90.2623, 35.1468], [-90.261, 35.1467], [-90.2589, 35.1466], [-90.2577, 35.1468], [-90.2563, 35.1467], [-90.2551, 35.1466], [-90.2506, 35.1466], [-90.2493, 35.1467], [-90.2477, 35.1466], [-90.2425, 35.1466], [-90.2387, 35.1466], [-90.2365, 35.1466], [-90.2369, 35.1471], [-90.2433, 35.1471], [-90.2468, 35.1471], [-90.2505, 35.1471], [-90.255, 35.1471], [-90.2559, 35.1473], [-90.2572, 35.1473], [-90.2581, 35.1474], [-90.2588, 35.1474], [-90.2601, 35.1475], [-90.2609, 35.1478], [-90.261, 35.1484], [-90.2598, 35.1493], [-90.2581, 35.1499], [-90.2559, 35.1505], [-90.2551, 35.1509], [-90.2541, 35.1511], [-90.2521, 35.1514], [-90.2495, 35.1523], [-90.2481, 35.153], [-90.2472, 35.1533], [-90.2431, 35.1547], [-90.242, 35.1549], [-90.2377, 35.1563], [-90.2353, 35.157], [-90.2328, 35.1578], [-90.2319, 35.158], [-90.2304, 35.1586], [-90.2302, 35.1591], [-90.2309, 35.1592], [-90.2331, 35.1584], [-90.2333, 35.1589], [-90.233, 35.1596], [-90.2326, 35.1607], [-90.2326, 35.1622], [-90.2328, 35.1627], [-90.2335, 35.1641], [-90.2344, 35.1654], [-90.2346, 35.1673], [-90.2349, 35.1697], [-90.2354, 35.1716], [-90.2357, 35.1728], [-90.2364, 35.1734], [-90.2372, 35.1751], [-90.2373, 35.1756], [-90.2374, 35.1775], [-90.2378, 35.1784], [-90.238, 35.1793], [-90.2379, 35.1804], [-90.2381, 35.1809], [-90.2374, 35.1817], [-90.2375, 35.1826], [-90.2372, 35.1831], [-90.2372, 35.1836], [-90.2376, 35.1842], [-90.2377, 35.1852], [-90.2374, 35.1853], [-90.2371, 35.1842], [-90.2367, 35.1836], [-90.237, 35.1826], [-90.237, 35.1819], [-90.2377, 35.1808], [-90.2373, 35.1803], [-90.2376, 35.1789], [-90.237, 35.1793], [-90.2369, 35.1799], [-90.2365, 35.1798], [-90.2351, 35.1814], [-90.2347, 35.1815], [-90.2345, 35.1821], [-90.2349, 35.1836], [-90.2357, 35.1844], [-90.2359, 35.1859], [-90.2362, 35.1865], [-90.2369, 35.1875], [-90.2379, 35.1884], [-90.2382, 35.1893], [-90.2381, 35.1907], [-90.2387, 35.192], [-90.2392, 35.1927], [-90.2397, 35.1939], [-90.24, 35.1941], [-90.2403, 35.1948], [-90.2408, 35.1953], [-90.2423, 35.1964], [-90.2426, 35.197], [-90.2447, 35.1992], [-90.2458, 35.2], [-90.2467, 35.2008], [-90.2471, 35.2009], [-90.2478, 35.2007], [-90.2498, 35.2002], [-90.2522, 35.1997], [-90.2539, 35.1993], [-90.2549, 35.1992], [-90.2571, 35.1992], [-90.2585, 35.1994], [-90.2592, 35.1993], [-90.2604, 35.1993], [-90.2619, 35.1995], [-90.2652, 35.2001], [-90.2667, 35.2004], [-90.2677, 35.2009], [-90.2696, 35.2021], [-90.2706, 35.2026], [-90.2734, 35.2044], [-90.2758, 35.2062], [-90.277, 35.2072], [-90.2783, 35.2088], [-90.2792, 35.2096], [-90.28, 35.2107], [-90.2803, 35.2114], [-90.2809, 35.2122], [-90.2816, 35.2136], [-90.2819, 35.2148], [-90.2823, 35.2167], [-90.2826, 35.2175], [-90.2826, 35.2181], [-90.2832, 35.2202], [-90.2838, 35.2202], [-90.2869, 35.2203], [-90.2882, 35.2198], [-90.2887, 35.2194], [-90.2891, 35.2185], [-90.2897, 35.2191], [-90.2905, 35.2197], [-90.2904, 35.2199], [-90.2894, 35.2204], [-90.2893, 35.2211], [-90.2896, 35.2216], [-90.2913, 35.2237], [-90.2918, 35.2246], [-90.2921, 35.2254], [-90.2921, 35.2273], [-90.2919, 35.2283], [-90.2918, 35.2303], [-90.2918, 35.2308], [-90.293, 35.232], [-90.2938, 35.2325], [-90.2958, 35.2328], [-90.2968, 35.233], [-90.2986, 35.2333], [-90.2996, 35.2333]]]}, "properties": {"zone": "X500"}}, {"type": "Feature", "geometry": {"type": "Polygon", "coordinates": [[[-90.2942, 34.9688], [-90.3, 34.9736], [-90.3, 34.8978], [-90.2878, 34.9047], [-90.2858, 34.9067], [-90.2841, 34.9078], [-90.2831, 34.9085], [-90.2796, 34.9115], [-90.2757, 34.9199], [-90.2752, 34.9216], [-90.2746, 34.9242], [-90.2742, 34.9268], [-90.274, 34.929], [-90.274, 34.9321], [-90.2743, 34.9336], [-90.2754, 34.937], [-90.2763, 34.9398], [-90.2767, 34.9419], [-90.277, 34.9434], [-90.2772, 34.9455], [-90.2774, 34.9538], [-90.2775, 34.9548], [-90.2808, 34.9584], [-90.2816, 34.9594], [-90.2821, 34.9596], [-90.284, 34.9602], [-90.2845, 34.9606], [-90.2924, 34.9673], [-90.2942, 34.9688]], [[-90.2956, 34.9304], [-90.2962, 34.9303], [-90.2973, 34.9307], [-90.2985, 34.9315], [-90.2985, 34.9318], [-90.296, 34.9319], [-90.2931, 34.9318], [-90.2896, 34.9315], [-90.2882, 34.9315], [-90.2876, 34.9316], [-90.2871, 34.9313], [-90.2873, 34.9307], [-90.2885, 34.9302], [-90.289, 34.9299], [-90.2898, 34.9298], [-90.2921, 34.9304], [-90.2939, 34.9306], [-90.295, 34.9305], [-90.2956, 34.9304]], [[-90.2934, 34.9206], [-90.2931, 34.9213], [-90.2935, 34.9227], [-90.2941, 34.9237], [-90.2942, 34.9241], [-90.294, 34.9244], [-90.2933, 34.9245], [-90.2912, 34.9238], [-90.2885, 34.9232], [-90.2877, 34.923], [-90.2864, 34.9231], [-90.284, 34.923], [-90.2838, 34.9226], [-90.2845, 34.9221], [-90.2851, 34.9211], [-90.2858, 34.9211], [-90.2865, 34.9209], [-90.2867, 34.9205], [-90.2867, 34.9199], [-90.2869, 34.9196], [-90.2877, 34.9194], [-90.2902, 34.9197], [-90.2906, 34.9198], [-90.2912, 34.9207], [-90.292, 34.9209], [-90.2924, 34.9204], [-90.2931, 34.9202], [-90.2934, 34.9206]]]}, "properties": {"zone": "X500"}}, {"type": "Feature", "geometry": {"type": "Polygon", "coordinates": [[[-90.2255, 35.1571], [-90.2255, 35.1565], [-90.2247, 35.1564], [-90.2247, 35.157], [-90.2255, 35.1571]]]}, "properties": {"zone": "X500"}}, {"type": "Feature", "geometry": {"type": "Polygon", "coordinates": [[[-90.1131, 35.1589], [-90.1132, 35.1592], [-90.114, 35.1596], [-90.1146, 35.1597], [-90.115, 35.1593], [-90.1141, 35.1591], [-90.1134, 35.1587], [-90.1131, 35.1589]]]}, "properties": {"zone": "X500"}}, {"type": "Feature", "geometry": {"type": "Polygon", "coordinates": [[[-90.2299, 35.1643], [-90.2304, 35.1656], [-90.2309, 35.1664], [-90.2319, 35.1676], [-90.2324, 35.168], [-90.2329, 35.168], [-90.2328, 35.1674], [-90.2325, 35.1666], [-90.2319, 35.1659], [-90.2305, 35.1639], [-90.2299, 35.1628], [-90.2294, 35.1621], [-90.2287, 35.162], [-90.2295, 35.1633], [-90.2299, 35.1643]]]}, "properties": {"zone": "X500"}}, {"type": "Feature", "geometry": {"type": "Polygon", "coordinates": [[[-90.1527, 35.1695], [-90.1529, 35.1693], [-90.1537, 35.1688], [-90.154, 35.1683], [-90.1537, 35.1679], [-90.1531, 35.1679], [-90.1517, 35.1683], [-90.1505, 35.1679], [-90.1497, 35.1683], [-90.1502, 35.169], [-90.1501, 35.1693], [-90.1492, 35.1693], [-90.1488, 35.1695], [-90.1488, 35.1702], [-90.15, 35.1702], [-90.1497, 35.1705], [-90.1501, 35.1708], [-90.1514, 35.1705], [-90.1523, 35.1705], [-90.153, 35.1704], [-90.1531, 35.1699], [-90.1527, 35.1695]]]}, "properties": {"zone": "X500"}}, {"type": "Feature", "geometry": {"type": "Polygon", "coordinates": [[[-90.2039, 35.1715], [-90.2068, 35.1715], [-90.2065, 35.1717], [-90.2027, 35.1718], [-90.2025, 35.1722], [-90.2025, 35.1747], [-90.2028, 35.1752], [-90.2032, 35.1752], [-90.2054, 35.1753], [-90.2072, 35.1752], [-90.2102, 35.1753], [-90.2117, 35.1752], [-90.2128, 35.1751], [-90.2135, 35.1744], [-90.2138, 35.172], [-90.214, 35.1707], [-90.2148, 35.168], [-90.2145, 35.1674], [-90.2133, 35.167], [-90.2124, 35.1671], [-90.2103, 35.1677], [-90.2086, 35.168], [-90.207, 35.1679], [-90.2062, 35.1677], [-90.2052, 35.1677], [-90.204, 35.1677], [-90.2034, 35.1678], [-90.2026, 35.1683], [-90.2025, 35.1689], [-90.2025, 35.1703], [-90.2026, 35.1713], [-90.2029, 35.1715], [-90.2039, 35.1715]]]}, "properties": {"zone": "X500"}}, {"type": "Feature", "geometry": {"type": "Polygon", "coordinates": [[[-90.1479, 35.1721], [-90.147, 35.172], [-90.1464, 35.1716], [-90.1474, 35.1712], [-90.1478, 35.1708], [-90.1478, 35.1704], [-90.1473, 35.1702], [-90.1468, 35.1703], [-90.1458, 35.171], [-90.1446, 35.1714], [-90.1448, 35.172], [-90.1449, 35.1726], [-90.1455, 35.1728], [-90.1466, 35.1729], [-90.1476, 35.1726], [-90.1479, 35.1721]]]}, "properties": {"zone": "X500"}}, {"type": "Feature", "geometry": {"type": "Polygon", "coordinates": [[[-90.1323, 35.1746], [-90.1322, 35.1753], [-90.1341, 35.1752], [-90.1343, 35.1747], [-90.1352, 35.1742], [-90.1358, 35.1736], [-90.137, 35.1733], [-90.1375, 35.1729], [-90.1385, 35.1724], [-90.1386, 35.1727], [-90.1379, 35.173], [-90.1352, 35.1746], [-90.1348, 35.1749], [-90.135, 35.1753], [-90.1384, 35.1754], [-90.1397, 35.176], [-90.1407, 35.1741], [-90.1411, 35.1736], [-90.1419, 35.173], [-90.1431, 35.1721], [-90.144, 35.1711], [-90.1445, 35.17], [-90.143, 35.1706], [-90.1419, 35.171], [-90.1401, 35.1713], [-90.1392, 35.1716], [-90.1391, 35.1714], [-90.1402, 35.1709], [-90.1414, 35.1706], [-90.1435, 35.17], [-90.1442, 35.1695], [-90.1446, 35.1688], [-90.1432, 35.1694], [-90.1404, 35.1702], [-90.1395, 35.1704], [-90.1377, 35.1709], [-90.1359, 35.1711], [-90.1344, 35.171], [-90.1329, 35.1709], [-90.1318, 35.1712], [-90.1315, 35.1717], [-90.1303, 35.1718], [-90.1297, 35.1722], [-90.1293, 35.1728], [-90.1292, 35.1738], [-90.1292, 35.1745], [-90.1294, 35.1748], [-90.13, 35.1749], [-90.1313, 35.1743], [-90.1318, 35.1735], [-90.1329, 35.1732], [-90.1339, 35.1726], [-90.1346, 35.1731], [-90.1334, 35.1735], [-90.1324, 35.1737], [-90.1302, 35.175], [-90.1304, 35.1753], [-90.1314, 35.1751], [-90.132, 35.1747], [-90.1323, 35.1746]]]}, "properties": {"zone": "X500"}}, {"type": "Feature", "geometry": {"type": "Polygon", "coordinates": [[[-90.1522, 35.1727], [-90.1535, 35.1719], [-90.1533, 35.1714], [-90.1526, 35.1715], [-90.1518, 35.1718], [-90.1506, 35.1731], [-90.1511, 35.1737], [-90.1516, 35.1738], [-90.1522, 35.1727]]]}, "properties": {"zone": "X500"}}, {"type": "Feature", "geometry": {"type": "Polygon", "coordinates": [[[-90.1681, 35.1737], [-90.1684, 35.1738], [-90.1691, 35.1735], [-90.1693, 35.173], [-90.1688, 35.1726], [-90.1682, 35.1728], [-90.168, 35.1732], [-90.1681, 35.1737]]]}, "properties": {"zone": "X500"}}, {"type": "Feature", "geometry": {"type": "Polygon", "coordinates": [[[-90.1507, 35.1789], [-90.151, 35.1793], [-90.1517, 35.179], [-90.1534, 35.1778], [-90.153, 35.1775], [-90.1524, 35.1777], [-90.1515, 35.1784], [-90.1505, 35.1781], [-90.15, 35.1785], [-90.1507, 35.1789]]]}, "properties": {"zone": "X500"}}, {"type": "Feature", "geometry": {"type": "Polygon", "coordinates": [[[-90.172, 35.18], [-90.1724, 35.1798], [-90.1733, 35.1788], [-90.1731, 35.1786], [-90.1722, 35.1785], [-90.1706, 35.179], [-90.1688, 35.1801], [-90.1684, 35.1805], [-90.1691, 35.1808], [-90.1708, 35.1805], [-90.172, 35.18]]]}, "properties": {"zone": "X500"}}, {"type": "Feature", "geometry": {"type": "Polygon", "coordinates": [[[-90.0508, 35.2129], [-90.0505, 35.2131], [-90.0509, 35.2136], [-90.0512, 35.2143], [-90.0518, 35.2148], [-90.0525, 35.2156], [-90.053, 35.2165], [-90.0535, 35.2163], [-90.0552, 35.2151], [-90.0556, 35.2139], [-90.0559, 35.2134], [-90.0569, 35.2133], [-90.0572, 35.2135], [-90.0576, 35.2132], [-90.0577, 35.2128], [-90.0581, 35.2126], [-90.0591, 35.2125], [-90.0598, 35.2119], [-90.0567, 35.2112], [-90.0556, 35.2115], [-90.0556, 35.2131], [-90.0553, 35.2133], [-90.0551, 35.2139], [-90.055, 35.2148], [-90.0543, 35.2153], [-90.0533, 35.2153], [-90.0524, 35.2151], [-90.0517, 35.2143], [-90.0514, 35.2144], [-90.0511, 35.2134], [-90.0508, 35.2129]]]}, "properties": {"zone": "X500"}}, {"type": "Feature", "geometry": {"type": "Polygon", "coordinates": [[[-90.2316, 35.22], [-90.2311, 35.2215], [-90.231, 35.222], [-90.231, 35.2237], [-90.2311, 35.2258], [-90.2313, 35.2263], [-90.2316, 35.2275], [-90.2318, 35.2283], [-90.2325, 35.2293], [-90.2328, 35.2309], [-90.2333, 35.2313], [-90.2329, 35.2318], [-90.2328, 35.2326], [-90.2335, 35.2331], [-90.2328, 35.2336], [-90.2338, 35.2345], [-90.2338, 35.2353], [-90.2333, 35.2361], [-90.2331, 35.2376], [-90.2326, 35.2385], [-90.2325, 35.2391], [-90.2326, 35.24], [-90.2329, 35.2406], [-90.2332, 35.2408], [-90.2345, 35.2411], [-90.2362, 35.2411], [-90.2375, 35.2409], [-90.2395, 35.2409], [-90.2404, 35.2408], [-90.2416, 35.2403], [-90.2432, 35.24], [-90.244, 35.24], [-90.2457, 35.2396], [-90.2466, 35.2397], [-90.2476, 35.2398], [-90.2492, 35.2408], [-90.2501, 35.2412], [-90.2512, 35.2413], [-90.2526, 35.2411], [-90.2536, 35.2407], [-90.2545, 35.2399], [-90.2552, 35.2386], [-90.2557, 35.2372], [-90.2565, 35.2344], [-90.2566, 35.2328], [-90.2577, 35.2296], [-90.259, 35.227], [-90.2609, 35.225], [-90.2616, 35.2246], [-90.2636, 35.2239], [-90.2647, 35.2238], [-90.2654, 35.2238], [-90.2677, 35.2242], [-90.2699, 35.2248], [-90.2712, 35.2254], [-90.2736, 35.2262], [-90.2752, 35.2262], [-90.2759, 35.226], [-90.2795, 35.2248], [-90.2801, 35.2245], [-90.2809, 35.2235], [-90.2813, 35.222], [-90.2814, 35.2207], [-90.281, 35.2191], [-90.2809, 35.2183], [-90.2799, 35.2141], [-90.279, 35.2121], [-90.2781, 35.2108], [-90.2761, 35.2086], [-90.274, 35.2067], [-90.2734, 35.2063], [-90.2723, 35.2058], [-90.2693, 35.2039], [-90.2681, 35.2031], [-90.2675, 35.2028], [-90.265, 35.2017], [-90.2631, 35.2016], [-90.262, 35.2016], [-90.2599, 35.2017], [-90.2584, 35.2021], [-90.2571, 35.2026], [-90.2558, 35.2026], [-90.2523, 35.2031], [-90.2511, 35.2034], [-90.2504, 35.204], [-90.2505, 35.2046], [-90.251, 35.205], [-90.2526, 35.2051], [-90.2539, 35.2054], [-90.2553, 35.2058], [-90.2561, 35.2064], [-90.2558, 35.2068], [-90.2547, 35.2066], [-90.2539, 35.2063], [-90.2515, 35.2058], [-90.2487, 35.2058], [-90.247, 35.206], [-90.2456, 35.2069], [-90.2434, 35.2073], [-90.2425, 35.2079], [-90.2403, 35.2094], [-90.2391, 35.2099], [-90.2382, 35.2104], [-90.2369, 35.2114], [-90.2359, 35.2123], [-90.235, 35.2135], [-90.2349, 35.2144], [-90.2344, 35.2148], [-90.2344, 35.2151], [-90.2335, 35.2164], [-90.2325, 35.2184], [-90.2319, 35.2192], [-90.2316, 35.22]]]}, "properties": {"zone": "X500"}}, {"type": "Feature", "geometry": {"type": "Polygon", "coordinates": [[[-90.0572, 35.2342], [-90.0567, 35.2344], [-90.0558, 35.2354], [-90.0545, 35.236], [-90.0546, 35.2361], [-90.0558, 35.2354], [-90.0561, 35.2351], [-90.0568, 35.2344], [-90.0572, 35.2342]]]}, "properties": {"zone": "X500"}}, {"type": "Feature", "geometry": {"type": "Polygon", "coordinates": [[[-90.248, 35.364], [-90.2469, 35.3643], [-90.2465, 35.3651], [-90.2466, 35.3656], [-90.247, 35.366], [-90.2476, 35.3662], [-90.2487, 35.3671], [-90.2497, 35.3668], [-90.2495, 35.3653], [-90.249, 35.3645], [-90.248, 35.364]]]}, "properties": {"zone": "X500"}}, {"type": "Feature", "geometry": {"type": "Polygon", "coordinates": [[[-90.0375, 34.88], [-90.0328, 34.88], [-90.0332, 34.8808], [-90.0356, 34.8809], [-90.0375, 34.88]]]}, "properties": {"zone": "X500"}}, {"type": "Feature", "geometry": {"type": "Polygon", "coordinates": [[[-90.0167, 34.88], [-90.0164, 34.88], [-90.0164, 34.8812], [-90.0173, 34.8811], [-90.0181, 34.8815], [-90.0194, 34.8814], [-90.0197, 34.8812], [-90.022, 34.8813], [-90.0227, 34.881], [-90.0244, 34.8813], [-90.0249, 34.8817], [-90.0253, 34.8814], [-90.0259, 34.8817], [-90.0268, 34.8816], [-90.0276, 34.8818], [-90.0283, 34.8816], [-90.0283, 34.8808], [-90.029, 34.8815], [-90.0295, 34.8814], [-90.0294, 34.881], [-90.0289, 34.8808], [-90.0277, 34.8807], [-90.0275, 34.8811], [-90.0269, 34.8809], [-90.0265, 34.881], [-90.0256, 34.8806], [-90.0248, 34.8807], [-90.0235, 34.8807], [-90.0232, 34.8806], [-90.0224, 34.8805], [-90.0215, 34.8808], [-90.0198, 34.8806], [-90.0191, 34.881], [-90.0183, 34.8809], [-90.0176, 34.8805], [-90.0165, 34.8802], [-90.0167, 34.88]]]}, "properties": {"zone": "X500"}}, {"type": "Feature", "geometry": {"type": "Polygon", "coordinates": [[[-90.0312, 34.8807], [-90.0309, 34.88], [-90.0299, 34.88], [-90.0297, 34.8806], [-90.0312, 34.8807]]]}, "properties": {"zone": "X500"}}, {"type": "Feature", "geometry": {"type": "Polygon", "coordinates": [[[-90.0359, 34.9369], [-90.0355, 34.9362], [-90.035, 34.9362], [-90.0346, 34.9356], [-90.034, 34.9355], [-90.034, 34.935], [-90.0343, 34.9347], [-90.034, 34.9344], [-90.0338, 34.9336], [-90.0341, 34.9329], [-90.0347, 34.9322], [-90.0348, 34.9318], [-90.0361, 34.9298], [-90.0359, 34.9298], [-90.0356, 34.9304], [-90.0348, 34.9315], [-90.0346, 34.9324], [-90.0341, 34.9329], [-90.0339, 34.9335], [-90.0338, 34.9338], [-90.034, 34.9344], [-90.0343, 34.9347], [-90.034, 34.935], [-90.034, 34.9355], [-90.035, 34.9362], [-90.0355, 34.9363], [-90.0359, 34.9369]]]}, "properties": {"zone": "X500"}}, {"type": "Feature", "geometry": {"type": "Polygon", "coordinates": [[[-90.0235, 34.9559], [-90.0235, 34.956], [-90.0235, 34.9563], [-90.0239, 34.9568], [-90.0242, 34.9578], [-90.0247, 34.9579], [-90.0253, 34.9582], [-90.0254, 34.9588], [-90.0259, 34.9591], [-90.0256, 34.9594], [-90.0244, 34.9594], [-90.0237, 34.9598], [-90.0236, 34.9607], [-90.0243, 34.9611], [-90.0252, 34.9616], [-90.0259, 34.9614], [-90.0268, 34.9619], [-90.027, 34.9625], [-90.0275, 34.9629], [-90.0285, 34.9632], [-90.0285, 34.9637], [-90.0289, 34.9645], [-90.0297, 34.9646], [-90.0301, 34.9648], [-90.0306, 34.9656], [-90.0322, 34.9661], [-90.0328, 34.9661], [-90.0339, 34.9663], [-90.0346, 34.9655], [-90.0351, 34.9647], [-90.0359, 34.9644], [-90.0359, 34.9633], [-90.0359, 34.9627], [-90.0343, 34.9626], [-90.0353, 34.9618], [-90.0365, 34.962], [-90.0365, 34.9624], [-90.0373, 34.962], [-90.0374, 34.9611], [-90.0375, 34.9595], [-90.0378, 34.9586], [-90.0378, 34.958], [-90.0383, 34.9577], [-90.0391, 34.9564], [-90.0399, 34.9554], [-90.0401, 34.9558], [-90.0412, 34.9561], [-90.0417, 34.9559], [-90.0415, 34.9546], [-90.0417, 34.954], [-90.0416, 34.9532], [-90.0414, 34.9528], [-90.0408, 34.9525], [-90.0402, 34.9515], [-90.0398, 34.9514], [-90.0389, 34.9511], [-90.0388, 34.9505], [-90.0382, 34.9508], [-90.0387, 34.9513], [-90.0397, 34.9516], [-90.0402, 34.9516], [-90.0408, 34.9527], [-90.0416, 34.9533], [-90.0416, 34.954], [-90.0413, 34.9546], [-90.0416, 34.9559], [-90.0412, 34.9559], [-90.0399, 34.9554], [-90.039, 34.9563], [-90.0386, 34.957], [-90.0382, 34.957], [-90.0383, 34.9575], [-90.0377, 34.958], [-90.0377, 34.9586], [-90.0374, 34.9595], [-90.0374, 34.9608], [-90.0361, 34.9612], [-90.0359, 34.9617], [-90.0354, 34.9616], [-90.0344, 34.9618], [-90.0339, 34.9618], [-90.0338, 34.9611], [-90.0332, 34.9612], [-90.0323, 34.961], [-90.0322, 34.9613], [-90.0338, 34.9621], [-90.0343, 34.9628], [-90.0358, 34.9628], [-90.0359, 34.9635], [-90.0359, 34.9644], [-90.0348, 34.9648], [-90.034, 34.9658], [-90.0336, 34.966], [-90.033, 34.9658], [-90.0318, 34.9657], [-90.0308, 34.965], [-90.03, 34.9643], [-90.0297, 34.9636], [-90.0293, 34.9632], [-90.0294, 34.9623], [-90.0287, 34.9622], [-90.0281, 34.9626], [-90.0272, 34.9624], [-90.0271, 34.9619], [-90.0264, 34.9615], [-90.0259, 34.9613], [-90.0253, 34.9614], [-90.0239, 34.9607], [-90.0237, 34.96], [-90.0246, 34.9595], [-90.0257, 34.9595], [-90.0261, 34.9591], [-90.0256, 34.9587], [-90.0255, 34.9582], [-90.0252, 34.9579], [-90.0242, 34.9576], [-90.024, 34.9567], [-90.0238, 34.9566], [-90.0235, 34.9563], [-90.0235, 34.9559]], [[-90.0369, 34.9618], [-90.0364, 34.9614], [-90.0374, 34.9611], [-90.0373, 34.9617], [-90.0369, 34.9618]]]}, "properties": {"zone": "X500"}}, {"type": "Feature", "geometry": {"type": "Polygon", "coordinates": [[[-90.0237, 34.9549], [-90.0239, 34.9549], [-90.024, 34.9547], [-90.024, 34.9545], [-90.024, 34.9543], [-90.0246, 34.954], [-90.025, 34.9541], [-90.0252, 34.9538], [-90.0258, 34.9538], [-90.0258, 34.9539], [-90.0259, 34.9539], [-90.026, 34.9539], [-90.0261, 34.9538], [-90.0262, 34.9532], [-90.0262, 34.9529], [-90.0263, 34.952], [-90.0263, 34.9516], [-90.0263, 34.9514], [-90.0264, 34.9514], [-90.0264, 34.9518], [-90.0264, 34.9519], [-90.0264, 34.9526], [-90.0264, 34.9532], [-90.0264, 34.9536], [-90.0265, 34.9532], [-90.0267, 34.9524], [-90.0275, 34.9515], [-90.0271, 34.9514], [-90.0272, 34.9518], [-90.0267, 34.9523], [-90.0266, 34.9526], [-90.0265, 34.9532], [-90.0264, 34.9533], [-90.0264, 34.9525], [-90.0265, 34.9524], [-90.0264, 34.9522], [-90.0264, 34.9518], [-90.0264, 34.9514], [-90.0263, 34.9514], [-90.0262, 34.9532], [-90.0261, 34.9538], [-90.026, 34.9539], [-90.0259, 34.9539], [-90.0258, 34.9538], [-90.0257, 34.9538], [-90.0254, 34.9537], [-90.0251, 34.9538], [-90.0249, 34.954], [-90.0245, 34.954], [-90.0239, 34.9543], [-90.024, 34.9545], [-90.024, 34.9547], [-90.0237, 34.9549]]]}, "properties": {"zone": "X500"}}, {"type": "Feature", "geometry": {"type": "Polygon", "coordinates": [[[-90.0146, 34.9586], [-90.0148, 34.959], [-90.0153, 34.9586], [-90.0158, 34.9584], [-90.0147, 34.9581], [-90.0143, 34.9576], [-90.014, 34.9572], [-90.0143, 34.9568], [-90.0135, 34.9563], [-90.013, 34.9562], [-90.0126, 34.9559], [-90.0122, 34.9552], [-90.0121, 34.9551], [-90.0118, 34.9551], [-90.0117, 34.9551], [-90.0112, 34.9552], [-90.0107, 34.9549], [-90.0098, 34.9549], [-90.0094, 34.955], [-90.0093, 34.9553], [-90.0096, 34.9557], [-90.0093, 34.9561], [-90.009, 34.9558], [-90.0086, 34.9558], [-90.0084, 34.9548], [-90.0085, 34.9544], [-90.0094, 34.9538], [-90.0094, 34.9535], [-90.0086, 34.9533], [-90.0082, 34.9527], [-90.0082, 34.9522], [-90.0078, 34.9519], [-90.0074, 34.9522], [-90.0069, 34.9523], [-90.0061, 34.952], [-90.0059, 34.9514], [-90.0057, 34.9513], [-90.0053, 34.9513], [-90.0051, 34.9512], [-90.0048, 34.9514], [-90.0048, 34.9519], [-90.0045, 34.9522], [-90.004, 34.952], [-90.0038, 34.9522], [-90.0039, 34.9525], [-90.0038, 34.9527], [-90.0036, 34.9527], [-90.003, 34.9526], [-90.0027, 34.9524], [-90.0024, 34.9523], [-90.0016, 34.9521], [-90.0014, 34.9516], [-90.0018, 34.9505], [-90.0014, 34.9499], [-90.0009, 34.95], [-90.0006, 34.9504], [-89.9999, 34.9507], [-89.9989, 34.9502], [-89.9983, 34.9493], [-89.998, 34.9492], [-89.9974, 34.9494], [-89.9968, 34.9492], [-89.9964, 34.948], [-89.9958, 34.9478], [-89.9945, 34.9479], [-89.9931, 34.9481], [-89.9931, 34.9476], [-89.9921, 34.9481], [-89.991, 34.948], [-89.9903, 34.9476], [-89.9897, 34.9458], [-89.9896, 34.9454], [-89.9894, 34.9453], [-89.9893, 34.9451], [-89.9892, 34.9443], [-89.9886, 34.943], [-89.9885, 34.9425], [-89.9884, 34.9423], [-89.9882, 34.9418], [-89.9881, 34.9417], [-89.988, 34.9412], [-89.9878, 34.9407], [-89.9878, 34.9405], [-89.9876, 34.9403], [-89.9873, 34.94], [-89.9874, 34.9398], [-89.9878, 34.9396], [-89.988, 34.9396], [-89.9889, 34.9394], [-89.9901, 34.939], [-89.9901, 34.9386], [-89.9895, 34.9387], [-89.988, 34.939], [-89.9878, 34.9383], [-89.9871, 34.9384], [-89.987, 34.9387], [-89.988, 34.9391], [-89.989, 34.9388], [-89.9899, 34.9387], [-89.9901, 34.939], [-89.988, 34.9396], [-89.9877, 34.9396], [-89.9873, 34.9398], [-89.9873, 34.94], [-89.9876, 34.9403], [-89.9878, 34.9405], [-89.988, 34.9413], [-89.9881, 34.9417], [-89.9881, 34.9418], [-89.9882, 34.9421], [-89.9884, 34.9422], [-89.9886, 34.943], [-89.989, 34.9439], [-89.9892, 34.9442], [-89.9894, 34.9452], [-89.9896, 34.9456], [-89.9897, 34.9459], [-89.9901, 34.947], [-89.9902, 34.9477], [-89.991, 34.9483], [-89.9922, 34.9485], [-89.9925, 34.9489], [-89.993, 34.9482], [-89.9947, 34.9483], [-89.996, 34.9481], [-89.9965, 34.9485], [-89.9964, 34.9493], [-89.9969, 34.95], [-89.9972, 34.9523], [-89.9974, 34.9528], [-89.9978, 34.9527], [-89.9973, 34.9497], [-89.998, 34.9492], [-89.9985, 34.9497], [-89.9988, 34.9503], [-89.9998, 34.9508], [-90.0007, 34.9505], [-90.001, 34.9501], [-90.0014, 34.95], [-90.0017, 34.9505], [-90.0014, 34.9516], [-90.0016, 34.9521], [-90.0022, 34.9523], [-90.0024, 34.9523], [-90.0026, 34.9525], [-90.0029, 34.9526], [-90.0036, 34.9527], [-90.0038, 34.9528], [-90.004, 34.9525], [-90.0039, 34.9522], [-90.0046, 34.9522], [-90.0049, 34.952], [-90.0051, 34.9513], [-90.0053, 34.9514], [-90.0057, 34.9513], [-90.0061, 34.952], [-90.0069, 34.9523], [-90.0075, 34.9522], [-90.0078, 34.952], [-90.0082, 34.9523], [-90.008, 34.9531], [-90.0082, 34.9534], [-90.0089, 34.9536], [-90.0087, 34.9541], [-90.0082, 34.9543], [-90.0084, 34.9556], [-90.0086, 34.9558], [-90.009, 34.9558], [-90.0093, 34.9561], [-90.0097, 34.9557], [-90.0093, 34.9553], [-90.0098, 34.9549], [-90.0107, 34.955], [-90.0112, 34.9553], [-90.0115, 34.9552], [-90.0118, 34.9551], [-90.0122, 34.9552], [-90.0127, 34.956], [-90.013, 34.9563], [-90.0132, 34.9563], [-90.0137, 34.9566], [-90.0135, 34.9572], [-90.0137, 34.9577], [-90.0136, 34.9581], [-90.0139, 34.9585], [-90.0143, 34.9581], [-90.0146, 34.9586]]]}, "properties": {"zone": "X500"}}, {"type": "Feature", "geometry": {"type": "Polygon", "coordinates": [[[-90.0559, 34.9782], [-90.0559, 34.9787], [-90.0564, 34.9793], [-90.0569, 34.9793], [-90.0577, 34.9783], [-90.0573, 34.9783], [-90.0569, 34.979], [-90.0564, 34.9792], [-90.056, 34.9787], [-90.056, 34.978], [-90.0558, 34.9776], [-90.0555, 34.9777], [-90.0549, 34.9775], [-90.0554, 34.9768], [-90.056, 34.9764], [-90.0562, 34.976], [-90.056, 34.9756], [-90.0556, 34.9755], [-90.0553, 34.9755], [-90.055, 34.9757], [-90.0548, 34.976], [-90.0545, 34.9759], [-90.0544, 34.9757], [-90.054, 34.9756], [-90.0538, 34.9755], [-90.0535, 34.9753], [-90.0536, 34.975], [-90.0534, 34.9748], [-90.0526, 34.9746], [-90.0523, 34.9738], [-90.0517, 34.9735], [-90.0504, 34.9732], [-90.0494, 34.9732], [-90.0485, 34.9736], [-90.048, 34.9733], [-90.048, 34.9729], [-90.0471, 34.972], [-90.0465, 34.9711], [-90.0454, 34.9702], [-90.0442, 34.9709], [-90.0434, 34.971], [-90.0434, 34.9715], [-90.043, 34.9719], [-90.042, 34.9715], [-90.0418, 34.9716], [-90.0411, 34.9715], [-90.0408, 34.9716], [-90.0398, 34.9708], [-90.0392, 34.9697], [-90.0395, 34.9688], [-90.0387, 34.9687], [-90.0383, 34.9688], [-90.0382, 34.9689], [-90.0379, 34.9689], [-90.0373, 34.9685], [-90.0374, 34.9679], [-90.0372, 34.967], [-90.0376, 34.9664], [-90.0377, 34.9657], [-90.0387, 34.9646], [-90.0387, 34.9643], [-90.0392, 34.9635], [-90.0393, 34.9625], [-90.0408, 34.9625], [-90.0412, 34.9621], [-90.0414, 34.9615], [-90.0414, 34.9605], [-90.0416, 34.9599], [-90.0412, 34.9598], [-90.0411, 34.9592], [-90.0415, 34.9586], [-90.0423, 34.958], [-90.0419, 34.958], [-90.0416, 34.9575], [-90.0418, 34.957], [-90.042, 34.9569], [-90.042, 34.9566], [-90.0423, 34.9566], [-90.0424, 34.9563], [-90.0421, 34.9562], [-90.0422, 34.9555], [-90.0425, 34.9552], [-90.0433, 34.9553], [-90.0432, 34.9547], [-90.0427, 34.9541], [-90.0422, 34.9539], [-90.042, 34.9529], [-90.0415, 34.9521], [-90.0422, 34.9515], [-90.0423, 34.9512], [-90.0412, 34.9517], [-90.0411, 34.9515], [-90.0419, 34.9511], [-90.0405, 34.9505], [-90.041, 34.9502], [-90.0412, 34.9494], [-90.0406, 34.9493], [-90.0402, 34.9486], [-90.0396, 34.9468], [-90.0394, 34.9467], [-90.0395, 34.9462], [-90.0393, 34.9459], [-90.0397, 34.9453], [-90.0388, 34.9451], [-90.0387, 34.9457], [-90.0394, 34.9461], [-90.0391, 34.9466], [-90.0395, 34.9477], [-90.0394, 34.9481], [-90.0388, 34.9481], [-90.0385, 34.9484], [-90.0389, 34.949], [-90.0396, 34.9493], [-90.0398, 34.9489], [-90.0403, 34.9495], [-90.0396, 34.9494], [-90.0404, 34.9507], [-90.041, 34.9514], [-90.0412, 34.9518], [-90.0422, 34.9513], [-90.0421, 34.9515], [-90.0414, 34.9519], [-90.0419, 34.9527], [-90.0421, 34.9543], [-90.042, 34.9549], [-90.0423, 34.9553], [-90.0421, 34.9556], [-90.0421, 34.9562], [-90.0419, 34.9569], [-90.0418, 34.9569], [-90.0416, 34.9572], [-90.0412, 34.9574], [-90.0405, 34.9575], [-90.0407, 34.9578], [-90.0416, 34.9575], [-90.0417, 34.9578], [-90.0419, 34.958], [-90.0419, 34.9581], [-90.0411, 34.9589], [-90.0407, 34.96], [-90.0408, 34.9605], [-90.0414, 34.9604], [-90.041, 34.9611], [-90.0405, 34.9613], [-90.0408, 34.9625], [-90.0392, 34.9625], [-90.0391, 34.9636], [-90.0377, 34.9657], [-90.0375, 34.9663], [-90.037, 34.9668], [-90.037, 34.9675], [-90.0372, 34.968], [-90.0372, 34.9685], [-90.0375, 34.9687], [-90.0378, 34.9689], [-90.038, 34.969], [-90.0386, 34.9691], [-90.0386, 34.9698], [-90.0383, 34.9703], [-90.0384, 34.9709], [-90.0388, 34.9717], [-90.0395, 34.9719], [-90.04, 34.9723], [-90.0408, 34.9716], [-90.0411, 34.9715], [-90.0418, 34.9716], [-90.042, 34.9716], [-90.0428, 34.972], [-90.0435, 34.9718], [-90.0436, 34.9712], [-90.0438, 34.971], [-90.0444, 34.9711], [-90.0451, 34.9704], [-90.0457, 34.9705], [-90.047, 34.9721], [-90.048, 34.9729], [-90.048, 34.9733], [-90.0481, 34.9735], [-90.0485, 34.9736], [-90.0495, 34.9733], [-90.0507, 34.9734], [-90.0522, 34.9739], [-90.0526, 34.9746], [-90.0534, 34.9748], [-90.0535, 34.9753], [-90.0538, 34.9756], [-90.0543, 34.9757], [-90.0545, 34.9759], [-90.0546, 34.976], [-90.0548, 34.976], [-90.0549, 34.9759], [-90.0553, 34.9755], [-90.0559, 34.9756], [-90.0562, 34.976], [-90.056, 34.9764], [-90.0553, 34.9768], [-90.0548, 34.9775], [-90.0553, 34.9776], [-90.0555, 34.9778], [-90.0558, 34.9777], [-90.0559, 34.9782]]]}, "properties": {"zone": "X500"}}, {"type": "Feature", "geometry": {"type": "Polygon", "coordinates": [[[-90.024, 34.964], [-90.0244, 34.9636], [-90.0244, 34.963], [-90.0236, 34.963], [-90.0222, 34.963], [-90.0222, 34.964], [-90.024, 34.964]]]}, "properties": {"zone": "X500"}}, {"type": "Feature", "geometry": {"type": "Polygon", "coordinates": [[[-90.0549, 34.9638], [-90.0549, 34.9643], [-90.0547, 34.9645], [-90.0545, 34.9641], [-90.0545, 34.9637], [-90.0545, 34.9634], [-90.0544, 34.9634], [-90.0543, 34.9636], [-90.0542, 34.9637], [-90.0541, 34.9637], [-90.0541, 34.9638], [-90.0542, 34.9638], [-90.0543, 34.9641], [-90.0542, 34.9644], [-90.0542, 34.9647], [-90.0541, 34.965], [-90.0542, 34.9659], [-90.0543, 34.966], [-90.0546, 34.9661], [-90.0547, 34.9663], [-90.0545, 34.9664], [-90.0544, 34.9668], [-90.0548, 34.9666], [-90.0547, 34.966], [-90.0544, 34.966], [-90.0543, 34.9657], [-90.0542, 34.9651], [-90.0542, 34.9647], [-90.0542, 34.9644], [-90.0543, 34.9641], [-90.0543, 34.9639], [-90.0542, 34.9638], [-90.0541, 34.9638], [-90.0542, 34.9637], [-90.0543, 34.9636], [-90.0544, 34.9634], [-90.0545, 34.9637], [-90.0545, 34.9641], [-90.0546, 34.9646], [-90.0549, 34.9644], [-90.0549, 34.9638]]]}, "properties": {"zone": "X500"}}, {"type": "Feature", "geometry": {"type": "Polygon", "coordinates": [[[-90.0522, 35.0255], [-90.0519, 35.026], [-90.0521, 35.0263], [-90.053, 35.0261], [-90.0533, 35.0256], [-90.0522, 35.0255]]]}, "properties": {"zone": "X500"}}, {"type": "Feature", "geometry": {"type": "Polygon", "coordinates": [[[-90.0039, 35.0266], [-90.005, 35.027], [-90.0052, 35.0266], [-90.0045, 35.0265], [-90.0039, 35.0266]]]}, "properties": {"zone": "X500"}}, {"type": "Feature", "geometry": {"type": "Polygon", "coordinates": [[[-90.007, 35.0277], [-90.0065, 35.0277], [-90.0045, 35.0286], [-90.0037, 35.03], [-90.0047, 35.0299], [-90.0045, 35.0304], [-90.0054, 35.0304], [-90.0061, 35.0296], [-90.0062, 35.0286], [-90.0067, 35.0282], [-90.007, 35.0277]]]}, "properties": {"zone": "X500"}}, {"type": "Feature", "geometry": {"type": "Polygon", "coordinates": [[[-90.0209, 35.0602], [-90.0217, 35.0613], [-90.0229, 35.0615], [-90.0211, 35.0601], [-90.0207, 35.0599], [-90.0195, 35.0595], [-90.0188, 35.0592], [-90.0172, 35.059], [-90.0173, 35.0593], [-90.018, 35.0598], [-90.0188, 35.06], [-90.0203, 35.06], [-90.0209, 35.0602]]]}, "properties": {"zone": "X500"}}, {"type": "Feature", "geometry": {"type": "Polygon", "coordinates": [[[-90.0209, 35.061], [-90.0206, 35.0605], [-90.0199, 35.0603], [-90.0197, 35.0609], [-90.0202, 35.0613], [-90.0209, 35.061]]]}, "properties": {"zone": "X500"}}, {"type": "Feature", "geometry": {"type": "Polygon", "coordinates": [[[-89.9955, 35.0602], [-89.9942, 35.0605], [-89.9938, 35.0615], [-89.993, 35.0653], [-89.993, 35.066], [-89.9934, 35.0664], [-89.9932, 35.0671], [-89.9937, 35.0677], [-89.9946, 35.0678], [-89.9956, 35.0676], [-89.9955, 35.0667], [-89.9958, 35.0662], [-89.9957, 35.0649], [-89.9958, 35.0629], [-89.996, 35.0626], [-89.9967, 35.0626], [-89.9973, 35.0633], [-89.9971, 35.0637], [-89.9974, 35.0647], [-89.9978, 35.0648], [-89.998, 35.0642], [-89.9983, 35.0643], [-89.9987, 35.0647], [-89.9993, 35.0649], [-89.9999, 35.0647], [-90, 35.0637], [-90.0003, 35.0627], [-90.0003, 35.0619], [-90.0006, 35.0615], [-90.0018, 35.0615], [-90.0034, 35.0635], [-90.0037, 35.0632], [-90.0043, 35.064], [-90.0049, 35.0641], [-90.0047, 35.0647], [-90.005, 35.065], [-90.0062, 35.0651], [-90.0064, 35.0657], [-90.0068, 35.0661], [-90.0068, 35.0664], [-90.0064, 35.0667], [-90.0067, 35.0686], [-90.007, 35.0678], [-90.0074, 35.0675], [-90.0084, 35.0673], [-90.0099, 35.0672], [-90.0099, 35.0669], [-90.0106, 35.0657], [-90.011, 35.0659], [-90.0111, 35.0653], [-90.0091, 35.0648], [-90.0091, 35.0641], [-90.0095, 35.0636], [-90.0102, 35.0635], [-90.0104, 35.0631], [-90.0104, 35.0625], [-90.0102, 35.062], [-90.0121, 35.0626], [-90.0126, 35.0626], [-90.013, 35.0632], [-90.0136, 35.0634], [-90.0141, 35.0633], [-90.0147, 35.0635], [-90.015, 35.0646], [-90.0153, 35.0648], [-90.016, 35.0645], [-90.0162, 35.065], [-90.0168, 35.0651], [-90.0168, 35.0664], [-90.0173, 35.067], [-90.0188, 35.0669], [-90.0193, 35.0665], [-90.0192, 35.0658], [-90.0195, 35.0654], [-90.0211, 35.0649], [-90.0205, 35.0648], [-90.0206, 35.0644], [-90.0202, 35.0642], [-90.0196, 35.0644], [-90.0189, 35.0649], [-90.0186, 35.0647], [-90.0182, 35.0636], [-90.0171, 35.063], [-90.0172, 35.0637], [-90.0169, 35.0641], [-90.0161, 35.063], [-90.0154, 35.0632], [-90.0145, 35.0628], [-90.014, 35.0628], [-90.0137, 35.0632], [-90.0128, 35.0628], [-90.0126, 35.0621], [-90.0123, 35.0624], [-90.0117, 35.0623], [-90.0109, 35.0612], [-90.011, 35.061], [-90.0097, 35.0608], [-90.0094, 35.0605], [-90.0097, 35.0595], [-90.0087, 35.0579], [-90.0079, 35.0579], [-90.0083, 35.0584], [-90.0082, 35.0588], [-90.0086, 35.059], [-90.009, 35.0606], [-90.0087, 35.0608], [-90.0072, 35.0606], [-90.007, 35.0613], [-90.0076, 35.0613], [-90.0088, 35.0616], [-90.0089, 35.0622], [-90.0101, 35.0622], [-90.0104, 35.0624], [-90.0103, 35.0633], [-90.0093, 35.0636], [-90.0091, 35.0638], [-90.0089, 35.0644], [-90.0085, 35.0648], [-90.0074, 35.0647], [-90.0071, 35.0639], [-90.0068, 35.0639], [-90.0066, 35.0645], [-90.0061, 35.0649], [-90.0055, 35.0646], [-90.0052, 35.0635], [-90.0053, 35.0631], [-90.0047, 35.0628], [-90.0043, 35.0629], [-90.0036, 35.0622], [-90.0029, 35.0622], [-90.0025, 35.0617], [-90.0027, 35.0612], [-90.0025, 35.0605], [-90.002, 35.0599], [-90.0018, 35.0594], [-90.002, 35.0582], [-90.0019, 35.0568], [-90.0022, 35.0563], [-90.0023, 35.0549], [-90.002, 35.0542], [-90.0023, 35.0537], [-90.0016, 35.0537], [-90.0018, 35.0545], [-90.0011, 35.0543], [-89.9996, 35.0541], [-89.9983, 35.0536], [-89.9981, 35.0548], [-89.9989, 35.0542], [-89.9995, 35.0546], [-90.0001, 35.0547], [-89.9998, 35.0551], [-89.9999, 35.0557], [-89.9992, 35.0558], [-89.9991, 35.0561], [-89.9982, 35.0566], [-89.9984, 35.0574], [-89.9975, 35.0579], [-89.9978, 35.0588], [-89.9985, 35.059], [-89.9985, 35.0597], [-89.9979, 35.0594], [-89.9974, 35.0595], [-89.9966, 35.0592], [-89.9963, 35.0593], [-89.9959, 35.0599], [-89.9955, 35.0602]], [[-89.9968, 35.0618], [-89.9962, 35.0617], [-89.9961, 35.0613], [-89.9963, 35.0609], [-89.997, 35.0609], [-89.9974, 35.0615], [-89.9968, 35.0618]], [[-90.0015, 35.0596], [-90.0007, 35.0594], [-90.0002, 35.0591], [-90.0002, 35.0583], [-90.0007, 35.058], [-90.0012, 35.0586], [-90.0011, 35.0588], [-90.0015, 35.0596]]]}, "properties": {"zone": "X500"}}, {"type": "Feature", "geometry": {"type": "Polygon", "coordinates": [[[-90.024, 35.0632], [-90.0237, 35.0623], [-90.0241, 35.062], [-90.0247, 35.0619], [-90.0245, 35.0616], [-90.0237, 35.0623], [-90.0238, 35.063], [-90.024, 35.0632]]]}, "properties": {"zone": "X500"}}, {"type": "Feature", "geometry": {"type": "Polygon", "coordinates": [[[-90.0226, 35.0641], [-90.0223, 35.0636], [-90.0217, 35.0635], [-90.0217, 35.0641], [-90.0221, 35.0644], [-90.0226, 35.0641]]]}, "properties": {"zone": "X500"}}, {"type": "Feature", "geometry": {"type": "Polygon", "coordinates": [[[-90.0233, 35.0643], [-90.0231, 35.0652], [-90.0237, 35.0652], [-90.0236, 35.0645], [-90.0233, 35.0643]]]}, "properties": {"zone": "X500"}}, {"type": "Feature", "geometry": {"type": "Polygon", "coordinates": [[[-90.0259, 35.0613], [-90.0257, 35.0608], [-90.0251, 35.0611], [-90.0257, 35.0616], [-90.026, 35.0623], [-90.0263, 35.0627], [-90.0267, 35.0627], [-90.0275, 35.0629], [-90.0282, 35.0637], [-90.0283, 35.0631], [-90.0286, 35.0626], [-90.0291, 35.0626], [-90.0292, 35.0629], [-90.0292, 35.0647], [-90.0298, 35.0653], [-90.0301, 35.065], [-90.0303, 35.0627], [-90.0313, 35.0625], [-90.0313, 35.065], [-90.0316, 35.065], [-90.0317, 35.063], [-90.0318, 35.063], [-90.0318, 35.0669], [-90.0317, 35.068], [-90.0317, 35.0691], [-90.032, 35.0691], [-90.032, 35.0676], [-90.0323, 35.0671], [-90.0323, 35.0663], [-90.0321, 35.0654], [-90.0321, 35.0634], [-90.0324, 35.0625], [-90.0337, 35.0626], [-90.0334, 35.0629], [-90.0335, 35.065], [-90.034, 35.0649], [-90.0342, 35.0641], [-90.0344, 35.0627], [-90.035, 35.0626], [-90.0352, 35.0631], [-90.036, 35.063], [-90.0364, 35.0649], [-90.0368, 35.0652], [-90.0367, 35.063], [-90.036, 35.0624], [-90.0356, 35.0628], [-90.0352, 35.0627], [-90.0349, 35.0622], [-90.0346, 35.0624], [-90.0335, 35.0625], [-90.0323, 35.0622], [-90.0312, 35.0622], [-90.0301, 35.0625], [-90.0286, 35.0624], [-90.0281, 35.0625], [-90.0266, 35.0621], [-90.0259, 35.0613]]]}, "properties": {"zone": "X500"}}, {"type": "Feature", "geometry": {"type": "Polygon", "coordinates": [[[-90.0412, 35.0631], [-90.0406, 35.0626], [-90.0388, 35.0621], [-90.0389, 35.0626], [-90.0397, 35.0631], [-90.0401, 35.0634], [-90.0408, 35.0636], [-90.041, 35.0646], [-90.0419, 35.065], [-90.0425, 35.067], [-90.0426, 35.0693], [-90.0432, 35.0695], [-90.0435, 35.0673], [-90.0433, 35.0667], [-90.0435, 35.0662], [-90.0437, 35.0647], [-90.0429, 35.0658], [-90.0424, 35.0656], [-90.0421, 35.0646], [-90.0416, 35.0642], [-90.0412, 35.0631]]]}, "properties": {"zone": "X500"}}, {"type": "Feature", "geometry": {"type": "Polygon", "coordinates": [[[-90.0313, 35.0686], [-90.0315, 35.0668], [-90.0314, 35.0657], [-90.0309, 35.0668], [-90.0309, 35.0681], [-90.0313, 35.0686]]]}, "properties": {"zone": "X500"}}, {"type": "Feature", "geometry": {"type": "Polygon", "coordinates": [[[-90.0509, 35.0665], [-90.0505, 35.067], [-90.0511, 35.0677], [-90.0518, 35.068], [-90.0523, 35.068], [-90.0523, 35.0673], [-90.0527, 35.0671], [-90.0526, 35.0666], [-90.0516, 35.067], [-90.0509, 35.0665]]]}, "properties": {"zone": "X500"}}, {"type": "Feature", "geometry": {"type": "Polygon", "coordinates": [[[-90.0363, 35.0672], [-90.0362, 35.0668], [-90.0355, 35.0663], [-90.0353, 35.067], [-90.0356, 35.0676], [-90.0355, 35.0685], [-90.0357, 35.0689], [-90.0363, 35.0686], [-90.0363, 35.0672]]]}, "properties": {"zone": "X500"}}, {"type": "Feature", "geometry": {"type": "Polygon", "coordinates": [[[-90.0227, 35.0669], [-90.0231, 35.0663], [-90.0242, 35.0666], [-90.0249, 35.0673], [-90.0251, 35.0681], [-90.0249, 35.0687], [-90.024, 35.0688], [-90.0228, 35.0685], [-90.0225, 35.0686], [-90.0222, 35.0695], [-90.0218, 35.0697], [-90.0217, 35.0703], [-90.0218, 35.0709], [-90.0221, 35.0712], [-90.023, 35.071], [-90.0241, 35.0702], [-90.0242, 35.0697], [-90.0248, 35.0693], [-90.0253, 35.0687], [-90.025, 35.0674], [-90.0245, 35.0666], [-90.0231, 35.066], [-90.0227, 35.0669]]]}, "properties": {"zone": "X500"}}, {"type": "Feature", "geometry": {"type": "Polygon", "coordinates": [[[-90.0382, 35.0686], [-90.0382, 35.067], [-90.0375, 35.0669], [-90.0375, 35.069], [-90.0372, 35.07], [-90.0373, 35.0703], [-90.0379, 35.0704], [-90.0382, 35.0699], [-90.0382, 35.0686]]]}, "properties": {"zone": "X500"}}, {"type": "Feature", "geometry": {"type": "Polygon", "coordinates": [[[-90.0501, 35.0665], [-90.0505, 35.0684], [-90.051, 35.0707], [-90.0512, 35.0707], [-90.0506, 35.068], [-90.0517, 35.0682], [-90.0521, 35.0686], [-90.0523, 35.0694], [-90.0526, 35.0698], [-90.0538, 35.07], [-90.0539, 35.0694], [-90.0546, 35.0697], [-90.0554, 35.0688], [-90.0555, 35.0699], [-90.0552, 35.0706], [-90.0556, 35.071], [-90.0564, 35.0711], [-90.0571, 35.0715], [-90.0576, 35.071], [-90.0556, 35.071], [-90.0552, 35.0706], [-90.0555, 35.0701], [-90.056, 35.0687], [-90.0551, 35.0687], [-90.0547, 35.0689], [-90.0526, 35.0692], [-90.0523, 35.0683], [-90.0505, 35.0675], [-90.0499, 35.0659], [-90.0501, 35.0684], [-90.0498, 35.0693], [-90.0496, 35.0696], [-90.0488, 35.0697], [-90.0484, 35.0695], [-90.0476, 35.0694], [-90.0473, 35.0692], [-90.047, 35.0685], [-90.0468, 35.0675], [-90.0469, 35.0662], [-90.0481, 35.0659], [-90.0473, 35.0654], [-90.0475, 35.0644], [-90.0468, 35.065], [-90.0465, 35.0655], [-90.0468, 35.066], [-90.0466, 35.0667], [-90.0469, 35.0688], [-90.0473, 35.0696], [-90.0489, 35.0699], [-90.0498, 35.0699], [-90.0502, 35.0696], [-90.0502, 35.069], [-90.0501, 35.0665]]]}, "properties": {"zone": "X500"}}, {"type": "Feature", "geometry": {"type": "Polygon", "coordinates": [[[-90.0083, 35.0706], [-90.0076, 35.0706], [-90.0084, 35.0715], [-90.009, 35.0716], [-90.0097, 35.0723], [-90.01, 35.0725], [-90.011, 35.0726], [-90.0108, 35.073], [-90.0114, 35.0731], [-90.0142, 35.0726], [-90.0153, 35.0726], [-90.0163, 35.0723], [-90.0179, 35.0721], [-90.0188, 35.0718], [-90.0205, 35.0718], [-90.0206, 35.0716], [-90.0195, 35.0714], [-90.0175, 35.0716], [-90.0176, 35.0714], [-90.0193, 35.071], [-90.0205, 35.0706], [-90.0199, 35.0704], [-90.0196, 35.0707], [-90.0168, 35.0714], [-90.0164, 35.0718], [-90.0177, 35.0716], [-90.0179, 35.072], [-90.0152, 35.0724], [-90.0127, 35.0728], [-90.012, 35.0723], [-90.0103, 35.0725], [-90.0097, 35.0723], [-90.0091, 35.0716], [-90.0088, 35.0709], [-90.0083, 35.0706]]]}, "properties": {"zone": "X500"}}, {"type": "Feature", "geometry": {"type": "Polygon", "coordinates": [[[-90.0129, 35.0704], [-90.0127, 35.0706], [-90.0129, 35.0714], [-90.0135, 35.0716], [-90.0138, 35.0713], [-90.0133, 35.0705], [-90.0129, 35.0704]]]}, "properties": {"zone": "X500"}}, {"type": "Feature", "geometry": {"type": "Polygon", "coordinates": [[[-90.0369, 35.0748], [-90.0359, 35.0742], [-90.034, 35.0737], [-90.0337, 35.0739], [-90.0359, 35.0743], [-90.0362, 35.0747], [-90.0369, 35.0748]]]}, "properties": {"zone": "X500"}}, {"type": "Feature", "geometry": {"type": "Polygon", "coordinates": [[[-90.0362, 35.0804], [-90.0366, 35.0801], [-90.037, 35.0796], [-90.0374, 35.0782], [-90.038, 35.0777], [-90.0387, 35.0773], [-90.0392, 35.0767], [-90.0404, 35.0758], [-90.0395, 35.0756], [-90.0364, 35.0749], [-90.0323, 35.0741], [-90.0316, 35.0742], [-90.0295, 35.0749], [-90.0286, 35.0753], [-90.0272, 35.0762], [-90.0268, 35.0768], [-90.0272, 35.077], [-90.0278, 35.0769], [-90.0285, 35.0765], [-90.0293, 35.0763], [-90.0309, 35.076], [-90.0311, 35.0767], [-90.0314, 35.0768], [-90.0325, 35.0762], [-90.0329, 35.0762], [-90.0329, 35.0767], [-90.0338, 35.0775], [-90.0335, 35.0783], [-90.0339, 35.0786], [-90.0347, 35.0787], [-90.0349, 35.0789], [-90.0349, 35.0797], [-90.0341, 35.0805], [-90.0334, 35.0809], [-90.0331, 35.0813], [-90.0321, 35.0818], [-90.0313, 35.0829], [-90.0301, 35.0834], [-90.0303, 35.0837], [-90.036, 35.0804], [-90.0362, 35.0804]], [[-90.0364, 35.0771], [-90.0363, 35.0768], [-90.0357, 35.0767], [-90.0355, 35.0769], [-90.0351, 35.078], [-90.0343, 35.0781], [-90.0338, 35.0768], [-90.0337, 35.0765], [-90.0345, 35.0764], [-90.0344, 35.0759], [-90.0339, 35.0751], [-90.0332, 35.0755], [-90.0319, 35.0757], [-90.0317, 35.0754], [-90.0326, 35.0751], [-90.033, 35.0746], [-90.0326, 35.0743], [-90.0321, 35.0744], [-90.0319, 35.0747], [-90.0311, 35.075], [-90.0307, 35.0758], [-90.0298, 35.0761], [-90.0293, 35.076], [-90.029, 35.0756], [-90.0271, 35.0765], [-90.0277, 35.0759], [-90.0294, 35.075], [-90.0316, 35.0743], [-90.0323, 35.0742], [-90.0346, 35.0746], [-90.0354, 35.0753], [-90.0359, 35.0753], [-90.0365, 35.075], [-90.0396, 35.0756], [-90.0401, 35.0757], [-90.0394, 35.0763], [-90.0386, 35.0768], [-90.0375, 35.0777], [-90.0369, 35.0796], [-90.0365, 35.0801], [-90.0352, 35.0808], [-90.0318, 35.0827], [-90.0315, 35.0827], [-90.0322, 35.0818], [-90.0331, 35.0814], [-90.0348, 35.0801], [-90.0352, 35.0797], [-90.0354, 35.0792], [-90.036, 35.0789], [-90.036, 35.0785], [-90.0357, 35.0781], [-90.0364, 35.0771]]]}, "properties": {"zone": "X500"}}, {"type": "Feature", "geometry": {"type": "Polygon", "coordinates": [[[-90.0296, 35.0851], [-90.029, 35.0848], [-90.0278, 35.0859], [-90.0268, 35.0861], [-90.0269, 35.0863], [-90.0304, 35.0864], [-90.0315, 35.0863], [-90.0321, 35.0861], [-90.0322, 35.0855], [-90.0327, 35.0851], [-90.0321, 35.0841], [-90.0324, 35.0836], [-90.0335, 35.0834], [-90.0332, 35.0829], [-90.0328, 35.0833], [-90.0317, 35.0841], [-90.0315, 35.0845], [-90.0319, 35.0848], [-90.0316, 35.0858], [-90.0311, 35.0859], [-90.0306, 35.0858], [-90.0296, 35.0851]]]}, "properties": {"zone": "X500"}}, {"type": "Feature", "geometry": {"type": "Polygon", "coordinates": [[[-90.0165, 35.1786], [-90.0168, 35.1796], [-90.0171, 35.1799], [-90.0165, 35.1805], [-90.0167, 35.1808], [-90.0173, 35.1804], [-90.0177, 35.1806], [-90.0178, 35.1795], [-90.0176, 35.1791], [-90.0169, 35.1789], [-90.0167, 35.1783], [-90.0163, 35.1779], [-90.0153, 35.1766], [-90.0151, 35.176], [-90.0153, 35.1756], [-90.0161, 35.1752], [-90.0166, 35.1748], [-90.0165, 35.1743], [-90.0161, 35.1742], [-90.0154, 35.1748], [-90.015, 35.1749], [-90.0139, 35.1748], [-90.0135, 35.1751], [-90.0131, 35.1748], [-90.0124, 35.1744], [-90.012, 35.1735], [-90.0117, 35.1731], [-90.0123, 35.1728], [-90.0145, 35.1728], [-90.0147, 35.1718], [-90.0146, 35.1714], [-90.0158, 35.1706], [-90.0168, 35.1704], [-90.0173, 35.1702], [-90.0175, 35.1693], [-90.0179, 35.169], [-90.0183, 35.1679], [-90.0185, 35.1658], [-90.0185, 35.1648], [-90.0188, 35.1634], [-90.0191, 35.1637], [-90.019, 35.1671], [-90.0189, 35.1689], [-90.0191, 35.1694], [-90.0199, 35.1699], [-90.0208, 35.1701], [-90.0219, 35.1693], [-90.0217, 35.1691], [-90.0207, 35.1694], [-90.0202, 35.1692], [-90.0201, 35.1685], [-90.0209, 35.1674], [-90.0204, 35.1661], [-90.0206, 35.1658], [-90.0205, 35.165], [-90.0207, 35.1646], [-90.0201, 35.1639], [-90.0201, 35.1632], [-90.0206, 35.1622], [-90.0198, 35.1621], [-90.0195, 35.1618], [-90.0194, 35.161], [-90.0199, 35.1601], [-90.0198, 35.1598], [-90.0191, 35.1598], [-90.0186, 35.1596], [-90.0181, 35.159], [-90.0171, 35.1586], [-90.0174, 35.1582], [-90.0168, 35.158], [-90.0157, 35.1578], [-90.0155, 35.1581], [-90.0163, 35.1584], [-90.016, 35.1591], [-90.0162, 35.1599], [-90.0171, 35.1605], [-90.0171, 35.1608], [-90.0169, 35.1621], [-90.0162, 35.1623], [-90.0163, 35.1627], [-90.0169, 35.1632], [-90.0171, 35.1645], [-90.0179, 35.1649], [-90.0175, 35.1659], [-90.0169, 35.1665], [-90.0163, 35.1668], [-90.016, 35.1673], [-90.014, 35.1677], [-90.0138, 35.168], [-90.0139, 35.1686], [-90.0133, 35.1688], [-90.0127, 35.1684], [-90.0125, 35.1689], [-90.014, 35.169], [-90.0145, 35.1686], [-90.0166, 35.1681], [-90.0175, 35.1675], [-90.0177, 35.1672], [-90.018, 35.1658], [-90.0183, 35.1658], [-90.0182, 35.1668], [-90.0179, 35.1681], [-90.0174, 35.1687], [-90.0163, 35.1698], [-90.0154, 35.1702], [-90.0141, 35.1706], [-90.0137, 35.1715], [-90.0133, 35.172], [-90.0128, 35.1722], [-90.011, 35.1725], [-90.0107, 35.1729], [-90.0107, 35.1734], [-90.0133, 35.1756], [-90.0137, 35.176], [-90.0144, 35.1762], [-90.0159, 35.1779], [-90.0165, 35.1786]]]}, "properties": {"zone": "X500"}}, {"type": "Feature", "geometry": {"type": "Polygon", "coordinates": [[[-90.048, 35.219], [-90.048, 35.2184], [-90.0478, 35.218], [-90.047, 35.2184], [-90.0473, 35.2186], [-90.0473, 35.2195], [-90.048, 35.219]]]}, "properties": {"zone": "X500"}}, {"type": "Feature", "geometry": {"type": "Polygon", "coordinates": [[[-90.0282, 35.2293], [-90.0288, 35.2297], [-90.0294, 35.2296], [-90.0302, 35.2299], [-90.0306, 35.2299], [-90.0308, 35.2295], [-90.0301, 35.2295], [-90.0295, 35.2291], [-90.0295, 35.2285], [-90.0287, 35.2285], [-90.0278, 35.2291], [-90.0269, 35.2289], [-90.0267, 35.2292], [-90.0282, 35.2293]]]}, "properties": {"zone": "X500"}}, {"type": "Feature", "geometry": {"type": "Polygon", "coordinates": [[[-90.0096, 35.2299], [-90.0103, 35.2306], [-90.011, 35.2307], [-90.0114, 35.2313], [-90.0118, 35.2308], [-90.0117, 35.2305], [-90.0105, 35.23], [-90.01, 35.2295], [-90.0096, 35.2299]]]}, "properties": {"zone": "X500"}}, {"type": "Feature", "geometry": {"type": "Polygon", "coordinates": [[[-90.0252, 35.233], [-90.0255, 35.2326], [-90.0252, 35.2318], [-90.0246, 35.2322], [-90.0239, 35.2324], [-90.0242, 35.2332], [-90.0244, 35.2334], [-90.0252, 35.233]]]}, "properties": {"zone": "X500"}}, {"type": "Feature", "geometry": {"type": "Polygon", "coordinates": [[[-89.9684, 35.2504], [-89.9699, 35.2505], [-89.9705, 35.2503], [-89.9719, 35.2502], [-89.9727, 35.2504], [-89.9731, 35.2503], [-89.9736, 35.2506], [-89.9741, 35.251], [-89.9746, 35.2517], [-89.9755, 35.2523], [-89.9759, 35.2524], [-89.9767, 35.2523], [-89.977, 35.2513], [-89.9778, 35.2505], [-89.9796, 35.2506], [-89.98, 35.2505], [-89.9817, 35.2496], [-89.9832, 35.2496], [-89.9844, 35.2494], [-89.9868, 35.2493], [-89.987, 35.249], [-89.9865, 35.2483], [-89.9874, 35.2484], [-89.9878, 35.2482], [-89.9878, 35.2478], [-89.9877, 35.2476], [-89.9873, 35.2475], [-89.9869, 35.2476], [-89.9866, 35.2472], [-89.9862, 35.247], [-89.9855, 35.2462], [-89.9855, 35.2459], [-89.985, 35.2451], [-89.9854, 35.2449], [-89.9853, 35.2435], [-89.9855, 35.2433], [-89.9862, 35.2431], [-89.9866, 35.2434], [-89.9864, 35.2437], [-89.9864, 35.2447], [-89.9868, 35.2451], [-89.9874, 35.2451], [-89.9888, 35.2463], [-89.989, 35.2467], [-89.9896, 35.247], [-89.9909, 35.2473], [-89.9932, 35.2476], [-89.9941, 35.2474], [-89.9948, 35.2476], [-89.9949, 35.248], [-89.9963, 35.2478], [-89.9969, 35.2476], [-89.9978, 35.2468], [-89.9988, 35.2456], [-89.9999, 35.2447], [-90.0007, 35.2444], [-90.0015, 35.2436], [-90.0019, 35.2434], [-90.0031, 35.2447], [-90.0045, 35.2445], [-90.005, 35.2443], [-90.0057, 35.2444], [-90.0064, 35.2448], [-90.0051, 35.2464], [-90.0046, 35.2468], [-90.0041, 35.2475], [-90.0027, 35.2492], [-89.9989, 35.2536], [-89.9992, 35.2538], [-90.001, 35.2516], [-90.0033, 35.249], [-90.0061, 35.2458], [-90.0091, 35.2422], [-90.0089, 35.2428], [-90.01, 35.243], [-90.0101, 35.2426], [-90.0099, 35.2417], [-90.0096, 35.2416], [-90.0106, 35.2407], [-90.0109, 35.2407], [-90.0116, 35.2401], [-90.0118, 35.2397], [-90.0135, 35.2389], [-90.0146, 35.2383], [-90.0152, 35.2379], [-90.0151, 35.2374], [-90.0142, 35.2378], [-90.0145, 35.2371], [-90.014, 35.2367], [-90.0132, 35.2371], [-90.0123, 35.2379], [-90.0108, 35.2378], [-90.0108, 35.2374], [-90.0114, 35.2369], [-90.0105, 35.2363], [-90.0095, 35.2356], [-90.0089, 35.2354], [-90.0091, 35.235], [-90.0098, 35.235], [-90.0113, 35.2356], [-90.0123, 35.2361], [-90.0133, 35.2363], [-90.0144, 35.2353], [-90.0148, 35.2354], [-90.0162, 35.2339], [-90.0157, 35.2337], [-90.0153, 35.234], [-90.0141, 35.2338], [-90.0127, 35.2332], [-90.0134, 35.2329], [-90.014, 35.233], [-90.0146, 35.2327], [-90.0148, 35.2314], [-90.0142, 35.231], [-90.0139, 35.2305], [-90.0156, 35.2285], [-90.0151, 35.2282], [-90.0156, 35.2278], [-90.0161, 35.228], [-90.0163, 35.2275], [-90.0158, 35.2265], [-90.0162, 35.2257], [-90.0179, 35.2236], [-90.0182, 35.2237], [-90.0175, 35.2247], [-90.0177, 35.2251], [-90.0182, 35.2255], [-90.0179, 35.2261], [-90.0183, 35.2273], [-90.018, 35.2276], [-90.0176, 35.2291], [-90.0174, 35.2312], [-90.0169, 35.2321], [-90.0163, 35.2329], [-90.0155, 35.2332], [-90.0164, 35.2337], [-90.0168, 35.2337], [-90.0178, 35.2329], [-90.0183, 35.2324], [-90.0197, 35.2324], [-90.0201, 35.2322], [-90.0207, 35.2314], [-90.0221, 35.231], [-90.0227, 35.23], [-90.0245, 35.2294], [-90.0253, 35.2295], [-90.026, 35.2292], [-90.0263, 35.2288], [-90.0276, 35.2277], [-90.029, 35.2274], [-90.0301, 35.2275], [-90.0316, 35.2281], [-90.032, 35.2281], [-90.0323, 35.2274], [-90.0332, 35.2275], [-90.0334, 35.2282], [-90.0341, 35.228], [-90.0349, 35.2277], [-90.0369, 35.227], [-90.0375, 35.2266], [-90.0374, 35.2263], [-90.0382, 35.2262], [-90.0404, 35.2262], [-90.0422, 35.2265], [-90.0433, 35.2264], [-90.0445, 35.2262], [-90.0449, 35.226], [-90.0453, 35.2262], [-90.0466, 35.2264], [-90.0478, 35.2267], [-90.0482, 35.2265], [-90.0487, 35.2255], [-90.0487, 35.2236], [-90.0486, 35.2231], [-90.048, 35.2237], [-90.0482, 35.2243], [-90.0479, 35.2249], [-90.0473, 35.2246], [-90.0464, 35.2239], [-90.0458, 35.2241], [-90.0458, 35.2246], [-90.0453, 35.2246], [-90.0446, 35.224], [-90.0439, 35.2242], [-90.0436, 35.2236], [-90.0428, 35.2234], [-90.0434, 35.223], [-90.0443, 35.2232], [-90.0455, 35.2231], [-90.046, 35.2227], [-90.0469, 35.2229], [-90.0477, 35.2226], [-90.0481, 35.2222], [-90.0484, 35.2213], [-90.0479, 35.2208], [-90.0477, 35.2214], [-90.0473, 35.2219], [-90.0462, 35.2213], [-90.0461, 35.2208], [-90.0465, 35.22], [-90.0462, 35.2198], [-90.0453, 35.2199], [-90.0445, 35.2195], [-90.0441, 35.2203], [-90.0453, 35.2215], [-90.0452, 35.2219], [-90.0445, 35.2219], [-90.0433, 35.2212], [-90.0432, 35.2217], [-90.0425, 35.2217], [-90.0426, 35.222], [-90.0421, 35.2226], [-90.0412, 35.223], [-90.041, 35.2232], [-90.0407, 35.224], [-90.0402, 35.2251], [-90.0396, 35.2252], [-90.0394, 35.2244], [-90.0395, 35.2231], [-90.0399, 35.2227], [-90.0398, 35.2225], [-90.0389, 35.2221], [-90.0376, 35.2222], [-90.0373, 35.2216], [-90.0363, 35.2213], [-90.0357, 35.2209], [-90.0356, 35.2205], [-90.0362, 35.2199], [-90.0375, 35.22], [-90.0383, 35.2199], [-90.0388, 35.2187], [-90.0394, 35.2194], [-90.04, 35.2199], [-90.0401, 35.2204], [-90.0407, 35.2203], [-90.0413, 35.2196], [-90.0412, 35.2183], [-90.0416, 35.2179], [-90.0419, 35.218], [-90.042, 35.2186], [-90.0424, 35.2191], [-90.0428, 35.2187], [-90.0429, 35.218], [-90.0432, 35.2178], [-90.0441, 35.2178], [-90.0444, 35.2178], [-90.0445, 35.2177], [-90.0449, 35.2172], [-90.0455, 35.2171], [-90.0458, 35.217], [-90.046, 35.2168], [-90.0464, 35.2169], [-90.0472, 35.2165], [-90.048, 35.2166], [-90.0487, 35.2156], [-90.0489, 35.2148], [-90.0483, 35.2146], [-90.0474, 35.2138], [-90.0475, 35.2136], [-90.0485, 35.214], [-90.0491, 35.2137], [-90.0491, 35.2132], [-90.0494, 35.2126], [-90.0476, 35.213], [-90.0472, 35.2135], [-90.0474, 35.214], [-90.0479, 35.2143], [-90.0485, 35.215], [-90.0485, 35.2156], [-90.0479, 35.2159], [-90.0479, 35.2163], [-90.0468, 35.2167], [-90.0465, 35.2168], [-90.0463, 35.2168], [-90.046, 35.2165], [-90.0459, 35.2169], [-90.0456, 35.2171], [-90.0446, 35.2172], [-90.0445, 35.2177], [-90.0443, 35.2178], [-90.0429, 35.2178], [-90.0425, 35.2186], [-90.0421, 35.2184], [-90.042, 35.218], [-90.0416, 35.2178], [-90.041, 35.2181], [-90.0411, 35.2194], [-90.0406, 35.2198], [-90.0403, 35.2193], [-90.0392, 35.2191], [-90.039, 35.218], [-90.0386, 35.2179], [-90.0386, 35.2188], [-90.0381, 35.2197], [-90.0375, 35.2198], [-90.0371, 35.2194], [-90.0365, 35.2195], [-90.0354, 35.2207], [-90.0356, 35.2209], [-90.0367, 35.2217], [-90.0373, 35.2223], [-90.0392, 35.2225], [-90.0397, 35.2228], [-90.0394, 35.2232], [-90.0393, 35.2252], [-90.0395, 35.2254], [-90.0406, 35.2255], [-90.0404, 35.2261], [-90.0392, 35.2262], [-90.0377, 35.2261], [-90.0372, 35.2262], [-90.0366, 35.2269], [-90.036, 35.2272], [-90.0344, 35.2276], [-90.0335, 35.2273], [-90.0323, 35.2273], [-90.0319, 35.2274], [-90.0317, 35.2278], [-90.031, 35.2276], [-90.0298, 35.2272], [-90.0281, 35.2271], [-90.0278, 35.227], [-90.0273, 35.2275], [-90.0254, 35.2275], [-90.0247, 35.228], [-90.0243, 35.2276], [-90.0236, 35.2288], [-90.023, 35.229], [-90.0229, 35.2294], [-90.0217, 35.23], [-90.0214, 35.2304], [-90.0208, 35.2306], [-90.0201, 35.2311], [-90.02, 35.2317], [-90.0191, 35.2319], [-90.0186, 35.2315], [-90.0179, 35.2317], [-90.0177, 35.2312], [-90.018, 35.2303], [-90.0179, 35.2296], [-90.0181, 35.2288], [-90.0186, 35.2274], [-90.0183, 35.2271], [-90.0187, 35.2259], [-90.0185, 35.2234], [-90.018, 35.2232], [-90.0179, 35.2226], [-90.0173, 35.2227], [-90.0159, 35.2214], [-90.015, 35.2204], [-90.0147, 35.2203], [-90.0137, 35.2197], [-90.0128, 35.2194], [-90.0121, 35.22], [-90.0113, 35.2199], [-90.0111, 35.2203], [-90.0124, 35.2203], [-90.0137, 35.2204], [-90.014, 35.2201], [-90.015, 35.2208], [-90.0154, 35.2213], [-90.0155, 35.2225], [-90.0151, 35.2231], [-90.0158, 35.2235], [-90.0155, 35.2239], [-90.0161, 35.2241], [-90.0164, 35.2244], [-90.0156, 35.225], [-90.0157, 35.2257], [-90.0147, 35.2258], [-90.015, 35.2262], [-90.0159, 35.2267], [-90.0156, 35.2271], [-90.0161, 35.2274], [-90.0161, 35.2279], [-90.0154, 35.2274], [-90.015, 35.2276], [-90.0146, 35.2283], [-90.0146, 35.2292], [-90.0138, 35.2297], [-90.0135, 35.2304], [-90.0123, 35.2306], [-90.0116, 35.2313], [-90.0128, 35.2316], [-90.0129, 35.2323], [-90.0138, 35.2328], [-90.0125, 35.2329], [-90.0122, 35.2334], [-90.0132, 35.2335], [-90.0135, 35.2342], [-90.0141, 35.2342], [-90.0147, 35.2346], [-90.0137, 35.2356], [-90.0125, 35.2358], [-90.0103, 35.2349], [-90.0091, 35.2346], [-90.0086, 35.2349], [-90.0082, 35.2356], [-90.009, 35.2358], [-90.0095, 35.2362], [-90.0095, 35.2367], [-90.0097, 35.2371], [-90.0101, 35.2374], [-90.0101, 35.2378], [-90.0088, 35.2384], [-90.0086, 35.2389], [-90.0076, 35.2393], [-90.0062, 35.2393], [-90.0052, 35.2396], [-90.0052, 35.2401], [-90.0042, 35.2404], [-90.0034, 35.2415], [-90.003, 35.2417], [-90.0017, 35.2432], [-90.001, 35.2436], [-89.998, 35.2461], [-89.9977, 35.2465], [-89.9969, 35.2471], [-89.9963, 35.2477], [-89.9954, 35.2476], [-89.9945, 35.2473], [-89.9934, 35.2471], [-89.9927, 35.2475], [-89.9904, 35.2471], [-89.9902, 35.2467], [-89.9896, 35.2469], [-89.9891, 35.2467], [-89.9889, 35.2462], [-89.9877, 35.2454], [-89.9878, 35.2449], [-89.9867, 35.2447], [-89.9866, 35.2441], [-89.9869, 35.2432], [-89.9864, 35.243], [-89.9863, 35.242], [-89.9865, 35.2414], [-89.9859, 35.2412], [-89.9853, 35.2414], [-89.9846, 35.2413], [-89.9846, 35.2425], [-89.9849, 35.2428], [-89.9846, 35.2435], [-89.9848, 35.244], [-89.9844, 35.2449], [-89.9849, 35.2453], [-89.9853, 35.2462], [-89.9859, 35.2467], [-89.986, 35.2471], [-89.9865, 35.2472], [-89.9868, 35.2476], [-89.9874, 35.2475], [-89.9877, 35.2477], [-89.9878, 35.248], [-89.9875, 35.2483], [-89.986, 35.248], [-89.9869, 35.2491], [-89.9868, 35.2493], [-89.9833, 35.2494], [-89.9829, 35.2494], [-89.9824, 35.2496], [-89.9816, 35.2492], [-89.9813, 35.2497], [-89.9798, 35.2504], [-89.9777, 35.2505], [-89.9769, 35.2513], [-89.9767, 35.2522], [-89.9756, 35.2523], [-89.9746, 35.2516], [-89.9743, 35.2511], [-89.9737, 35.2505], [-89.9733, 35.2497], [-89.973, 35.2502], [-89.9721, 35.2501], [-89.9684, 35.2504]], [[-90.0421, 35.2264], [-90.0427, 35.2257], [-90.0431, 35.2253], [-90.0436, 35.2256], [-90.0426, 35.2263], [-90.0421, 35.2264]], [[-90.047, 35.2263], [-90.0467, 35.2258], [-90.046, 35.2261], [-90.0459, 35.2258], [-90.0472, 35.2255], [-90.0476, 35.2257], [-90.0486, 35.2255], [-90.0481, 35.2263], [-90.0478, 35.2265], [-90.047, 35.2263]], [[-90.0067, 35.2444], [-90.0067, 35.244], [-90.0062, 35.2434], [-90.0055, 35.2432], [-90.0052, 35.2428], [-90.0051, 35.2422], [-90.0055, 35.242], [-90.0051, 35.2414], [-90.0053, 35.2409], [-90.0058, 35.2406], [-90.0061, 35.2396], [-90.0072, 35.2397], [-90.0087, 35.2391], [-90.0107, 35.239], [-90.0114, 35.2391], [-90.0101, 35.2405], [-90.0095, 35.241], [-90.0089, 35.2419], [-90.0082, 35.2422], [-90.0075, 35.2428], [-90.0075, 35.2435], [-90.0067, 35.2444]]]}, "properties": {"zone": "X500"}}, {"type": "Feature", "geometry": {"type": "Polygon", "coordinates": [[[-90.0239, 35.2477], [-90.0238, 35.2468], [-90.0228, 35.2451], [-90.0222, 35.2441], [-90.0213, 35.2432], [-90.0211, 35.2427], [-90.0213, 35.2418], [-90.0212, 35.2408], [-90.021, 35.2407], [-90.0199, 35.2414], [-90.0195, 35.2411], [-90.0178, 35.239], [-90.0177, 35.2387], [-90.018, 35.2383], [-90.018, 35.2372], [-90.0176, 35.2366], [-90.0169, 35.2371], [-90.0163, 35.2374], [-90.0149, 35.2366], [-90.0148, 35.237], [-90.0156, 35.2377], [-90.0162, 35.238], [-90.0165, 35.2385], [-90.0162, 35.239], [-90.0172, 35.2392], [-90.0185, 35.2407], [-90.0201, 35.2424], [-90.0202, 35.2427], [-90.0201, 35.2437], [-90.0195, 35.2448], [-90.0195, 35.2457], [-90.0188, 35.2471], [-90.0187, 35.248], [-90.0182, 35.2495], [-90.0188, 35.249], [-90.0185, 35.2487], [-90.0189, 35.248], [-90.019, 35.2468], [-90.0197, 35.2457], [-90.0197, 35.2448], [-90.0202, 35.244], [-90.0203, 35.2431], [-90.0205, 35.2429], [-90.0193, 35.2414], [-90.0174, 35.2393], [-90.0162, 35.238], [-90.0155, 35.2374], [-90.0155, 35.237], [-90.0163, 35.2375], [-90.0174, 35.2386], [-90.0195, 35.2412], [-90.0198, 35.2415], [-90.021, 35.2418], [-90.0207, 35.2422], [-90.021, 35.2429], [-90.022, 35.244], [-90.0229, 35.2452], [-90.0238, 35.2471], [-90.0239, 35.2477]]]}, "properties": {"zone": "X500"}}, {"type": "Feature", "geometry": {"type": "Polygon", "coordinates": [[[-90.0426, 35.2444], [-90.0421, 35.2445], [-90.0414, 35.245], [-90.0412, 35.2454], [-90.0417, 35.2455], [-90.0425, 35.2453], [-90.0433, 35.2454], [-90.0439, 35.2452], [-90.0448, 35.2453], [-90.0446, 35.2449], [-90.0439, 35.2449], [-90.0432, 35.2445], [-90.0426, 35.2444]]]}, "properties": {"zone": "X500"}}, {"type": "Feature", "geometry": {"type": "Polygon", "coordinates": [[[-90.0408, 35.2465], [-90.0401, 35.2472], [-90.0392, 35.248], [-90.0383, 35.2486], [-90.0386, 35.2489], [-90.0399, 35.2488], [-90.0411, 35.2488], [-90.0416, 35.2492], [-90.0415, 35.2494], [-90.0407, 35.25], [-90.0402, 35.2495], [-90.0397, 35.2499], [-90.0389, 35.2497], [-90.0381, 35.2498], [-90.0376, 35.2501], [-90.0376, 35.2505], [-90.0381, 35.2513], [-90.0385, 35.2513], [-90.0391, 35.2517], [-90.0391, 35.252], [-90.04, 35.2519], [-90.0402, 35.2515], [-90.0403, 35.2508], [-90.0419, 35.2514], [-90.0411, 35.2518], [-90.0409, 35.2521], [-90.0413, 35.2527], [-90.0424, 35.2528], [-90.0412, 35.2534], [-90.0406, 35.2533], [-90.0404, 35.2536], [-90.0414, 35.2538], [-90.0421, 35.2532], [-90.0434, 35.2534], [-90.0437, 35.2525], [-90.0424, 35.2526], [-90.0412, 35.2521], [-90.0415, 35.2517], [-90.0427, 35.2514], [-90.0423, 35.2511], [-90.0412, 35.251], [-90.0405, 35.2505], [-90.0415, 35.25], [-90.042, 35.2495], [-90.0426, 35.2497], [-90.0428, 35.2493], [-90.0425, 35.249], [-90.0417, 35.2487], [-90.0421, 35.2483], [-90.0418, 35.2476], [-90.0421, 35.2475], [-90.0427, 35.248], [-90.0429, 35.2489], [-90.0433, 35.249], [-90.044, 35.2481], [-90.0439, 35.2475], [-90.0435, 35.2471], [-90.0432, 35.2465], [-90.0441, 35.2462], [-90.0442, 35.2466], [-90.0448, 35.2472], [-90.0451, 35.2466], [-90.0455, 35.2471], [-90.0453, 35.2474], [-90.0456, 35.2479], [-90.0461, 35.2476], [-90.0464, 35.2478], [-90.0462, 35.2483], [-90.0468, 35.2483], [-90.0471, 35.2485], [-90.0466, 35.2489], [-90.0465, 35.2493], [-90.046, 35.2497], [-90.0458, 35.2502], [-90.046, 35.2506], [-90.0464, 35.2505], [-90.0469, 35.25], [-90.0473, 35.2492], [-90.0477, 35.2481], [-90.0477, 35.2476], [-90.0474, 35.2466], [-90.0483, 35.246], [-90.0484, 35.245], [-90.0475, 35.2449], [-90.0472, 35.2447], [-90.0474, 35.2437], [-90.0479, 35.2432], [-90.0491, 35.2433], [-90.0497, 35.2427], [-90.0494, 35.2425], [-90.0489, 35.243], [-90.0481, 35.2431], [-90.0474, 35.2435], [-90.0468, 35.2452], [-90.0478, 35.2452], [-90.0482, 35.2458], [-90.0476, 35.2461], [-90.047, 35.2458], [-90.0463, 35.2461], [-90.0465, 35.2467], [-90.0468, 35.2469], [-90.0473, 35.2468], [-90.0476, 35.2476], [-90.0475, 35.2484], [-90.0471, 35.2482], [-90.0464, 35.2475], [-90.0456, 35.247], [-90.0455, 35.2465], [-90.0448, 35.2466], [-90.0446, 35.246], [-90.0442, 35.2459], [-90.0425, 35.2461], [-90.0425, 35.2469], [-90.0418, 35.2466], [-90.0413, 35.2461], [-90.0408, 35.2465]]]}, "properties": {"zone": "X500"}}, {"type": "Feature", "geometry": {"type": "Polygon", "coordinates": [[[-90.0149, 35.2483], [-90.0151, 35.2479], [-90.015, 35.2455], [-90.0145, 35.2455], [-90.0139, 35.2468], [-90.0135, 35.2471], [-90.014, 35.2481], [-90.0136, 35.2483], [-90.0137, 35.2486], [-90.0143, 35.2488], [-90.0149, 35.2483]]]}, "properties": {"zone": "X500"}}, {"type": "Feature", "geometry": {"type": "Polygon", "coordinates": [[[-90.0029, 35.248], [-90.0035, 35.2477], [-90.004, 35.2471], [-90.0035, 35.2468], [-90.0029, 35.2468], [-90.0023, 35.247], [-90.0022, 35.2477], [-90.0029, 35.248]]]}, "properties": {"zone": "X500"}}, {"type": "Feature", "geometry": {"type": "Polygon", "coordinates": [[[-90.0184, 35.2512], [-90.0185, 35.2508], [-90.0183, 35.2504], [-90.0178, 35.2502], [-90.0177, 35.2512], [-90.0181, 35.2518], [-90.0184, 35.2512]]]}, "properties": {"zone": "X500"}}, {"type": "Feature", "geometry": {"type": "Polygon", "coordinates": [[[-90.0152, 35.2521], [-90.0154, 35.2526], [-90.0156, 35.2537], [-90.0159, 35.2538], [-90.0166, 35.2536], [-90.0168, 35.2527], [-90.0163, 35.2525], [-90.016, 35.2535], [-90.0157, 35.2535], [-90.0157, 35.2516], [-90.0157, 35.2503], [-90.0155, 35.25], [-90.0149, 35.25], [-90.0146, 35.2503], [-90.0138, 35.2505], [-90.0143, 35.2513], [-90.0144, 35.2519], [-90.0152, 35.2521]]]}, "properties": {"zone": "X500"}}, {"type": "Feature", "geometry": {"type": "Polygon", "coordinates": [[[-90.0129, 35.2523], [-90.0127, 35.253], [-90.0124, 35.2533], [-90.0132, 35.2536], [-90.0133, 35.2531], [-90.0139, 35.2523], [-90.0131, 35.2521], [-90.0129, 35.2523]]]}, "properties": {"zone": "X500"}}, {"type": "Feature", "geometry": {"type": "Polygon", "coordinates": [[[-90.0283, 35.2587], [-90.0287, 35.2585], [-90.029, 35.258], [-90.0301, 35.2574], [-90.0309, 35.2566], [-90.0316, 35.2567], [-90.0318, 35.257], [-90.0316, 35.2583], [-90.0311, 35.2588], [-90.0311, 35.2594], [-90.0316, 35.2596], [-90.0325, 35.259], [-90.0333, 35.2593], [-90.0333, 35.2599], [-90.0324, 35.2603], [-90.0322, 35.2608], [-90.0333, 35.2608], [-90.0336, 35.261], [-90.0341, 35.2619], [-90.0348, 35.262], [-90.0352, 35.2623], [-90.0362, 35.2624], [-90.0362, 35.2619], [-90.0351, 35.2614], [-90.0349, 35.2606], [-90.0344, 35.2602], [-90.0344, 35.2594], [-90.0346, 35.2592], [-90.0354, 35.2594], [-90.0355, 35.2596], [-90.0362, 35.2591], [-90.0366, 35.2587], [-90.0368, 35.2579], [-90.0372, 35.2579], [-90.0379, 35.2584], [-90.039, 35.2585], [-90.0399, 35.2593], [-90.0399, 35.2603], [-90.0404, 35.2598], [-90.0406, 35.2598], [-90.0408, 35.2599], [-90.0414, 35.2599], [-90.0414, 35.26], [-90.0413, 35.2603], [-90.0412, 35.2605], [-90.0412, 35.2607], [-90.0414, 35.2608], [-90.0422, 35.2606], [-90.0426, 35.2609], [-90.0433, 35.2613], [-90.0439, 35.2615], [-90.0443, 35.262], [-90.0448, 35.2633], [-90.0453, 35.2634], [-90.0459, 35.2645], [-90.0461, 35.2652], [-90.047, 35.2658], [-90.0475, 35.2655], [-90.0469, 35.2651], [-90.0467, 35.2643], [-90.0461, 35.264], [-90.0462, 35.2636], [-90.0459, 35.2627], [-90.0458, 35.2617], [-90.0451, 35.261], [-90.045, 35.2605], [-90.044, 35.2601], [-90.0435, 35.2597], [-90.0429, 35.2589], [-90.0431, 35.2583], [-90.0427, 35.2582], [-90.0421, 35.2586], [-90.0413, 35.2583], [-90.0411, 35.2581], [-90.0403, 35.2577], [-90.04, 35.2573], [-90.0394, 35.2571], [-90.0392, 35.2564], [-90.0387, 35.2558], [-90.0389, 35.2545], [-90.0396, 35.2553], [-90.0405, 35.2553], [-90.0406, 35.2558], [-90.041, 35.2559], [-90.0419, 35.2566], [-90.042, 35.257], [-90.0431, 35.2571], [-90.0431, 35.2564], [-90.0433, 35.256], [-90.0442, 35.2556], [-90.0452, 35.2557], [-90.0458, 35.2555], [-90.0468, 35.2558], [-90.0467, 35.2552], [-90.0462, 35.255], [-90.045, 35.2551], [-90.0452, 35.2555], [-90.0441, 35.2554], [-90.0429, 35.2561], [-90.0416, 35.256], [-90.0416, 35.2556], [-90.0402, 35.2548], [-90.0397, 35.2549], [-90.0396, 35.2545], [-90.0378, 35.2536], [-90.0376, 35.2541], [-90.0383, 35.2547], [-90.0379, 35.2552], [-90.0385, 35.2561], [-90.0382, 35.2566], [-90.0397, 35.2573], [-90.0402, 35.2579], [-90.0411, 35.2582], [-90.0413, 35.2585], [-90.0419, 35.2587], [-90.0424, 35.2586], [-90.0424, 35.2592], [-90.0429, 35.2592], [-90.0434, 35.2598], [-90.0446, 35.2604], [-90.0453, 35.2618], [-90.0456, 35.262], [-90.0456, 35.2628], [-90.045, 35.263], [-90.0442, 35.2614], [-90.0437, 35.2611], [-90.0428, 35.2608], [-90.0421, 35.2603], [-90.0413, 35.2604], [-90.0415, 35.2601], [-90.0415, 35.26], [-90.0414, 35.2599], [-90.0409, 35.2598], [-90.0405, 35.2595], [-90.0401, 35.2597], [-90.04, 35.2591], [-90.039, 35.2585], [-90.0377, 35.2581], [-90.0371, 35.2577], [-90.0364, 35.2578], [-90.0362, 35.2587], [-90.0356, 35.259], [-90.0349, 35.2588], [-90.0342, 35.2594], [-90.0342, 35.2601], [-90.0346, 35.2606], [-90.035, 35.2615], [-90.0344, 35.2613], [-90.0334, 35.2603], [-90.0337, 35.2594], [-90.0343, 35.2589], [-90.034, 35.2584], [-90.0336, 35.2584], [-90.0323, 35.258], [-90.0324, 35.2574], [-90.0328, 35.2571], [-90.0334, 35.257], [-90.0342, 35.2571], [-90.0349, 35.2562], [-90.0346, 35.256], [-90.0344, 35.2547], [-90.0349, 35.2544], [-90.035, 35.2541], [-90.0347, 35.2539], [-90.0347, 35.2537], [-90.0347, 35.2536], [-90.0348, 35.2534], [-90.0363, 35.2526], [-90.0364, 35.2521], [-90.0356, 35.2512], [-90.0351, 35.2511], [-90.0343, 35.252], [-90.0337, 35.2525], [-90.0337, 35.253], [-90.0331, 35.2531], [-90.0326, 35.2536], [-90.0329, 35.2541], [-90.0325, 35.2544], [-90.0324, 35.2552], [-90.0318, 35.2556], [-90.0314, 35.2564], [-90.0308, 35.2566], [-90.0302, 35.2571], [-90.029, 35.2579], [-90.0286, 35.2586], [-90.0283, 35.2587]], [[-90.0322, 35.2567], [-90.0318, 35.2564], [-90.0318, 35.2556], [-90.0321, 35.2554], [-90.0327, 35.2555], [-90.033, 35.2552], [-90.0325, 35.2548], [-90.0326, 35.2544], [-90.0333, 35.2543], [-90.0329, 35.2536], [-90.0332, 35.2533], [-90.0341, 35.2532], [-90.0339, 35.2524], [-90.0351, 35.2515], [-90.0355, 35.2514], [-90.0362, 35.2521], [-90.0357, 35.2528], [-90.0347, 35.2535], [-90.0347, 35.2536], [-90.0347, 35.2537], [-90.0348, 35.2539], [-90.0349, 35.2542], [-90.0348, 35.2544], [-90.0341, 35.2546], [-90.0344, 35.2553], [-90.0345, 35.2563], [-90.034, 35.2561], [-90.0327, 35.2568], [-90.0322, 35.2567]]]}, "properties": {"zone": "X500"}}, {"type": "Feature", "geometry": {"type": "Polygon", "coordinates": [[[-90.0276, 35.2589], [-90.0276, 35.2598], [-90.0268, 35.26], [-90.0249, 35.2613], [-90.0255, 35.2617], [-90.0249, 35.2623], [-90.0254, 35.2628], [-90.0264, 35.263], [-90.0269, 35.2627], [-90.0274, 35.2631], [-90.0279, 35.2632], [-90.0285, 35.2638], [-90.0292, 35.2642], [-90.0302, 35.2644], [-90.0307, 35.2654], [-90.0305, 35.2658], [-90.0298, 35.2649], [-90.029, 35.2647], [-90.0281, 35.2642], [-90.028, 35.2637], [-90.0275, 35.2635], [-90.0273, 35.2641], [-90.0267, 35.2641], [-90.0261, 35.2638], [-90.0248, 35.2638], [-90.0251, 35.2645], [-90.0243, 35.2646], [-90.0239, 35.2642], [-90.0241, 35.2636], [-90.0236, 35.2631], [-90.0232, 35.2638], [-90.0231, 35.2645], [-90.0227, 35.2653], [-90.0229, 35.2661], [-90.0228, 35.2664], [-90.0223, 35.2666], [-90.0218, 35.2672], [-90.021, 35.2679], [-90.021, 35.2681], [-90.0203, 35.2683], [-90.0195, 35.269], [-90.0185, 35.2691], [-90.0173, 35.2693], [-90.0166, 35.2692], [-90.016, 35.2696], [-90.0148, 35.2697], [-90.0141, 35.2694], [-90.0137, 35.2697], [-90.0144, 35.2705], [-90.0152, 35.2708], [-90.0159, 35.2713], [-90.0162, 35.271], [-90.0163, 35.2705], [-90.0168, 35.2702], [-90.0169, 35.2709], [-90.0176, 35.2723], [-90.0174, 35.2732], [-90.0169, 35.2736], [-90.0164, 35.2737], [-90.0162, 35.2727], [-90.0155, 35.2728], [-90.0155, 35.2721], [-90.0149, 35.2719], [-90.0145, 35.2715], [-90.0131, 35.2707], [-90.0121, 35.2717], [-90.0119, 35.2732], [-90.0124, 35.2726], [-90.0126, 35.2737], [-90.0125, 35.2744], [-90.0127, 35.2754], [-90.0132, 35.2754], [-90.0136, 35.2749], [-90.0146, 35.2745], [-90.0149, 35.2747], [-90.0158, 35.2744], [-90.0161, 35.275], [-90.0157, 35.2752], [-90.015, 35.2752], [-90.0148, 35.2755], [-90.0156, 35.2765], [-90.0147, 35.2766], [-90.015, 35.2773], [-90.0158, 35.2774], [-90.0164, 35.2773], [-90.0177, 35.2773], [-90.0183, 35.2772], [-90.0181, 35.2778], [-90.0183, 35.2781], [-90.0173, 35.278], [-90.0162, 35.2782], [-90.0161, 35.2787], [-90.0166, 35.2791], [-90.0162, 35.2796], [-90.0159, 35.2794], [-90.0158, 35.2788], [-90.0146, 35.2782], [-90.0135, 35.2786], [-90.014, 35.278], [-90.014, 35.2777], [-90.0137, 35.2773], [-90.0134, 35.2768], [-90.0132, 35.2768], [-90.0123, 35.2771], [-90.0122, 35.2778], [-90.0118, 35.2779], [-90.0114, 35.2784], [-90.0118, 35.2787], [-90.012, 35.2802], [-90.013, 35.2811], [-90.0135, 35.2821], [-90.0139, 35.2822], [-90.0148, 35.2822], [-90.0152, 35.2825], [-90.0158, 35.2826], [-90.0157, 35.283], [-90.0165, 35.2834], [-90.0165, 35.2836], [-90.0178, 35.2842], [-90.0175, 35.2844], [-90.0166, 35.2845], [-90.0164, 35.2839], [-90.0155, 35.2834], [-90.0147, 35.2828], [-90.0141, 35.2828], [-90.0137, 35.2832], [-90.0141, 35.2837], [-90.0146, 35.2841], [-90.0143, 35.2847], [-90.0158, 35.2846], [-90.0141, 35.2833], [-90.0142, 35.2829], [-90.0147, 35.2829], [-90.0159, 35.2838], [-90.0163, 35.284], [-90.0166, 35.2847], [-90.0182, 35.2844], [-90.0181, 35.284], [-90.0176, 35.284], [-90.0167, 35.2836], [-90.0167, 35.2834], [-90.0159, 35.2829], [-90.016, 35.2825], [-90.0152, 35.2824], [-90.0149, 35.2821], [-90.0145, 35.2822], [-90.0136, 35.2821], [-90.0133, 35.2813], [-90.0124, 35.2804], [-90.0123, 35.28], [-90.0123, 35.2788], [-90.0117, 35.2785], [-90.0121, 35.2781], [-90.0124, 35.2784], [-90.0128, 35.2781], [-90.0124, 35.2775], [-90.0126, 35.2772], [-90.0134, 35.2769], [-90.0138, 35.2776], [-90.0138, 35.2779], [-90.0132, 35.2782], [-90.0128, 35.2788], [-90.0133, 35.2796], [-90.0138, 35.2808], [-90.0143, 35.2805], [-90.0141, 35.2793], [-90.0142, 35.2787], [-90.015, 35.2789], [-90.015, 35.2795], [-90.0157, 35.2796], [-90.0161, 35.2801], [-90.0166, 35.28], [-90.0168, 35.2796], [-90.0174, 35.2792], [-90.0169, 35.279], [-90.0163, 35.2784], [-90.017, 35.2782], [-90.0178, 35.2785], [-90.0184, 35.2784], [-90.0183, 35.2778], [-90.0194, 35.2776], [-90.0194, 35.2771], [-90.018, 35.2769], [-90.0177, 35.2772], [-90.0167, 35.277], [-90.0158, 35.277], [-90.016, 35.2766], [-90.0156, 35.2762], [-90.0151, 35.2755], [-90.0156, 35.2754], [-90.0164, 35.2755], [-90.0165, 35.2753], [-90.0163, 35.2743], [-90.0169, 35.2739], [-90.0174, 35.2733], [-90.0178, 35.2723], [-90.0173, 35.2717], [-90.017, 35.2709], [-90.017, 35.2699], [-90.0165, 35.2699], [-90.0162, 35.2703], [-90.0161, 35.2711], [-90.0154, 35.2708], [-90.0144, 35.2705], [-90.0138, 35.2698], [-90.0155, 35.2699], [-90.0173, 35.2694], [-90.0179, 35.2695], [-90.0184, 35.2693], [-90.0199, 35.2692], [-90.0205, 35.2684], [-90.021, 35.2684], [-90.0217, 35.2686], [-90.0214, 35.2678], [-90.0222, 35.267], [-90.0224, 35.2667], [-90.0229, 35.2667], [-90.0234, 35.2657], [-90.0229, 35.2653], [-90.0233, 35.2647], [-90.0237, 35.2648], [-90.0238, 35.2653], [-90.0241, 35.2658], [-90.0246, 35.2655], [-90.0244, 35.265], [-90.0248, 35.2648], [-90.0254, 35.2649], [-90.0255, 35.2646], [-90.0249, 35.2641], [-90.0262, 35.264], [-90.0267, 35.2646], [-90.0272, 35.2647], [-90.0275, 35.264], [-90.0279, 35.2646], [-90.0283, 35.2646], [-90.0288, 35.265], [-90.0295, 35.265], [-90.0301, 35.266], [-90.0309, 35.2665], [-90.0308, 35.2653], [-90.0304, 35.2644], [-90.03, 35.2642], [-90.0293, 35.2642], [-90.0286, 35.2637], [-90.0281, 35.2627], [-90.0276, 35.2631], [-90.0268, 35.2626], [-90.0264, 35.2629], [-90.0255, 35.2628], [-90.0255, 35.2623], [-90.0258, 35.2622], [-90.0259, 35.2617], [-90.0252, 35.2612], [-90.0262, 35.2606], [-90.0267, 35.2602], [-90.0274, 35.26], [-90.0278, 35.2597], [-90.0276, 35.2589]], [[-90.0128, 35.2753], [-90.013, 35.2749], [-90.0128, 35.2743], [-90.0129, 35.2738], [-90.0127, 35.2733], [-90.0138, 35.2727], [-90.0133, 35.2723], [-90.0128, 35.2723], [-90.0121, 35.2725], [-90.0123, 35.2717], [-90.0135, 35.2711], [-90.0142, 35.2716], [-90.0143, 35.2721], [-90.015, 35.2723], [-90.0143, 35.2727], [-90.0143, 35.2731], [-90.015, 35.2733], [-90.0155, 35.2729], [-90.016, 35.2728], [-90.0162, 35.2731], [-90.0159, 35.274], [-90.0153, 35.2744], [-90.0145, 35.2742], [-90.014, 35.2747], [-90.0128, 35.2753]]]}, "properties": {"zone": "X500"}}, {"type": "Feature", "geometry": {"type": "Polygon", "coordinates": [[[-90.0099, 35.2911], [-90.0094, 35.2912], [-90.0106, 35.2918], [-90.0107, 35.2915], [-90.0099, 35.2911]]]}, "properties": {"zone": "X500"}}, {"type": "Feature", "geometry": {"type": "Polygon", "coordinates": [[[-89.987, 34.9387], [-89.9867, 34.9382], [-89.9867, 34.938], [-89.9867, 34.9378], [-89.9866, 34.9376], [-89.9863, 34.9374], [-89.9861, 34.9367], [-89.9861, 34.9362], [-89.9858, 34.935], [-89.9858, 34.9347], [-89.9859, 34.9346], [-89.9859, 34.9343], [-89.9859, 34.934], [-89.9861, 34.9337], [-89.9875, 34.9335], [-89.9876, 34.9334], [-89.9878, 34.9324], [-89.9878, 34.9319], [-89.9878, 34.9316], [-89.9871, 34.9298], [-89.9872, 34.9292], [-89.9871, 34.9283], [-89.9865, 34.9283], [-89.9861, 34.927], [-89.9853, 34.9264], [-89.9853, 34.926], [-89.9849, 34.926], [-89.9848, 34.9257], [-89.9846, 34.9258], [-89.9842, 34.9256], [-89.9842, 34.925], [-89.9832, 34.9247], [-89.9831, 34.9245], [-89.9832, 34.9244], [-89.983, 34.9243], [-89.983, 34.9242], [-89.9829, 34.9241], [-89.9823, 34.9237], [-89.981, 34.9231], [-89.9809, 34.9227], [-89.9802, 34.9224], [-89.9801, 34.9224], [-89.98, 34.9225], [-89.98, 34.9226], [-89.9799, 34.9228], [-89.9798, 34.9227], [-89.9796, 34.9223], [-89.9794, 34.9221], [-89.9796, 34.9216], [-89.9794, 34.9214], [-89.9792, 34.9217], [-89.9784, 34.9215], [-89.9785, 34.9213], [-89.9779, 34.9206], [-89.9781, 34.9201], [-89.9778, 34.9198], [-89.9771, 34.9199], [-89.9761, 34.9194], [-89.9755, 34.9195], [-89.9753, 34.9184], [-89.9747, 34.9183], [-89.9748, 34.9189], [-89.9759, 34.9199], [-89.9762, 34.9201], [-89.9767, 34.9199], [-89.9776, 34.9202], [-89.9769, 34.9208], [-89.9778, 34.9206], [-89.9783, 34.9212], [-89.9783, 34.9217], [-89.9788, 34.9217], [-89.9792, 34.9222], [-89.9796, 34.9224], [-89.9797, 34.9228], [-89.9799, 34.9228], [-89.9801, 34.9227], [-89.9801, 34.9225], [-89.9804, 34.9226], [-89.9806, 34.9228], [-89.9808, 34.9228], [-89.9808, 34.9231], [-89.9823, 34.9237], [-89.9825, 34.9241], [-89.9827, 34.9241], [-89.9828, 34.9243], [-89.983, 34.9242], [-89.983, 34.9243], [-89.983, 34.9244], [-89.9831, 34.9245], [-89.9833, 34.9248], [-89.9837, 34.9249], [-89.9842, 34.9256], [-89.9846, 34.9259], [-89.9848, 34.9258], [-89.9852, 34.9263], [-89.9849, 34.9265], [-89.9853, 34.9267], [-89.9854, 34.9271], [-89.9851, 34.9276], [-89.9858, 34.9282], [-89.9861, 34.9276], [-89.9864, 34.9284], [-89.9862, 34.9289], [-89.9858, 34.929], [-89.9862, 34.9294], [-89.9864, 34.9293], [-89.9865, 34.9294], [-89.9866, 34.9296], [-89.9867, 34.9295], [-89.9868, 34.9294], [-89.9866, 34.9285], [-89.9871, 34.9288], [-89.9871, 34.9298], [-89.9872, 34.9303], [-89.9874, 34.9306], [-89.9876, 34.9313], [-89.9877, 34.9315], [-89.9878, 34.9319], [-89.9878, 34.9326], [-89.9875, 34.9335], [-89.9865, 34.9335], [-89.9859, 34.9337], [-89.9858, 34.9338], [-89.9859, 34.9345], [-89.9858, 34.9347], [-89.9858, 34.9351], [-89.9861, 34.936], [-89.9861, 34.9369], [-89.9863, 34.9374], [-89.9865, 34.9376], [-89.9866, 34.9378], [-89.9867, 34.9382], [-89.987, 34.9387]], [[-89.9866, 34.9295], [-89.9866, 34.9294], [-89.9861, 34.9291], [-89.9866, 34.9288], [-89.9868, 34.9294], [-89.9866, 34.9295]]]}, "properties": {"zone": "X500"}}, {"type": "Feature", "geometry": {"type": "Polygon", "coordinates": [[[-89.9853, 34.932], [-89.9851, 34.9322], [-89.9849, 34.9331], [-89.9845, 34.9335], [-89.9854, 34.9337], [-89.9856, 34.9342], [-89.9852, 34.9351], [-89.9854, 34.9358], [-89.9857, 34.9363], [-89.9858, 34.9368], [-89.9859, 34.9372], [-89.9861, 34.9375], [-89.9863, 34.9378], [-89.9862, 34.9379], [-89.9865, 34.9382], [-89.9864, 34.9391], [-89.9858, 34.939], [-89.986, 34.9395], [-89.9859, 34.9398], [-89.9871, 34.9408], [-89.9869, 34.9417], [-89.9875, 34.943], [-89.9881, 34.9433], [-89.9881, 34.9435], [-89.9879, 34.9438], [-89.9871, 34.9441], [-89.9877, 34.9448], [-89.9876, 34.9451], [-89.9876, 34.9455], [-89.9877, 34.9459], [-89.9878, 34.9461], [-89.9875, 34.9462], [-89.9881, 34.9473], [-89.9889, 34.9473], [-89.9878, 34.9463], [-89.9878, 34.946], [-89.9876, 34.9457], [-89.9877, 34.9455], [-89.9876, 34.9452], [-89.9877, 34.9448], [-89.988, 34.9444], [-89.9879, 34.9442], [-89.9882, 34.9438], [-89.9882, 34.9433], [-89.9879, 34.943], [-89.9876, 34.943], [-89.9872, 34.9423], [-89.9871, 34.9416], [-89.9873, 34.9412], [-89.9872, 34.9404], [-89.9869, 34.9399], [-89.9864, 34.9397], [-89.9864, 34.9392], [-89.9868, 34.939], [-89.9865, 34.9382], [-89.9864, 34.9378], [-89.9861, 34.9375], [-89.9859, 34.937], [-89.9858, 34.9368], [-89.9858, 34.9362], [-89.9856, 34.936], [-89.9854, 34.9352], [-89.9856, 34.9342], [-89.9855, 34.9337], [-89.9849, 34.9332], [-89.9853, 34.932]]]}, "properties": {"zone": "X500"}}, {"type": "Feature", "geometry": {"type": "Polygon", "coordinates": [[[-89.9719, 34.9533], [-89.9722, 34.9532], [-89.9724, 34.953], [-89.9725, 34.953], [-89.9726, 34.9529], [-89.9727, 34.953], [-89.9728, 34.9531], [-89.9729, 34.9531], [-89.973, 34.9531], [-89.9732, 34.953], [-89.9732, 34.9528], [-89.9737, 34.9526], [-89.9738, 34.9525], [-89.9738, 34.9524], [-89.9737, 34.9522], [-89.9739, 34.9523], [-89.974, 34.9522], [-89.9744, 34.9521], [-89.9745, 34.9519], [-89.9746, 34.9518], [-89.9746, 34.9515], [-89.9745, 34.9514], [-89.9746, 34.9513], [-89.9748, 34.9512], [-89.9751, 34.9506], [-89.9751, 34.9503], [-89.9756, 34.9501], [-89.976, 34.9497], [-89.9762, 34.9495], [-89.9762, 34.9493], [-89.9763, 34.9492], [-89.9764, 34.9488], [-89.9765, 34.9486], [-89.9772, 34.9488], [-89.9778, 34.9485], [-89.9783, 34.9479], [-89.979, 34.9478], [-89.9798, 34.9481], [-89.9805, 34.9482], [-89.9816, 34.9482], [-89.9826, 34.9485], [-89.9834, 34.9484], [-89.985, 34.9484], [-89.9858, 34.949], [-89.985, 34.9492], [-89.9845, 34.9491], [-89.9841, 34.9494], [-89.9836, 34.95], [-89.9838, 34.9507], [-89.9835, 34.9514], [-89.9837, 34.9525], [-89.9844, 34.9522], [-89.9848, 34.9516], [-89.9856, 34.9513], [-89.9863, 34.9508], [-89.9866, 34.9507], [-89.9872, 34.9512], [-89.9875, 34.9506], [-89.9875, 34.9502], [-89.9878, 34.9496], [-89.9883, 34.9498], [-89.9881, 34.9505], [-89.9888, 34.9506], [-89.9891, 34.9514], [-89.9897, 34.9512], [-89.9898, 34.9507], [-89.9893, 34.9503], [-89.9888, 34.9505], [-89.9883, 34.9501], [-89.9883, 34.9496], [-89.9877, 34.9495], [-89.9874, 34.9498], [-89.9873, 34.9509], [-89.9864, 34.9505], [-89.9848, 34.9514], [-89.9843, 34.9522], [-89.9839, 34.9524], [-89.9841, 34.9512], [-89.9838, 34.95], [-89.9842, 34.9494], [-89.9846, 34.9492], [-89.9848, 34.9493], [-89.9858, 34.949], [-89.9859, 34.9488], [-89.9854, 34.9486], [-89.9851, 34.9484], [-89.9834, 34.9483], [-89.9826, 34.9484], [-89.9817, 34.948], [-89.9799, 34.9481], [-89.9795, 34.9477], [-89.9802, 34.9473], [-89.9805, 34.9467], [-89.9798, 34.9466], [-89.9795, 34.9468], [-89.9791, 34.9475], [-89.9782, 34.9479], [-89.9777, 34.9485], [-89.977, 34.9487], [-89.9765, 34.9485], [-89.9763, 34.9487], [-89.9762, 34.9493], [-89.9762, 34.9495], [-89.976, 34.9497], [-89.9757, 34.95], [-89.9751, 34.9503], [-89.9751, 34.9506], [-89.9745, 34.9514], [-89.9746, 34.9516], [-89.9746, 34.9518], [-89.9744, 34.9521], [-89.9742, 34.952], [-89.9741, 34.9521], [-89.9739, 34.9523], [-89.9737, 34.9522], [-89.9735, 34.9523], [-89.9738, 34.9525], [-89.9737, 34.9526], [-89.9735, 34.9526], [-89.9732, 34.9528], [-89.9732, 34.953], [-89.973, 34.9531], [-89.9729, 34.9531], [-89.9728, 34.9531], [-89.9727, 34.953], [-89.9726, 34.9529], [-89.9725, 34.9529], [-89.9719, 34.9533]], [[-89.9796, 34.9468], [-89.9803, 34.9467], [-89.9801, 34.9472], [-89.9793, 34.9474], [-89.9796, 34.9468]]]}, "properties": {"zone": "X500"}}, {"type": "Feature", "geometry": {"type": "Polygon", "coordinates": [[[-89.9765, 34.9444], [-89.9767, 34.9454], [-89.9769, 34.9457], [-89.9766, 34.9461], [-89.9765, 34.9469], [-89.9758, 34.9472], [-89.9756, 34.9473], [-89.9755, 34.9476], [-89.9753, 34.9477], [-89.9752, 34.9478], [-89.9752, 34.948], [-89.9751, 34.9483], [-89.9747, 34.9487], [-89.9747, 34.9488], [-89.975, 34.9489], [-89.9751, 34.949], [-89.9749, 34.9492], [-89.9748, 34.9492], [-89.9746, 34.949], [-89.974, 34.9491], [-89.9739, 34.9492], [-89.9731, 34.9492], [-89.9728, 34.949], [-89.9728, 34.9493], [-89.9726, 34.9496], [-89.9725, 34.9497], [-89.9723, 34.9497], [-89.9722, 34.9498], [-89.9722, 34.9499], [-89.9717, 34.9502], [-89.972, 34.9503], [-89.9719, 34.9511], [-89.9712, 34.9515], [-89.9706, 34.9515], [-89.9696, 34.9516], [-89.9695, 34.952], [-89.9696, 34.9522], [-89.9702, 34.9526], [-89.9701, 34.9528], [-89.9696, 34.9533], [-89.9695, 34.9534], [-89.9695, 34.9536], [-89.9693, 34.9538], [-89.969, 34.9539], [-89.9688, 34.954], [-89.9684, 34.9543], [-89.968, 34.955], [-89.968, 34.9553], [-89.9675, 34.9554], [-89.9665, 34.9558], [-89.9656, 34.9557], [-89.966, 34.9561], [-89.9674, 34.9554], [-89.9681, 34.9553], [-89.9683, 34.9545], [-89.9686, 34.9543], [-89.9687, 34.9541], [-89.9691, 34.9539], [-89.9692, 34.9539], [-89.9694, 34.9538], [-89.9696, 34.9533], [-89.9702, 34.9529], [-89.9702, 34.9526], [-89.9696, 34.9522], [-89.9695, 34.952], [-89.9696, 34.9516], [-89.9706, 34.9515], [-89.9712, 34.9515], [-89.9719, 34.9511], [-89.972, 34.9502], [-89.9721, 34.9501], [-89.9722, 34.9498], [-89.9723, 34.9497], [-89.9725, 34.9497], [-89.9726, 34.9496], [-89.9727, 34.9495], [-89.9728, 34.9493], [-89.9731, 34.9492], [-89.9734, 34.9492], [-89.9739, 34.9491], [-89.9745, 34.9491], [-89.9748, 34.9492], [-89.9749, 34.9492], [-89.975, 34.9491], [-89.9751, 34.9491], [-89.9751, 34.9489], [-89.9748, 34.9486], [-89.9751, 34.9483], [-89.9752, 34.948], [-89.9753, 34.9478], [-89.9753, 34.9477], [-89.9755, 34.9476], [-89.9758, 34.9472], [-89.9763, 34.947], [-89.9766, 34.947], [-89.977, 34.9459], [-89.9768, 34.9455], [-89.9768, 34.9449], [-89.9765, 34.9444]]]}, "properties": {"zone": "X500"}}, {"type": "Feature", "geometry": {"type": "Polygon", "coordinates": [[[-89.9972, 34.956], [-89.9967, 34.9549], [-89.9967, 34.956], [-89.9972, 34.956]]]}, "properties": {"zone": "X500"}}, {"type": "Feature", "geometry": {"type": "Polygon", "coordinates": [[[-89.9719, 34.9533], [-89.9714, 34.9538], [-89.9714, 34.954], [-89.9715, 34.9542], [-89.9714, 34.9544], [-89.9712, 34.9546], [-89.971, 34.9546], [-89.9708, 34.9547], [-89.9709, 34.9553], [-89.9701, 34.9553], [-89.9698, 34.9554], [-89.9697, 34.9555], [-89.9694, 34.956], [-89.9689, 34.9563], [-89.9686, 34.956], [-89.9685, 34.956], [-89.9675, 34.9568], [-89.9677, 34.9572], [-89.9673, 34.9575], [-89.967, 34.9572], [-89.9661, 34.957], [-89.9658, 34.9574], [-89.9663, 34.9576], [-89.9666, 34.9572], [-89.9672, 34.9576], [-89.9675, 34.9575], [-89.9678, 34.957], [-89.9678, 34.9567], [-89.9687, 34.956], [-89.9688, 34.9563], [-89.969, 34.9564], [-89.9694, 34.9562], [-89.9697, 34.9557], [-89.9698, 34.9554], [-89.9701, 34.9553], [-89.9709, 34.9553], [-89.9708, 34.9548], [-89.9709, 34.9547], [-89.9712, 34.9546], [-89.9714, 34.9545], [-89.9715, 34.9543], [-89.9715, 34.9541], [-89.9714, 34.954], [-89.9714, 34.9538], [-89.9719, 34.9533]]]}, "properties": {"zone": "X500"}}, {"type": "Feature", "geometry": {"type": "Polygon", "coordinates": [[[-89.9987, 34.9557], [-89.9989, 34.956], [-89.9999, 34.9562], [-90.0014, 34.9562], [-90.0032, 34.9565], [-90.0036, 34.9567], [-90.0039, 34.9571], [-90.004, 34.9582], [-90.0046, 34.9589], [-90.0064, 34.9601], [-90.0071, 34.9603], [-90.0077, 34.9607], [-90.0089, 34.9612], [-90.0095, 34.9622], [-90.0094, 34.9629], [-90.0091, 34.963], [-90.0089, 34.964], [-90.0081, 34.9649], [-90.008, 34.9656], [-90.0085, 34.9655], [-90.0083, 34.9649], [-90.0088, 34.9643], [-90.0094, 34.9641], [-90.0092, 34.9636], [-90.0097, 34.9628], [-90.0098, 34.9621], [-90.0097, 34.9617], [-90.0092, 34.9611], [-90.0083, 34.9606], [-90.0078, 34.9605], [-90.0073, 34.9601], [-90.0067, 34.96], [-90.0061, 34.9595], [-90.0048, 34.9588], [-90.004, 34.9577], [-90.004, 34.9571], [-90.0039, 34.9569], [-90.0034, 34.9566], [-90.0021, 34.9562], [-89.9995, 34.9559], [-89.9987, 34.9557]]]}, "properties": {"zone": "X500"}}, {"type": "Feature", "geometry": {"type": "Polygon", "coordinates": [[[-89.9878, 34.9794], [-89.9874, 34.9801], [-89.9879, 34.9807], [-89.9885, 34.9806], [-89.9891, 34.98], [-89.9896, 34.9799], [-89.9897, 34.9795], [-89.9903, 34.9791], [-89.992, 34.9794], [-89.9923, 34.9793], [-89.9932, 34.9793], [-89.9934, 34.979], [-89.9942, 34.9791], [-89.9947, 34.9787], [-89.9955, 34.9793], [-89.9965, 34.9783], [-89.9984, 34.9776], [-89.9991, 34.9772], [-89.9993, 34.9768], [-89.9998, 34.9766], [-90.0004, 34.977], [-90.001, 34.9763], [-90.0009, 34.9744], [-90.0008, 34.9736], [-90.0014, 34.9736], [-90.0015, 34.9745], [-90.0017, 34.9752], [-90.0018, 34.9755], [-90.0021, 34.9754], [-90.0024, 34.975], [-90.0027, 34.975], [-90.0032, 34.9745], [-90.0037, 34.9744], [-90.004, 34.9735], [-90.0048, 34.9734], [-90.0057, 34.9726], [-90.0061, 34.9727], [-90.007, 34.9722], [-90.0073, 34.9717], [-90.0083, 34.9716], [-90.0089, 34.971], [-90.0093, 34.9703], [-90.01, 34.9699], [-90.0104, 34.9697], [-90.011, 34.9697], [-90.0112, 34.9696], [-90.0113, 34.9694], [-90.0115, 34.9691], [-90.0118, 34.9689], [-90.0121, 34.9687], [-90.0126, 34.9686], [-90.0134, 34.9682], [-90.0146, 34.9683], [-90.0157, 34.9681], [-90.0168, 34.9683], [-90.0178, 34.9676], [-90.019, 34.9673], [-90.0199, 34.9679], [-90.0205, 34.968], [-90.0205, 34.9686], [-90.0207, 34.9691], [-90.0223, 34.9694], [-90.0238, 34.9695], [-90.0243, 34.9697], [-90.0256, 34.9699], [-90.0256, 34.97], [-90.0266, 34.9714], [-90.0272, 34.9716], [-90.0288, 34.9713], [-90.0296, 34.9715], [-90.0305, 34.972], [-90.0307, 34.9723], [-90.0305, 34.9729], [-90.0301, 34.9735], [-90.0301, 34.9747], [-90.0307, 34.9745], [-90.0319, 34.9748], [-90.0328, 34.9758], [-90.0328, 34.9754], [-90.0321, 34.9744], [-90.0306, 34.9743], [-90.0304, 34.9739], [-90.0305, 34.9733], [-90.0309, 34.9727], [-90.031, 34.9721], [-90.0297, 34.9713], [-90.0289, 34.9712], [-90.0273, 34.9716], [-90.0268, 34.9714], [-90.0258, 34.9701], [-90.0258, 34.9697], [-90.0243, 34.9696], [-90.0237, 34.9694], [-90.0208, 34.9691], [-90.0206, 34.9688], [-90.0207, 34.968], [-90.0199, 34.9678], [-90.0186, 34.9671], [-90.0185, 34.9665], [-90.0174, 34.9665], [-90.0174, 34.967], [-90.0171, 34.9671], [-90.0172, 34.9678], [-90.0168, 34.9681], [-90.0153, 34.9681], [-90.0146, 34.9683], [-90.014, 34.9681], [-90.0131, 34.9682], [-90.0125, 34.9686], [-90.0123, 34.9686], [-90.0117, 34.9688], [-90.0114, 34.9691], [-90.0113, 34.9694], [-90.011, 34.9696], [-90.0098, 34.9697], [-90.0091, 34.9704], [-90.0089, 34.971], [-90.0082, 34.9715], [-90.0073, 34.9717], [-90.0066, 34.9723], [-90.0057, 34.9725], [-90.005, 34.9731], [-90.0044, 34.9731], [-90.004, 34.9734], [-90.0037, 34.9743], [-90.0032, 34.9745], [-90.0027, 34.975], [-90.0023, 34.975], [-90.0021, 34.9754], [-90.0017, 34.9752], [-90.0015, 34.9745], [-90.0014, 34.9736], [-90.0008, 34.9736], [-90.0009, 34.9744], [-90.0009, 34.9763], [-90.0004, 34.9769], [-90, 34.9764], [-89.9997, 34.9762], [-89.999, 34.9765], [-89.9988, 34.9769], [-89.9983, 34.9772], [-89.9974, 34.9775], [-89.9965, 34.978], [-89.9956, 34.9788], [-89.9949, 34.9784], [-89.9945, 34.9782], [-89.9927, 34.9785], [-89.9918, 34.9792], [-89.9903, 34.979], [-89.9897, 34.9795], [-89.9896, 34.9799], [-89.9892, 34.9799], [-89.9889, 34.9801], [-89.9885, 34.9806], [-89.9879, 34.9806], [-89.9875, 34.9801], [-89.9878, 34.9794]]]}, "properties": {"zone": "X500"}}, {"type": "Feature", "geometry": {"type": "Polygon", "coordinates": [[[-89.9984, 35.0391], [-89.9988, 35.0391], [-89.9988, 35.0384], [-89.9992, 35.0377], [-89.9989, 35.0368], [-89.9995, 35.0367], [-89.9995, 35.0364], [-89.9988, 35.0366], [-89.9984, 35.037], [-89.999, 35.0374], [-89.9989, 35.0378], [-89.9984, 35.0391]]]}, "properties": {"zone": "X500"}}, {"type": "Feature", "geometry": {"type": "Polygon", "coordinates": [[[-89.9994, 35.0409], [-89.9991, 35.041], [-90.0003, 35.0419], [-90.0002, 35.0413], [-89.9994, 35.0409]]]}, "properties": {"zone": "X500"}}, {"type": "Feature", "geometry": {"type": "Polygon", "coordinates": [[[-89.9992, 35.0433], [-89.9987, 35.0439], [-89.9983, 35.0437], [-89.998, 35.0432], [-89.9976, 35.0437], [-89.9976, 35.0444], [-89.9985, 35.0452], [-89.9982, 35.0455], [-89.9981, 35.0457], [-89.9981, 35.0459], [-89.9983, 35.0466], [-89.9987, 35.0465], [-89.9982, 35.0459], [-89.9982, 35.0456], [-89.9987, 35.0453], [-89.9993, 35.0458], [-89.9992, 35.0465], [-89.9995, 35.0467], [-90.0003, 35.0468], [-90.0005, 35.0452], [-90.0003, 35.0445], [-90.0008, 35.0442], [-90.001, 35.0426], [-90.001, 35.0417], [-90.0007, 35.0417], [-90.0003, 35.044], [-90, 35.0445], [-89.9994, 35.0445], [-89.9992, 35.0443], [-89.9991, 35.0435], [-89.9992, 35.0433]]]}, "properties": {"zone": "X500"}}, {"type": "Feature", "geometry": {"type": "Polygon", "coordinates": [[[-90.0011, 35.0509], [-90.0005, 35.0519], [-89.9996, 35.0527], [-89.9985, 35.0533], [-90.0018, 35.0535], [-90.0023, 35.0533], [-90.002, 35.0527], [-90.0021, 35.0521], [-90.0027, 35.0514], [-90.002, 35.0502], [-90.0014, 35.0502], [-90.0013, 35.0495], [-90.0019, 35.0494], [-90.0026, 35.0488], [-90.0027, 35.0481], [-90.0015, 35.0471], [-90.0017, 35.0466], [-90.0023, 35.0463], [-90.0017, 35.046], [-90.0016, 35.0456], [-90.0022, 35.0452], [-90.0027, 35.0441], [-90.0033, 35.0437], [-90.003, 35.0432], [-90.0025, 35.0429], [-90.0026, 35.0422], [-90.0023, 35.0414], [-90.0022, 35.0402], [-90.0018, 35.039], [-90.0018, 35.0376], [-90.0021, 35.0373], [-90.0022, 35.036], [-90.0018, 35.0358], [-90.0001, 35.0358], [-90.0003, 35.0363], [-90.0003, 35.0373], [-90.0011, 35.0375], [-90.0014, 35.0381], [-90.0015, 35.0389], [-90.0021, 35.0404], [-90.0019, 35.0409], [-90.0022, 35.0423], [-90.0019, 35.0424], [-90.0017, 35.043], [-90.0024, 35.0432], [-90.0018, 35.0436], [-90.0014, 35.0443], [-90.001, 35.0449], [-90.0007, 35.0463], [-90.001, 35.0467], [-90.0007, 35.0471], [-90.0006, 35.0479], [-90.0012, 35.0497], [-90.0011, 35.0509]]]}, "properties": {"zone": "X500"}}, {"type": "Feature", "geometry": {"type": "Polygon", "coordinates": [[[-89.997, 35.0467], [-89.9933, 35.0466], [-89.9943, 35.0468], [-89.9964, 35.0468], [-89.997, 35.0467]]]}, "properties": {"zone": "X500"}}, {"type": "Feature", "geometry": {"type": "Polygon", "coordinates": [[[-89.9655, 35.0504], [-89.9649, 35.0503], [-89.9646, 35.0498], [-89.9642, 35.0497], [-89.9642, 35.0505], [-89.9647, 35.0516], [-89.9653, 35.0514], [-89.9655, 35.052], [-89.966, 35.0522], [-89.9655, 35.0512], [-89.9651, 35.0506], [-89.9655, 35.0504]]]}, "properties": {"zone": "X500"}}, {"type": "Feature", "geometry": {"type": "Polygon", "coordinates": [[[-90.0004, 35.0513], [-90.0006, 35.0508], [-90.0006, 35.0494], [-89.9996, 35.05], [-89.9991, 35.0506], [-89.9985, 35.051], [-89.998, 35.0517], [-89.9984, 35.0522], [-89.9974, 35.0526], [-89.9975, 35.0533], [-89.998, 35.0533], [-89.9983, 35.0529], [-89.9997, 35.052], [-90.0004, 35.0513]]]}, "properties": {"zone": "X500"}}, {"type": "Feature", "geometry": {"type": "Polygon", "coordinates": [[[-89.9968, 35.0539], [-89.9973, 35.0543], [-89.9978, 35.0536], [-89.9953, 35.0537], [-89.9943, 35.0535], [-89.9926, 35.0536], [-89.992, 35.0538], [-89.9913, 35.0545], [-89.9911, 35.0541], [-89.9906, 35.0543], [-89.9904, 35.0553], [-89.9908, 35.0562], [-89.991, 35.057], [-89.9909, 35.0579], [-89.9914, 35.0583], [-89.992, 35.058], [-89.9921, 35.0587], [-89.9916, 35.059], [-89.9913, 35.0589], [-89.9909, 35.0592], [-89.9904, 35.0593], [-89.9905, 35.0576], [-89.9898, 35.0579], [-89.9897, 35.059], [-89.9893, 35.0603], [-89.99, 35.0605], [-89.9897, 35.061], [-89.9891, 35.0613], [-89.9877, 35.0634], [-89.9873, 35.0638], [-89.9865, 35.0653], [-89.9863, 35.066], [-89.9862, 35.0673], [-89.9862, 35.0687], [-89.9865, 35.0696], [-89.9872, 35.0707], [-89.9878, 35.0709], [-89.9885, 35.0706], [-89.9886, 35.07], [-89.9882, 35.0695], [-89.9891, 35.0696], [-89.9893, 35.07], [-89.9888, 35.0705], [-89.9887, 35.0718], [-89.99, 35.0717], [-89.9899, 35.0714], [-89.9894, 35.0712], [-89.9901, 35.0709], [-89.9906, 35.0711], [-89.9911, 35.0707], [-89.9906, 35.0706], [-89.9905, 35.0696], [-89.9915, 35.0695], [-89.9923, 35.0697], [-89.9929, 35.0697], [-89.9933, 35.0692], [-89.9932, 35.0688], [-89.9921, 35.0681], [-89.9921, 35.0662], [-89.9927, 35.0653], [-89.993, 35.064], [-89.9933, 35.062], [-89.9933, 35.0614], [-89.9938, 35.0605], [-89.992, 35.0603], [-89.9919, 35.0596], [-89.9923, 35.0592], [-89.9922, 35.0578], [-89.9917, 35.0573], [-89.9918, 35.0565], [-89.9923, 35.0566], [-89.9929, 35.0562], [-89.9921, 35.0558], [-89.9918, 35.0554], [-89.9932, 35.055], [-89.994, 35.0539], [-89.9946, 35.054], [-89.9949, 35.0544], [-89.9965, 35.0545], [-89.9968, 35.0539]], [[-89.9914, 35.0628], [-89.9912, 35.0621], [-89.9914, 35.061], [-89.9918, 35.0609], [-89.9918, 35.0619], [-89.9914, 35.0628]]]}, "properties": {"zone": "X500"}}, {"type": "Feature", "geometry": {"type": "Polygon", "coordinates": [[[-89.9804, 35.0725], [-89.981, 35.0724], [-89.9819, 35.0726], [-89.9824, 35.0724], [-89.9852, 35.0721], [-89.9854, 35.072], [-89.9855, 35.0718], [-89.9854, 35.0716], [-89.9851, 35.0713], [-89.9844, 35.0707], [-89.9837, 35.0693], [-89.9844, 35.0687], [-89.9845, 35.0676], [-89.9855, 35.0672], [-89.9854, 35.0665], [-89.9845, 35.0667], [-89.9853, 35.0658], [-89.9859, 35.0647], [-89.9868, 35.0636], [-89.9878, 35.0621], [-89.9879, 35.0616], [-89.9878, 35.061], [-89.9882, 35.0604], [-89.988, 35.0595], [-89.9869, 35.0594], [-89.9867, 35.0603], [-89.9861, 35.0604], [-89.9852, 35.0603], [-89.9845, 35.0595], [-89.9841, 35.0594], [-89.9831, 35.0594], [-89.9819, 35.059], [-89.9814, 35.0593], [-89.9805, 35.059], [-89.98, 35.0594], [-89.9802, 35.0597], [-89.9809, 35.0599], [-89.9817, 35.0603], [-89.9803, 35.0605], [-89.9815, 35.0608], [-89.9819, 35.0613], [-89.9816, 35.062], [-89.982, 35.0624], [-89.9816, 35.0629], [-89.9817, 35.0635], [-89.9826, 35.0625], [-89.9826, 35.062], [-89.9833, 35.0623], [-89.9846, 35.0626], [-89.985, 35.0623], [-89.9855, 35.0623], [-89.9857, 35.0636], [-89.9853, 35.0646], [-89.9849, 35.0645], [-89.9845, 35.0641], [-89.9827, 35.0639], [-89.9823, 35.064], [-89.982, 35.0648], [-89.9809, 35.0648], [-89.9809, 35.0633], [-89.981, 35.0624], [-89.9805, 35.0627], [-89.9806, 35.0643], [-89.9799, 35.0649], [-89.9793, 35.0659], [-89.9786, 35.066], [-89.9778, 35.0662], [-89.9773, 35.0656], [-89.9769, 35.0658], [-89.9764, 35.0656], [-89.976, 35.0647], [-89.9761, 35.0642], [-89.9764, 35.0635], [-89.9764, 35.0626], [-89.9749, 35.0622], [-89.9738, 35.0631], [-89.9737, 35.0641], [-89.9731, 35.0642], [-89.973, 35.065], [-89.9725, 35.0656], [-89.972, 35.0655], [-89.9707, 35.0658], [-89.97, 35.0666], [-89.9699, 35.0675], [-89.9691, 35.0682], [-89.9675, 35.0683], [-89.9668, 35.0679], [-89.966, 35.0678], [-89.9659, 35.069], [-89.9667, 35.069], [-89.9714, 35.069], [-89.975, 35.0688], [-89.9755, 35.0689], [-89.978, 35.0688], [-89.9782, 35.069], [-89.9756, 35.069], [-89.9728, 35.0691], [-89.9722, 35.0693], [-89.9724, 35.07], [-89.9731, 35.0698], [-89.9741, 35.0698], [-89.9747, 35.0696], [-89.976, 35.0698], [-89.9762, 35.071], [-89.9761, 35.0716], [-89.9762, 35.0722], [-89.9754, 35.0724], [-89.9742, 35.0721], [-89.9746, 35.0718], [-89.9754, 35.0717], [-89.9754, 35.0713], [-89.975, 35.0712], [-89.9737, 35.0713], [-89.9739, 35.072], [-89.9742, 35.0722], [-89.9749, 35.0723], [-89.9759, 35.0724], [-89.9763, 35.0722], [-89.9765, 35.0717], [-89.976, 35.0699], [-89.9764, 35.07], [-89.9767, 35.0695], [-89.9781, 35.0693], [-89.9792, 35.0696], [-89.9803, 35.0697], [-89.9805, 35.0705], [-89.9818, 35.0703], [-89.9825, 35.0704], [-89.9831, 35.0695], [-89.9837, 35.0696], [-89.984, 35.07], [-89.9844, 35.0707], [-89.9852, 35.0714], [-89.9854, 35.0717], [-89.9854, 35.0719], [-89.9833, 35.0723], [-89.9816, 35.0725], [-89.9809, 35.0724], [-89.9804, 35.0725]]]}, "properties": {"zone": "X500"}}, {"type": "Feature", "geometry": {"type": "Polygon", "coordinates": [[[-90.0029, 35.0664], [-90.0024, 35.0663], [-90.002, 35.0667], [-90.0023, 35.0674], [-90.0028, 35.0675], [-90.0029, 35.0664]]]}, "properties": {"zone": "X500"}}, {"type": "Feature", "geometry": {"type": "Polygon", "coordinates": [[[-89.9958, 35.0692], [-89.9962, 35.0694], [-89.9972, 35.0693], [-89.9972, 35.069], [-89.9965, 35.0685], [-89.9965, 35.0691], [-89.9959, 35.0687], [-89.9954, 35.0691], [-89.9958, 35.0692]]]}, "properties": {"zone": "X500"}}, {"type": "Feature", "geometry": {"type": "Polygon", "coordinates": [[[-89.9656, 35.069], [-89.9654, 35.0678], [-89.9645, 35.0679], [-89.9643, 35.0676], [-89.9637, 35.0677], [-89.9636, 35.0687], [-89.9641, 35.0691], [-89.9637, 35.0694], [-89.9631, 35.0694], [-89.963, 35.0708], [-89.9626, 35.071], [-89.9618, 35.0708], [-89.961, 35.071], [-89.9608, 35.0708], [-89.9597, 35.0707], [-89.959, 35.0701], [-89.9587, 35.0691], [-89.9578, 35.069], [-89.9569, 35.0698], [-89.9564, 35.0703], [-89.9555, 35.0694], [-89.9551, 35.0692], [-89.9546, 35.0696], [-89.9548, 35.0709], [-89.9552, 35.0718], [-89.9555, 35.0711], [-89.9558, 35.0716], [-89.9562, 35.0718], [-89.9568, 35.0716], [-89.9571, 35.071], [-89.9569, 35.0701], [-89.9574, 35.0699], [-89.9578, 35.0695], [-89.9586, 35.0706], [-89.9595, 35.071], [-89.9605, 35.0708], [-89.961, 35.0711], [-89.9617, 35.0709], [-89.9627, 35.0713], [-89.9629, 35.0715], [-89.9634, 35.0707], [-89.9635, 35.0717], [-89.9646, 35.0719], [-89.9653, 35.0724], [-89.9661, 35.0721], [-89.9655, 35.0708], [-89.9653, 35.0697], [-89.9656, 35.069]]]}, "properties": {"zone": "X500"}}, {"type": "Feature", "geometry": {"type": "Polygon", "coordinates": [[[-89.9673, 35.0692], [-89.9671, 35.0692], [-89.9661, 35.0694], [-89.9663, 35.0705], [-89.9667, 35.0695], [-89.9673, 35.0692]]]}, "properties": {"zone": "X500"}}, {"type": "Feature", "geometry": {"type": "Polygon", "coordinates": [[[-89.9878, 35.0747], [-89.988, 35.0749], [-89.9889, 35.0756], [-89.9904, 35.0759], [-89.9906, 35.0753], [-89.9915, 35.0749], [-89.9917, 35.0757], [-89.9925, 35.0757], [-89.9943, 35.0754], [-89.9945, 35.0753], [-89.9967, 35.0751], [-89.9991, 35.0751], [-89.9981, 35.0756], [-89.9984, 35.0761], [-89.9987, 35.0762], [-89.9988, 35.0755], [-89.9991, 35.0753], [-90.001, 35.0749], [-90.0008, 35.0744], [-90.0022, 35.0741], [-90.0034, 35.0737], [-90.0041, 35.0737], [-90.0066, 35.0732], [-90.007, 35.0729], [-90.0074, 35.0721], [-90.0073, 35.0712], [-90.007, 35.0705], [-90.0065, 35.0704], [-90.0057, 35.0708], [-90.0048, 35.0706], [-90.0047, 35.0715], [-90.0055, 35.0717], [-90.0068, 35.0712], [-90.007, 35.0714], [-90.0057, 35.0719], [-90.0058, 35.0725], [-90.0055, 35.0732], [-90.0047, 35.0732], [-90.0044, 35.0722], [-90.004, 35.072], [-90.0036, 35.0723], [-90.0028, 35.0725], [-90.0023, 35.0728], [-90.0023, 35.0735], [-90.0017, 35.0738], [-90.0003, 35.074], [-90.0002, 35.0736], [-90.0016, 35.0733], [-90.0024, 35.0724], [-90.0025, 35.0716], [-90.0018, 35.0716], [-90.001, 35.0718], [-90.0005, 35.0717], [-89.9998, 35.0719], [-89.999, 35.0719], [-89.9993, 35.0731], [-89.999, 35.0738], [-89.9986, 35.0739], [-89.9982, 35.0734], [-89.9982, 35.0725], [-89.9978, 35.0719], [-89.9965, 35.0716], [-89.9947, 35.0727], [-89.9936, 35.0731], [-89.9922, 35.0731], [-89.992, 35.0736], [-89.991, 35.0733], [-89.9907, 35.0736], [-89.9903, 35.0736], [-89.9888, 35.0741], [-89.9878, 35.0742], [-89.9878, 35.0747]]]}, "properties": {"zone": "X500"}}, {"type": "Feature", "geometry": {"type": "Polygon", "coordinates": [[[-89.9608, 35.0769], [-89.9612, 35.0775], [-89.9619, 35.0775], [-89.9624, 35.0766], [-89.9626, 35.0766], [-89.9627, 35.077], [-89.9628, 35.0772], [-89.963, 35.0772], [-89.9648, 35.0771], [-89.9647, 35.0769], [-89.9631, 35.0771], [-89.9627, 35.077], [-89.9627, 35.0765], [-89.9625, 35.0765], [-89.9618, 35.077], [-89.9608, 35.0769]]]}, "properties": {"zone": "X500"}}, {"type": "Feature", "geometry": {"type": "Polygon", "coordinates": [[[-89.9657, 35.0806], [-89.9661, 35.0809], [-89.9664, 35.0804], [-89.9668, 35.0804], [-89.9673, 35.0807], [-89.968, 35.0804], [-89.9676, 35.0801], [-89.9674, 35.0797], [-89.9677, 35.0794], [-89.9686, 35.0793], [-89.9696, 35.0793], [-89.9702, 35.0796], [-89.9717, 35.0796], [-89.9728, 35.0787], [-89.9732, 35.078], [-89.9738, 35.0777], [-89.974, 35.0771], [-89.9752, 35.077], [-89.9757, 35.0775], [-89.9761, 35.0775], [-89.9768, 35.0769], [-89.9775, 35.0768], [-89.9784, 35.0774], [-89.9784, 35.0785], [-89.9788, 35.0792], [-89.9795, 35.0783], [-89.9792, 35.0771], [-89.9794, 35.0768], [-89.9803, 35.0767], [-89.9793, 35.0766], [-89.9778, 35.0765], [-89.9756, 35.0767], [-89.972, 35.077], [-89.9718, 35.0768], [-89.9802, 35.0758], [-89.9804, 35.0756], [-89.9815, 35.0754], [-89.9825, 35.0754], [-89.9832, 35.0753], [-89.9829, 35.0748], [-89.981, 35.0749], [-89.9788, 35.0755], [-89.9788, 35.075], [-89.9785, 35.0747], [-89.9781, 35.0749], [-89.9778, 35.0755], [-89.9774, 35.0758], [-89.9764, 35.0754], [-89.9758, 35.0754], [-89.9754, 35.0762], [-89.972, 35.0765], [-89.9707, 35.0766], [-89.9706, 35.0768], [-89.969, 35.0769], [-89.9684, 35.0769], [-89.9673, 35.077], [-89.9686, 35.0775], [-89.977, 35.0767], [-89.9778, 35.0766], [-89.9796, 35.0767], [-89.9791, 35.077], [-89.9784, 35.0768], [-89.9772, 35.0768], [-89.9746, 35.077], [-89.9738, 35.0771], [-89.973, 35.0776], [-89.9725, 35.078], [-89.9714, 35.0784], [-89.9708, 35.0782], [-89.9704, 35.0785], [-89.9692, 35.0784], [-89.9679, 35.0786], [-89.9672, 35.0789], [-89.9671, 35.0793], [-89.9672, 35.0797], [-89.9661, 35.0801], [-89.9657, 35.0806]]]}, "properties": {"zone": "X500"}}, {"type": "Feature", "geometry": {"type": "Polygon", "coordinates": [[[-89.9588, 35.0811], [-89.9584, 35.0817], [-89.9583, 35.0822], [-89.9589, 35.0829], [-89.9604, 35.0829], [-89.9609, 35.0832], [-89.9615, 35.0839], [-89.9613, 35.0821], [-89.9618, 35.0815], [-89.9617, 35.0807], [-89.9626, 35.0809], [-89.9643, 35.0808], [-89.9638, 35.0799], [-89.9627, 35.0792], [-89.9622, 35.0787], [-89.9609, 35.0792], [-89.9596, 35.0799], [-89.9594, 35.0805], [-89.9599, 35.0807], [-89.961, 35.0803], [-89.9616, 35.0804], [-89.9617, 35.0815], [-89.9613, 35.0819], [-89.9608, 35.0828], [-89.96, 35.0821], [-89.9594, 35.082], [-89.9593, 35.0813], [-89.9588, 35.0811]]]}, "properties": {"zone": "X500"}}, {"type": "Feature", "geometry": {"type": "Polygon", "coordinates": [[[-89.9689, 35.2005], [-89.9687, 35.2002], [-89.9678, 35.2002], [-89.9675, 35.2005], [-89.9675, 35.2011], [-89.9671, 35.202], [-89.9686, 35.2014], [-89.9689, 35.2005]]]}, "properties": {"zone": "X500"}}, {"type": "Feature", "geometry": {"type": "Polygon", "coordinates": [[[-89.9679, 35.2503], [-89.968, 35.2503], [-89.968, 35.2476], [-89.968, 35.2452], [-89.9677, 35.2448], [-89.9672, 35.2451], [-89.9672, 35.2455], [-89.9679, 35.2458], [-89.9679, 35.2463], [-89.9676, 35.2469], [-89.9679, 35.2471], [-89.968, 35.2486], [-89.9679, 35.2495], [-89.9675, 35.25], [-89.9679, 35.2503]]]}, "properties": {"zone": "X500"}}, {"type": "Feature", "geometry": {"type": "Polygon", "coordinates": [[[-89.9667, 35.2468], [-89.9673, 35.2464], [-89.9667, 35.2462], [-89.9663, 35.2468], [-89.9666, 35.2471], [-89.9668, 35.2477], [-89.9662, 35.2484], [-89.9658, 35.2494], [-89.9659, 35.2497], [-89.9656, 35.2503], [-89.9651, 35.2505], [-89.9653, 35.2506], [-89.9662, 35.251], [-89.9662, 35.2516], [-89.966, 35.2519], [-89.9659, 35.252], [-89.9658, 35.2521], [-89.9657, 35.2521], [-89.9656, 35.2522], [-89.9655, 35.2522], [-89.9654, 35.2522], [-89.9652, 35.2522], [-89.9647, 35.252], [-89.9633, 35.2511], [-89.9624, 35.2513], [-89.9621, 35.2512], [-89.9614, 35.2517], [-89.961, 35.2513], [-89.9606, 35.2504], [-89.9602, 35.2504], [-89.96, 35.2517], [-89.9597, 35.2522], [-89.9599, 35.2527], [-89.9605, 35.2519], [-89.9605, 35.2506], [-89.9608, 35.2508], [-89.9609, 35.2513], [-89.9613, 35.2518], [-89.9631, 35.2513], [-89.9637, 35.2516], [-89.9653, 35.2522], [-89.9654, 35.2522], [-89.9655, 35.2522], [-89.9656, 35.2522], [-89.9657, 35.2522], [-89.9657, 35.2521], [-89.9658, 35.2521], [-89.966, 35.2519], [-89.9661, 35.2518], [-89.9664, 35.2513], [-89.9664, 35.2511], [-89.966, 35.2508], [-89.9653, 35.2506], [-89.9659, 35.2501], [-89.966, 35.2494], [-89.9666, 35.2485], [-89.9671, 35.2474], [-89.9667, 35.2468]]]}, "properties": {"zone": "X500"}}, {"type": "Feature", "geometry": {"type": "Polygon", "coordinates": [[[-89.9656, 35.2649], [-89.9653, 35.2653], [-89.9657, 35.2657], [-89.9664, 35.2656], [-89.9663, 35.2648], [-89.966, 35.2646], [-89.9656, 35.2649]]]}, "properties": {"zone": "X500"}}, {"type": "Feature", "geometry": {"type": "Polygon", "coordinates": [[[-90.0005, 35.2699], [-90.0012, 35.2695], [-90.0023, 35.2692], [-90.0033, 35.2687], [-90.0036, 35.2673], [-90.0028, 35.2667], [-90.0015, 35.2665], [-90.001, 35.2669], [-90.001, 35.2678], [-90.0005, 35.2679], [-90, 35.2675], [-89.9997, 35.2682], [-89.9997, 35.2686], [-90.0001, 35.269], [-90.0002, 35.2697], [-90.0005, 35.2699]], [[-90.0028, 35.2687], [-90.0019, 35.2679], [-90.0018, 35.2673], [-90.0021, 35.2668], [-90.0025, 35.2667], [-90.0033, 35.2672], [-90.0032, 35.2681], [-90.0033, 35.2686], [-90.0028, 35.2687]]]}, "properties": {"zone": "X500"}}, {"type": "Feature", "geometry": {"type": "Polygon", "coordinates": [[[-89.9598, 35.2766], [-89.9602, 35.2771], [-89.9602, 35.2777], [-89.9595, 35.2781], [-89.9601, 35.2787], [-89.9613, 35.2783], [-89.9617, 35.2781], [-89.9623, 35.2781], [-89.9633, 35.278], [-89.9634, 35.2776], [-89.9631, 35.2772], [-89.9633, 35.2767], [-89.9645, 35.2765], [-89.965, 35.2763], [-89.9648, 35.2758], [-89.9642, 35.2754], [-89.963, 35.2751], [-89.9631, 35.2749], [-89.9628, 35.2742], [-89.9633, 35.2741], [-89.964, 35.2744], [-89.9648, 35.2744], [-89.9652, 35.2741], [-89.964, 35.2733], [-89.9637, 35.2737], [-89.9625, 35.2738], [-89.9617, 35.2743], [-89.959, 35.2764], [-89.9598, 35.2766]]]}, "properties": {"zone": "X500"}}, {"type": "Feature", "geometry": {"type": "Polygon", "coordinates": [[[-90.0068, 35.2903], [-90.0064, 35.2899], [-90.0055, 35.2897], [-90.0045, 35.291], [-90.0031, 35.2928], [-90.0027, 35.2937], [-90.0019, 35.2936], [-90.0008, 35.2945], [-89.9998, 35.2946], [-89.9992, 35.2951], [-89.9989, 35.2957], [-89.9995, 35.2969], [-89.9992, 35.2976], [-90.0004, 35.2972], [-89.9997, 35.2966], [-89.9991, 35.2958], [-89.9995, 35.295], [-90.0006, 35.2947], [-90.0013, 35.2944], [-90.0019, 35.2937], [-90.0024, 35.2937], [-90.0027, 35.2941], [-90.0024, 35.2948], [-90.0029, 35.2948], [-90.0032, 35.2941], [-90.0032, 35.2929], [-90.0045, 35.291], [-90.0051, 35.2906], [-90.0054, 35.2901], [-90.0061, 35.2899], [-90.0068, 35.2903]]]}, "properties": {"zone": "X500"}}, {"type": "Feature", "geometry": {"type": "Polygon", "coordinates": [[[-89.9879, 35.2971], [-89.9883, 35.2973], [-89.9893, 35.2974], [-89.9896, 35.2973], [-89.9905, 35.298], [-89.9908, 35.2974], [-89.9907, 35.2966], [-89.9903, 35.2969], [-89.9905, 35.2973], [-89.99, 35.2976], [-89.9896, 35.2973], [-89.9892, 35.2973], [-89.9882, 35.2972], [-89.9879, 35.2971]]]}, "properties": {"zone": "X500"}}, {"type": "Feature", "geometry": {"type": "Polygon", "coordinates": [[[-89.9788, 35.3007], [-89.9794, 35.3007], [-89.9798, 35.3006], [-89.9801, 35.3004], [-89.9804, 35.2999], [-89.9808, 35.2991], [-89.9816, 35.2991], [-89.9837, 35.2987], [-89.984, 35.2982], [-89.9827, 35.2989], [-89.9819, 35.299], [-89.9808, 35.299], [-89.9805, 35.2992], [-89.9803, 35.3001], [-89.9799, 35.3005], [-89.9796, 35.3007], [-89.9788, 35.3007]]]}, "properties": {"zone": "X500"}}, {"type": "Feature", "geometry": {"type": "Polygon", "coordinates": [[[-89.974, 35.2991], [-89.9742, 35.2989], [-89.9743, 35.2988], [-89.9748, 35.2987], [-89.9749, 35.2986], [-89.975, 35.2985], [-89.9755, 35.2983], [-89.9745, 35.2978], [-89.9749, 35.2983], [-89.9748, 35.2987], [-89.9743, 35.2988], [-89.9742, 35.2989], [-89.9741, 35.299], [-89.974, 35.2991]]]}, "properties": {"zone": "X500"}}, {"type": "Feature", "geometry": {"type": "Polygon", "coordinates": [[[-89.9927, 35.3016], [-89.9923, 35.3014], [-89.992, 35.3007], [-89.9914, 35.3], [-89.9923, 35.3017], [-89.9927, 35.3016]]]}, "properties": {"zone": "X500"}}, {"type": "Feature", "geometry": {"type": "Polygon", "coordinates": [[[-89.985, 35.3052], [-89.986, 35.3052], [-89.9863, 35.3055], [-89.9861, 35.3061], [-89.9855, 35.307], [-89.9859, 35.307], [-89.9872, 35.3063], [-89.9879, 35.3065], [-89.9885, 35.3071], [-89.9891, 35.3071], [-89.9892, 35.3074], [-89.99, 35.3073], [-89.991, 35.3069], [-89.9917, 35.3071], [-89.9916, 35.3066], [-89.9912, 35.3066], [-89.9903, 35.307], [-89.9897, 35.307], [-89.9891, 35.3067], [-89.9878, 35.3062], [-89.9867, 35.3063], [-89.9866, 35.3057], [-89.9868, 35.3053], [-89.9863, 35.3051], [-89.985, 35.3052]]]}, "properties": {"zone": "X500"}}, {"type": "Feature", "geometry": {"type": "Polygon", "coordinates": [[[-89.9658, 35.3053], [-89.9656, 35.305], [-89.965, 35.305], [-89.9643, 35.3054], [-89.9632, 35.3058], [-89.963, 35.3057], [-89.9623, 35.3061], [-89.9637, 35.3066], [-89.9647, 35.3064], [-89.9663, 35.3065], [-89.9673, 35.3068], [-89.9677, 35.3071], [-89.969, 35.3072], [-89.9695, 35.3078], [-89.9703, 35.3074], [-89.9682, 35.3069], [-89.9667, 35.3064], [-89.9653, 35.3062], [-89.9647, 35.3059], [-89.9656, 35.3056], [-89.9658, 35.3053]]]}, "properties": {"zone": "X500"}}, {"type": "Feature", "geometry": {"type": "Polygon", "coordinates": [[[-89.9739, 35.3066], [-89.9747, 35.3075], [-89.9743, 35.3066], [-89.9739, 35.3066]]]}, "properties": {"zone": "X500"}}, {"type": "Feature", "geometry": {"type": "Polygon", "coordinates": [[[-89.9837, 35.308], [-89.9821, 35.308], [-89.9821, 35.3082], [-89.9835, 35.3083], [-89.9837, 35.308]]]}, "properties": {"zone": "X500"}}, {"type": "Feature", "geometry": {"type": "Polygon", "coordinates": [[[-89.9742, 35.3094], [-89.974, 35.3101], [-89.9735, 35.3103], [-89.9737, 35.3106], [-89.9741, 35.3102], [-89.9742, 35.3094]]]}, "properties": {"zone": "X500"}}, {"type": "Feature", "geometry": {"type": "Polygon", "coordinates": [[[-89.9829, 35.3115], [-89.983, 35.3124], [-89.9841, 35.3133], [-89.9847, 35.3133], [-89.9851, 35.314], [-89.9858, 35.3138], [-89.9866, 35.3146], [-89.9869, 35.3141], [-89.9866, 35.3137], [-89.9866, 35.3126], [-89.9877, 35.312], [-89.9878, 35.3115], [-89.9864, 35.3119], [-89.9859, 35.3132], [-89.9849, 35.3136], [-89.9851, 35.3131], [-89.9849, 35.3124], [-89.9841, 35.3131], [-89.9837, 35.3126], [-89.9833, 35.3123], [-89.9829, 35.3115]]]}, "properties": {"zone": "X500"}}, {"type": "Feature", "geometry": {"type": "Polygon", "coordinates": [[[-89.9733, 35.3145], [-89.9735, 35.3143], [-89.9742, 35.3157], [-89.9745, 35.3157], [-89.9737, 35.3142], [-89.9733, 35.3145]]]}, "properties": {"zone": "X500"}}, {"type": "Feature", "geometry": {"type": "Polygon", "coordinates": [[[-89.9712, 35.3147], [-89.9709, 35.3139], [-89.9706, 35.3143], [-89.9712, 35.3147]]]}, "properties": {"zone": "X500"}}, {"type": "Feature", "geometry": {"type": "Polygon", "coordinates": [[[-89.982, 35.3124], [-89.982, 35.3127], [-89.9823, 35.3139], [-89.9823, 35.3143], [-89.9827, 35.3153], [-89.9832, 35.3163], [-89.9832, 35.317], [-89.9824, 35.3175], [-89.9816, 35.3182], [-89.9803, 35.3184], [-89.9812, 35.3187], [-89.9827, 35.3174], [-89.9838, 35.3168], [-89.9838, 35.3164], [-89.9831, 35.3159], [-89.9827, 35.3152], [-89.9826, 35.3144], [-89.9829, 35.3141], [-89.9824, 35.3135], [-89.982, 35.3124]]]}, "properties": {"zone": "X500"}}, {"type": "Feature", "geometry": {"type": "Polygon", "coordinates": [[[-89.9897, 35.3162], [-89.9893, 35.3166], [-89.9895, 35.3167], [-89.9897, 35.3162]]]}, "properties": {"zone": "X500"}}, {"type": "Feature", "geometry": {"type": "Polygon", "coordinates": [[[-89.9635, 35.3181], [-89.9635, 35.3179], [-89.9623, 35.3186], [-89.9625, 35.3187], [-89.9635, 35.3181]]]}, "properties": {"zone": "X500"}}, {"type": "Feature", "geometry": {"type": "Polygon", "coordinates": [[[-89.9901, 35.3201], [-89.9896, 35.3205], [-89.9896, 35.3208], [-89.9899, 35.3208], [-89.9901, 35.3212], [-89.9901, 35.3215], [-89.9901, 35.3218], [-89.9897, 35.3219], [-89.9894, 35.3221], [-89.9894, 35.3222], [-89.9898, 35.3222], [-89.9907, 35.3223], [-89.991, 35.3227], [-89.9915, 35.3236], [-89.9916, 35.3231], [-89.9905, 35.3221], [-89.9896, 35.3222], [-89.99, 35.3218], [-89.9901, 35.3217], [-89.9902, 35.3216], [-89.9901, 35.3208], [-89.9898, 35.3207], [-89.9901, 35.3201]]]}, "properties": {"zone": "X500"}}, {"type": "Feature", "geometry": {"type": "Polygon", "coordinates": [[[-89.9715, 35.3208], [-89.9706, 35.3211], [-89.9699, 35.3211], [-89.9695, 35.3213], [-89.9696, 35.3229], [-89.9689, 35.3231], [-89.9691, 35.3235], [-89.97, 35.3232], [-89.9697, 35.3225], [-89.9697, 35.3219], [-89.9699, 35.3214], [-89.9704, 35.3218], [-89.9711, 35.3219], [-89.9714, 35.3214], [-89.9719, 35.3213], [-89.9722, 35.3207], [-89.972, 35.3203], [-89.9715, 35.3208]]]}, "properties": {"zone": "X500"}}, {"type": "Feature", "geometry": {"type": "Polygon", "coordinates": [[[-89.9724, 35.3246], [-89.973, 35.3251], [-89.9727, 35.3252], [-89.9727, 35.3257], [-89.9733, 35.3263], [-89.973, 35.3266], [-89.9719, 35.3264], [-89.971, 35.326], [-89.9707, 35.3255], [-89.9704, 35.3252], [-89.9696, 35.3253], [-89.9697, 35.3259], [-89.969, 35.3272], [-89.9682, 35.327], [-89.9679, 35.3267], [-89.9667, 35.3273], [-89.9662, 35.3276], [-89.9654, 35.3285], [-89.9646, 35.3289], [-89.9635, 35.3281], [-89.9629, 35.3284], [-89.9627, 35.3296], [-89.9633, 35.33], [-89.9625, 35.3302], [-89.9624, 35.3307], [-89.9625, 35.3312], [-89.9635, 35.3317], [-89.9628, 35.3323], [-89.9631, 35.3329], [-89.963, 35.3331], [-89.9621, 35.3328], [-89.9609, 35.3336], [-89.9605, 35.3348], [-89.9604, 35.3356], [-89.9597, 35.3356], [-89.9595, 35.3363], [-89.9588, 35.3367], [-89.9588, 35.3371], [-89.96, 35.337], [-89.96, 35.3362], [-89.9604, 35.336], [-89.9606, 35.3348], [-89.961, 35.3355], [-89.9614, 35.3355], [-89.962, 35.3349], [-89.9622, 35.3337], [-89.9626, 35.3343], [-89.963, 35.334], [-89.9631, 35.3334], [-89.9635, 35.3334], [-89.9632, 35.3327], [-89.9639, 35.3317], [-89.9627, 35.3312], [-89.9628, 35.3305], [-89.964, 35.3302], [-89.9641, 35.3299], [-89.9635, 35.3297], [-89.9629, 35.329], [-89.963, 35.3283], [-89.9635, 35.3283], [-89.9639, 35.3289], [-89.965, 35.329], [-89.9654, 35.3288], [-89.9665, 35.3277], [-89.9671, 35.3274], [-89.968, 35.3274], [-89.9681, 35.3282], [-89.9691, 35.3282], [-89.9695, 35.3286], [-89.9698, 35.3282], [-89.9696, 35.3275], [-89.9701, 35.3268], [-89.9697, 35.3263], [-89.9697, 35.3254], [-89.9705, 35.3253], [-89.9707, 35.3258], [-89.9711, 35.3262], [-89.9718, 35.3266], [-89.9727, 35.3268], [-89.9729, 35.3267], [-89.9735, 35.3261], [-89.9733, 35.326], [-89.9728, 35.3253], [-89.9736, 35.3252], [-89.9724, 35.3246]]]}, "properties": {"zone": "X500"}}, {"type": "Feature", "geometry": {"type": "Polygon", "coordinates": [[[-89.9591, 35.3381], [-89.959, 35.3392], [-89.9592, 35.3393], [-89.9592, 35.34], [-89.959, 35.3404], [-89.9589, 35.3416], [-89.9599, 35.3414], [-89.9604, 35.3421], [-89.9604, 35.3408], [-89.9607, 35.34], [-89.9606, 35.3396], [-89.9596, 35.3394], [-89.9593, 35.3392], [-89.9591, 35.3381]]]}, "properties": {"zone": "X500"}}, {"type": "Feature", "geometry": {"type": "Polygon", "coordinates": [[[-89.9617, 35.3447], [-89.9613, 35.3444], [-89.9611, 35.3447], [-89.9618, 35.3449], [-89.9625, 35.3461], [-89.9625, 35.347], [-89.9631, 35.3481], [-89.9629, 35.3492], [-89.9632, 35.3488], [-89.9631, 35.3487], [-89.9631, 35.3481], [-89.9628, 35.3475], [-89.9626, 35.3465], [-89.962, 35.3449], [-89.9617, 35.3447]]]}, "properties": {"zone": "X500"}}, {"type": "Feature", "geometry": {"type": "Polygon", "coordinates": [[[-89.9706, 35.3533], [-89.9713, 35.3549], [-89.9709, 35.3557], [-89.971, 35.3565], [-89.9705, 35.3573], [-89.9709, 35.3577], [-89.9712, 35.3569], [-89.9712, 35.356], [-89.9714, 35.3548], [-89.971, 35.3536], [-89.9706, 35.3533]]]}, "properties": {"zone": "X500"}}, {"type": "Feature", "geometry": {"type": "Polygon", "coordinates": [[[-89.9553, 34.9251], [-89.9554, 34.925], [-89.9554, 34.9248], [-89.9554, 34.9247], [-89.9551, 34.9247], [-89.9544, 34.9247], [-89.9542, 34.9244], [-89.9538, 34.9244], [-89.9536, 34.9244], [-89.9535, 34.9243], [-89.9533, 34.924], [-89.953, 34.9241], [-89.9529, 34.9243], [-89.9525, 34.9242], [-89.9522, 34.9242], [-89.952, 34.924], [-89.9515, 34.924], [-89.9524, 34.9242], [-89.9527, 34.9244], [-89.953, 34.9244], [-89.9533, 34.924], [-89.9535, 34.9243], [-89.9534, 34.9244], [-89.9536, 34.9244], [-89.9541, 34.9244], [-89.9543, 34.9247], [-89.9549, 34.9247], [-89.9554, 34.9248], [-89.9554, 34.9249], [-89.9553, 34.9251]]]}, "properties": {"zone": "X500"}}, {"type": "Feature", "geometry": {"type": "Polygon", "coordinates": [[[-89.9118, 34.9183], [-89.9113, 34.9187], [-89.9112, 34.9189], [-89.9112, 34.919], [-89.9112, 34.9191], [-89.9113, 34.9192], [-89.9114, 34.9194], [-89.9115, 34.9196], [-89.9117, 34.9198], [-89.912, 34.9202], [-89.912, 34.9215], [-89.9126, 34.922], [-89.9132, 34.922], [-89.9138, 34.9226], [-89.9144, 34.9226], [-89.9149, 34.9221], [-89.9152, 34.9221], [-89.9156, 34.9226], [-89.9161, 34.9225], [-89.9161, 34.9221], [-89.9159, 34.9219], [-89.916, 34.9216], [-89.9161, 34.9216], [-89.9163, 34.9218], [-89.9167, 34.9219], [-89.9167, 34.922], [-89.9167, 34.9221], [-89.9167, 34.9222], [-89.9167, 34.9223], [-89.9167, 34.9225], [-89.9164, 34.9227], [-89.9166, 34.9229], [-89.9168, 34.9227], [-89.9169, 34.9226], [-89.917, 34.9226], [-89.917, 34.9227], [-89.9171, 34.9227], [-89.917, 34.9229], [-89.9171, 34.923], [-89.9172, 34.923], [-89.9173, 34.923], [-89.9175, 34.923], [-89.9176, 34.9232], [-89.9178, 34.9233], [-89.9168, 34.9237], [-89.9168, 34.9241], [-89.9174, 34.9241], [-89.9178, 34.9233], [-89.9176, 34.9232], [-89.9175, 34.923], [-89.9173, 34.923], [-89.9172, 34.923], [-89.9171, 34.9229], [-89.917, 34.9229], [-89.9171, 34.9228], [-89.9171, 34.9227], [-89.917, 34.9227], [-89.917, 34.9226], [-89.9168, 34.9227], [-89.9167, 34.9225], [-89.9167, 34.9223], [-89.9167, 34.9222], [-89.9167, 34.9221], [-89.9167, 34.922], [-89.9167, 34.9219], [-89.9166, 34.9218], [-89.9163, 34.9218], [-89.9161, 34.9216], [-89.9159, 34.9217], [-89.9159, 34.9219], [-89.916, 34.9221], [-89.9156, 34.9224], [-89.915, 34.9218], [-89.9143, 34.9225], [-89.9139, 34.9225], [-89.9132, 34.9219], [-89.9127, 34.9219], [-89.912, 34.9213], [-89.912, 34.9206], [-89.912, 34.9202], [-89.9117, 34.9198], [-89.9115, 34.9196], [-89.9114, 34.9194], [-89.9113, 34.9192], [-89.9113, 34.9191], [-89.9112, 34.919], [-89.9112, 34.9188], [-89.9113, 34.9187], [-89.9118, 34.9183]]]}, "properties": {"zone": "X500"}}, {"type": "Feature", "geometry": {"type": "Polygon", "coordinates": [[[-89.9378, 34.9141], [-89.9379, 34.9141], [-89.9386, 34.9145], [-89.9396, 34.9149], [-89.9397, 34.9151], [-89.94, 34.9156], [-89.9399, 34.9161], [-89.9396, 34.9162], [-89.9395, 34.9162], [-89.9394, 34.9163], [-89.9393, 34.9164], [-89.9393, 34.9168], [-89.9397, 34.9169], [-89.94, 34.9168], [-89.9404, 34.9169], [-89.9406, 34.917], [-89.9408, 34.9172], [-89.9408, 34.9173], [-89.9411, 34.9175], [-89.9411, 34.9176], [-89.9414, 34.9179], [-89.9417, 34.9184], [-89.9419, 34.9185], [-89.9421, 34.9189], [-89.9422, 34.9192], [-89.9426, 34.9197], [-89.9428, 34.9198], [-89.9428, 34.9199], [-89.9429, 34.92], [-89.9432, 34.9202], [-89.9434, 34.9203], [-89.9434, 34.9205], [-89.9435, 34.9205], [-89.9437, 34.9206], [-89.9435, 34.9208], [-89.9436, 34.9209], [-89.944, 34.921], [-89.9443, 34.9211], [-89.9446, 34.9213], [-89.9446, 34.9214], [-89.9447, 34.9215], [-89.9449, 34.9217], [-89.9453, 34.9219], [-89.946, 34.9221], [-89.9462, 34.9224], [-89.9461, 34.9227], [-89.9474, 34.9229], [-89.9476, 34.9233], [-89.948, 34.9235], [-89.9479, 34.9239], [-89.9487, 34.9235], [-89.949, 34.9241], [-89.9494, 34.9243], [-89.9495, 34.9244], [-89.9501, 34.9245], [-89.9504, 34.9246], [-89.9505, 34.9247], [-89.9504, 34.9248], [-89.9506, 34.9247], [-89.9509, 34.9248], [-89.9513, 34.9247], [-89.9514, 34.9248], [-89.9513, 34.925], [-89.9518, 34.9251], [-89.9518, 34.9249], [-89.9513, 34.9247], [-89.9512, 34.9246], [-89.9511, 34.9247], [-89.9509, 34.9248], [-89.9506, 34.9247], [-89.9505, 34.9247], [-89.9505, 34.9246], [-89.9503, 34.9245], [-89.9499, 34.9244], [-89.9493, 34.9241], [-89.9487, 34.9234], [-89.9482, 34.9235], [-89.9477, 34.9233], [-89.9476, 34.923], [-89.9473, 34.9229], [-89.9462, 34.9227], [-89.9462, 34.9224], [-89.946, 34.922], [-89.9453, 34.9219], [-89.9448, 34.9216], [-89.9448, 34.9215], [-89.9446, 34.9214], [-89.9446, 34.9213], [-89.9445, 34.9212], [-89.9435, 34.9208], [-89.9436, 34.9207], [-89.9437, 34.9207], [-89.9437, 34.9206], [-89.9436, 34.9203], [-89.943, 34.9201], [-89.9428, 34.9198], [-89.9427, 34.9198], [-89.9426, 34.9196], [-89.9425, 34.9195], [-89.9422, 34.9193], [-89.9421, 34.9189], [-89.9419, 34.9185], [-89.9418, 34.9185], [-89.9416, 34.918], [-89.9412, 34.9178], [-89.9411, 34.9175], [-89.9409, 34.9174], [-89.9408, 34.9172], [-89.9406, 34.917], [-89.9405, 34.9169], [-89.9403, 34.9168], [-89.94, 34.9168], [-89.9397, 34.9169], [-89.9393, 34.9168], [-89.9394, 34.9165], [-89.9393, 34.9164], [-89.9394, 34.9163], [-89.9395, 34.9162], [-89.9396, 34.9162], [-89.9399, 34.916], [-89.94, 34.9158], [-89.9399, 34.9154], [-89.9398, 34.9152], [-89.9397, 34.915], [-89.9396, 34.9149], [-89.9386, 34.9145], [-89.9379, 34.9141], [-89.9378, 34.9141]]]}, "properties": {"zone": "X500"}}, {"type": "Feature", "geometry": {"type": "Polygon", "coordinates": [[[-89.9363, 34.9407], [-89.9359, 34.94], [-89.936, 34.9392], [-89.936, 34.9386], [-89.9356, 34.9383], [-89.9355, 34.9383], [-89.9352, 34.9383], [-89.9347, 34.9382], [-89.9346, 34.9381], [-89.934, 34.9376], [-89.9322, 34.9376], [-89.9323, 34.9373], [-89.932, 34.9374], [-89.9318, 34.9376], [-89.9315, 34.9376], [-89.9309, 34.9375], [-89.9308, 34.9372], [-89.9305, 34.937], [-89.93, 34.9365], [-89.93, 34.9364], [-89.9298, 34.9362], [-89.9298, 34.936], [-89.9296, 34.9358], [-89.9293, 34.9351], [-89.9296, 34.9349], [-89.9296, 34.9347], [-89.9297, 34.9346], [-89.9296, 34.9346], [-89.9289, 34.9337], [-89.9288, 34.9334], [-89.9273, 34.9329], [-89.9271, 34.9327], [-89.9269, 34.9326], [-89.9268, 34.9325], [-89.9267, 34.9325], [-89.9266, 34.9325], [-89.9265, 34.9324], [-89.9264, 34.9324], [-89.9263, 34.9323], [-89.9261, 34.9323], [-89.9258, 34.9321], [-89.9257, 34.9319], [-89.9253, 34.9319], [-89.9253, 34.9318], [-89.9252, 34.9318], [-89.925, 34.9316], [-89.9246, 34.9314], [-89.9244, 34.9313], [-89.9243, 34.9313], [-89.9242, 34.9313], [-89.9241, 34.9313], [-89.9227, 34.9307], [-89.9222, 34.9296], [-89.9221, 34.9291], [-89.9219, 34.9286], [-89.9217, 34.9284], [-89.9215, 34.9284], [-89.9215, 34.9283], [-89.9219, 34.928], [-89.9221, 34.9278], [-89.9225, 34.9272], [-89.9219, 34.9272], [-89.9218, 34.9279], [-89.9216, 34.9282], [-89.9215, 34.9283], [-89.922, 34.9291], [-89.9217, 34.9292], [-89.9223, 34.9298], [-89.9226, 34.9306], [-89.9226, 34.9309], [-89.9233, 34.931], [-89.924, 34.9313], [-89.9243, 34.9313], [-89.9244, 34.9313], [-89.9246, 34.9314], [-89.9247, 34.9315], [-89.925, 34.9317], [-89.9252, 34.9318], [-89.9253, 34.9318], [-89.9255, 34.932], [-89.9257, 34.9319], [-89.9258, 34.9321], [-89.9261, 34.9323], [-89.9263, 34.9323], [-89.9264, 34.9324], [-89.9265, 34.9324], [-89.9266, 34.9325], [-89.9269, 34.9326], [-89.927, 34.9327], [-89.9273, 34.9329], [-89.9283, 34.9332], [-89.9288, 34.9335], [-89.9289, 34.9338], [-89.9293, 34.9342], [-89.9294, 34.9345], [-89.9296, 34.9346], [-89.9296, 34.9348], [-89.9293, 34.9351], [-89.9296, 34.9358], [-89.9298, 34.936], [-89.9298, 34.9362], [-89.9308, 34.9375], [-89.9315, 34.9376], [-89.9317, 34.9376], [-89.932, 34.9375], [-89.9325, 34.9376], [-89.9333, 34.9376], [-89.9338, 34.9377], [-89.934, 34.9376], [-89.9347, 34.9382], [-89.9352, 34.9383], [-89.9356, 34.9383], [-89.9356, 34.9384], [-89.9358, 34.9385], [-89.9358, 34.9388], [-89.9359, 34.9388], [-89.936, 34.9392], [-89.9359, 34.9401], [-89.9363, 34.9407]]]}, "properties": {"zone": "X500"}}, {"type": "Feature", "geometry": {"type": "Polygon", "coordinates": [[[-89.9202, 34.9277], [-89.9202, 34.9286], [-89.9199, 34.9285], [-89.9198, 34.9287], [-89.9205, 34.9297], [-89.9208, 34.9305], [-89.9218, 34.9312], [-89.9223, 34.9313], [-89.9224, 34.9314], [-89.9225, 34.9315], [-89.9225, 34.9316], [-89.9224, 34.9318], [-89.9227, 34.9326], [-89.923, 34.9323], [-89.9225, 34.9319], [-89.9226, 34.9316], [-89.9225, 34.9314], [-89.9224, 34.9314], [-89.9224, 34.9312], [-89.9219, 34.9313], [-89.9208, 34.9303], [-89.9206, 34.9296], [-89.9201, 34.9288], [-89.9198, 34.9287], [-89.9199, 34.9285], [-89.9202, 34.9286], [-89.9202, 34.9284], [-89.9202, 34.9277]]]}, "properties": {"zone": "X500"}}, {"type": "Feature", "geometry": {"type": "Polygon", "coordinates": [[[-89.9264, 34.963], [-89.9258, 34.9627], [-89.9249, 34.9623], [-89.9243, 34.9619], [-89.9237, 34.9617], [-89.924, 34.9607], [-89.9233, 34.9609], [-89.9232, 34.9609], [-89.9231, 34.9609], [-89.9228, 34.9609], [-89.9226, 34.9609], [-89.9225, 34.9609], [-89.9221, 34.9609], [-89.9212, 34.9608], [-89.921, 34.961], [-89.9201, 34.9608], [-89.9198, 34.9606], [-89.9195, 34.9605], [-89.9194, 34.9602], [-89.9192, 34.9599], [-89.9191, 34.9601], [-89.9191, 34.9605], [-89.9188, 34.9605], [-89.9185, 34.9605], [-89.9183, 34.9607], [-89.918, 34.9606], [-89.9178, 34.9607], [-89.9174, 34.9607], [-89.9173, 34.9606], [-89.9173, 34.9607], [-89.9172, 34.9607], [-89.9171, 34.9606], [-89.9171, 34.9604], [-89.917, 34.9604], [-89.917, 34.9605], [-89.9169, 34.9606], [-89.9169, 34.9605], [-89.9167, 34.9605], [-89.9166, 34.9604], [-89.9163, 34.9603], [-89.9161, 34.9601], [-89.9158, 34.96], [-89.9152, 34.9597], [-89.9155, 34.9594], [-89.9156, 34.9592], [-89.9155, 34.9591], [-89.9153, 34.9594], [-89.9149, 34.9596], [-89.9141, 34.9591], [-89.9136, 34.9589], [-89.9131, 34.9586], [-89.9121, 34.9581], [-89.9114, 34.9579], [-89.9101, 34.957], [-89.9098, 34.9569], [-89.9093, 34.9568], [-89.9091, 34.9566], [-89.9089, 34.9566], [-89.9084, 34.9563], [-89.9083, 34.9562], [-89.9077, 34.9559], [-89.9072, 34.9554], [-89.9063, 34.9552], [-89.9058, 34.9548], [-89.9058, 34.9536], [-89.9048, 34.9541], [-89.904, 34.9536], [-89.9036, 34.9531], [-89.9034, 34.9526], [-89.9029, 34.9523], [-89.9014, 34.9518], [-89.9015, 34.9528], [-89.9017, 34.953], [-89.903, 34.9531], [-89.9037, 34.954], [-89.904, 34.9539], [-89.9052, 34.9547], [-89.9063, 34.9552], [-89.9071, 34.9554], [-89.9074, 34.9558], [-89.9089, 34.9566], [-89.9093, 34.9568], [-89.9096, 34.9569], [-89.9099, 34.9571], [-89.9101, 34.9571], [-89.9114, 34.9579], [-89.9131, 34.9587], [-89.9136, 34.9589], [-89.9141, 34.9591], [-89.9149, 34.9596], [-89.9154, 34.9594], [-89.9152, 34.9597], [-89.9157, 34.96], [-89.9161, 34.9601], [-89.9163, 34.9603], [-89.9166, 34.9604], [-89.9167, 34.9605], [-89.9169, 34.9605], [-89.9169, 34.9606], [-89.917, 34.9606], [-89.917, 34.9605], [-89.917, 34.9604], [-89.9171, 34.9604], [-89.9171, 34.9606], [-89.9172, 34.9607], [-89.9181, 34.9606], [-89.9182, 34.9607], [-89.9183, 34.9607], [-89.9185, 34.9605], [-89.9188, 34.9605], [-89.9192, 34.9604], [-89.9198, 34.9606], [-89.9199, 34.9608], [-89.9204, 34.961], [-89.921, 34.961], [-89.9214, 34.9609], [-89.9221, 34.961], [-89.9225, 34.9609], [-89.9226, 34.961], [-89.9227, 34.9609], [-89.923, 34.961], [-89.9231, 34.9609], [-89.9232, 34.9609], [-89.9235, 34.961], [-89.9236, 34.9617], [-89.9242, 34.9618], [-89.9249, 34.9623], [-89.9264, 34.963]]]}, "properties": {"zone": "X500"}}, {"type": "Feature", "geometry": {"type": "Polygon", "coordinates": [[[-89.9479, 34.9814], [-89.9479, 34.9812], [-89.9483, 34.981], [-89.9488, 34.9809], [-89.9489, 34.9806], [-89.9497, 34.9799], [-89.9498, 34.9797], [-89.9502, 34.9788], [-89.9502, 34.9784], [-89.9508, 34.9776], [-89.9506, 34.9776], [-89.9505, 34.9779], [-89.9502, 34.9784], [-89.9502, 34.9788], [-89.95, 34.9789], [-89.9498, 34.9797], [-89.9493, 34.9802], [-89.9486, 34.9808], [-89.9483, 34.9809], [-89.9479, 34.9812], [-89.9479, 34.9814]]]}, "properties": {"zone": "X500"}}, {"type": "Feature", "geometry": {"type": "Polygon", "coordinates": [[[-89.9186, 35.0092], [-89.9188, 35.0097], [-89.9192, 35.01], [-89.9202, 35.01], [-89.9206, 35.0101], [-89.9209, 35.0096], [-89.9189, 35.0093], [-89.9186, 35.0092]]]}, "properties": {"zone": "X500"}}, {"type": "Feature", "geometry": {"type": "Polygon", "coordinates": [[[-89.9177, 35.0108], [-89.9172, 35.0106], [-89.9173, 35.0119], [-89.9177, 35.0117], [-89.9174, 35.0113], [-89.9177, 35.0108]]]}, "properties": {"zone": "X500"}}, {"type": "Feature", "geometry": {"type": "Polygon", "coordinates": [[[-89.9265, 35.0253], [-89.9268, 35.0255], [-89.9278, 35.0257], [-89.9276, 35.0262], [-89.9262, 35.0263], [-89.9259, 35.0265], [-89.9266, 35.0271], [-89.9267, 35.0266], [-89.9263, 35.0263], [-89.9276, 35.0262], [-89.9279, 35.0258], [-89.9279, 35.0256], [-89.9277, 35.0255], [-89.9265, 35.0253]]]}, "properties": {"zone": "X500"}}, {"type": "Feature", "geometry": {"type": "Polygon", "coordinates": [[[-89.9274, 35.0281], [-89.9277, 35.0278], [-89.9278, 35.0273], [-89.9277, 35.027], [-89.9275, 35.0273], [-89.9278, 35.0274], [-89.9274, 35.0281]]]}, "properties": {"zone": "X500"}}, {"type": "Feature", "geometry": {"type": "Polygon", "coordinates": [[[-89.9213, 35.0354], [-89.9204, 35.0365], [-89.9197, 35.0366], [-89.9196, 35.0363], [-89.9202, 35.0352], [-89.9197, 35.0353], [-89.9187, 35.0364], [-89.9187, 35.0367], [-89.9194, 35.0371], [-89.92, 35.0372], [-89.9209, 35.0363], [-89.9213, 35.0354]]]}, "properties": {"zone": "X500"}}, {"type": "Feature", "geometry": {"type": "Polygon", "coordinates": [[[-89.9176, 35.0408], [-89.9181, 35.0411], [-89.9188, 35.0411], [-89.919, 35.0404], [-89.9193, 35.0405], [-89.9199, 35.0423], [-89.9203, 35.0427], [-89.9215, 35.043], [-89.9232, 35.0428], [-89.9233, 35.0423], [-89.9233, 35.039], [-89.9234, 35.0369], [-89.9232, 35.036], [-89.9226, 35.0356], [-89.9225, 35.0352], [-89.9217, 35.0364], [-89.9219, 35.0367], [-89.9228, 35.0368], [-89.9228, 35.0373], [-89.9233, 35.0375], [-89.9233, 35.0393], [-89.9226, 35.0399], [-89.9225, 35.0402], [-89.9227, 35.0415], [-89.9231, 35.0418], [-89.9229, 35.0426], [-89.9221, 35.0427], [-89.9213, 35.0427], [-89.9203, 35.0424], [-89.9199, 35.042], [-89.9194, 35.0404], [-89.9187, 35.0404], [-89.9185, 35.041], [-89.9176, 35.0408]]]}, "properties": {"zone": "X500"}}, {"type": "Feature", "geometry": {"type": "Polygon", "coordinates": [[[-89.9167, 35.0441], [-89.916, 35.0441], [-89.915, 35.0444], [-89.9156, 35.0452], [-89.9163, 35.0447], [-89.9167, 35.0441]]]}, "properties": {"zone": "X500"}}, {"type": "Feature", "geometry": {"type": "Polygon", "coordinates": [[[-89.9168, 35.0456], [-89.9168, 35.0457], [-89.9164, 35.046], [-89.9163, 35.0461], [-89.916, 35.0468], [-89.9167, 35.047], [-89.9163, 35.0464], [-89.9164, 35.046], [-89.9171, 35.0456], [-89.9173, 35.0448], [-89.9168, 35.045], [-89.9168, 35.0456]]]}, "properties": {"zone": "X500"}}, {"type": "Feature", "geometry": {"type": "Polygon", "coordinates": [[[-89.9153, 35.0466], [-89.9148, 35.0472], [-89.915, 35.0476], [-89.9153, 35.0466]]]}, "properties": {"zone": "X500"}}, {"type": "Feature", "geometry": {"type": "Polygon", "coordinates": [[[-89.9092, 35.0504], [-89.9094, 35.0509], [-89.9101, 35.0514], [-89.9106, 35.0514], [-89.9108, 35.0524], [-89.9114, 35.0518], [-89.9115, 35.0507], [-89.911, 35.0493], [-89.9106, 35.0495], [-89.9086, 35.0492], [-89.9092, 35.0504]]]}, "properties": {"zone": "X500"}}, {"type": "Feature", "geometry": {"type": "Polygon", "coordinates": [[[-89.9384, 35.0714], [-89.9383, 35.0706], [-89.9383, 35.0678], [-89.938, 35.0684], [-89.9382, 35.0689], [-89.9382, 35.0712], [-89.9383, 35.0715], [-89.9398, 35.0713], [-89.9404, 35.0706], [-89.9414, 35.0708], [-89.9417, 35.071], [-89.9424, 35.0708], [-89.9423, 35.0703], [-89.9413, 35.0702], [-89.9402, 35.0704], [-89.94, 35.0708], [-89.9395, 35.0707], [-89.9396, 35.0701], [-89.9393, 35.0699], [-89.9385, 35.0713], [-89.9384, 35.0714]]]}, "properties": {"zone": "X500"}}, {"type": "Feature", "geometry": {"type": "Polygon", "coordinates": [[[-89.9351, 35.0667], [-89.9354, 35.0674], [-89.9353, 35.0679], [-89.9354, 35.0682], [-89.9363, 35.0689], [-89.936, 35.0696], [-89.9365, 35.0698], [-89.9366, 35.0705], [-89.9372, 35.0717], [-89.937, 35.0724], [-89.9367, 35.0726], [-89.9359, 35.0723], [-89.9357, 35.0717], [-89.9352, 35.0716], [-89.9348, 35.0722], [-89.9347, 35.0732], [-89.933, 35.0732], [-89.9326, 35.073], [-89.932, 35.073], [-89.932, 35.0733], [-89.9325, 35.0737], [-89.9325, 35.0745], [-89.9332, 35.0745], [-89.9331, 35.075], [-89.9325, 35.0748], [-89.9324, 35.0759], [-89.9332, 35.0757], [-89.9338, 35.0759], [-89.9346, 35.0759], [-89.9349, 35.0763], [-89.9356, 35.0765], [-89.9397, 35.0766], [-89.9401, 35.0765], [-89.9403, 35.0761], [-89.9407, 35.076], [-89.9403, 35.0754], [-89.94, 35.0764], [-89.9396, 35.0766], [-89.9352, 35.0764], [-89.9346, 35.0756], [-89.9348, 35.0745], [-89.9347, 35.0736], [-89.9342, 35.0735], [-89.9332, 35.0744], [-89.9326, 35.0743], [-89.9327, 35.0739], [-89.9324, 35.0733], [-89.9336, 35.0734], [-89.9348, 35.0732], [-89.935, 35.0726], [-89.9359, 35.0726], [-89.9366, 35.0729], [-89.9372, 35.0724], [-89.9372, 35.0721], [-89.9371, 35.0713], [-89.9367, 35.0704], [-89.9367, 35.0696], [-89.9363, 35.0684], [-89.9355, 35.0681], [-89.9354, 35.0675], [-89.9354, 35.0672], [-89.9352, 35.0668], [-89.9351, 35.0667]]]}, "properties": {"zone": "X500"}}, {"type": "Feature", "geometry": {"type": "Polygon", "coordinates": [[[-89.9304, 35.0744], [-89.9311, 35.0752], [-89.9316, 35.0749], [-89.9314, 35.0743], [-89.9311, 35.0741], [-89.9315, 35.0732], [-89.9311, 35.0731], [-89.9309, 35.0727], [-89.9304, 35.0725], [-89.93, 35.0737], [-89.9295, 35.0737], [-89.9291, 35.0728], [-89.9285, 35.0734], [-89.9285, 35.0738], [-89.929, 35.0745], [-89.9295, 35.0745], [-89.9298, 35.0742], [-89.9304, 35.0744]]]}, "properties": {"zone": "X500"}}, {"type": "Feature", "geometry": {"type": "Polygon", "coordinates": [[[-89.9414, 35.0753], [-89.9412, 35.0757], [-89.9416, 35.0767], [-89.9418, 35.0766], [-89.9429, 35.0768], [-89.9448, 35.0768], [-89.9478, 35.0769], [-89.9483, 35.0768], [-89.9499, 35.0767], [-89.9504, 35.0766], [-89.9505, 35.0763], [-89.9501, 35.0761], [-89.9494, 35.0765], [-89.9491, 35.0763], [-89.9486, 35.0756], [-89.9481, 35.0752], [-89.9476, 35.0751], [-89.947, 35.0742], [-89.9464, 35.0726], [-89.9461, 35.0727], [-89.9459, 35.0733], [-89.9452, 35.0735], [-89.9449, 35.0744], [-89.944, 35.0737], [-89.9437, 35.074], [-89.9431, 35.0736], [-89.9421, 35.0733], [-89.9424, 35.074], [-89.9427, 35.0749], [-89.9432, 35.0748], [-89.9433, 35.0759], [-89.9435, 35.0761], [-89.9445, 35.0759], [-89.9445, 35.0749], [-89.9448, 35.0751], [-89.9455, 35.0763], [-89.9445, 35.0763], [-89.9445, 35.0766], [-89.9427, 35.0767], [-89.9432, 35.0763], [-89.9423, 35.0763], [-89.9419, 35.0754], [-89.9414, 35.0753]]]}, "properties": {"zone": "X500"}}, {"type": "Feature", "geometry": {"type": "Polygon", "coordinates": [[[-89.9079, 35.0761], [-89.9089, 35.0762], [-89.9127, 35.0763], [-89.9125, 35.0759], [-89.9115, 35.0758], [-89.9103, 35.0752], [-89.91, 35.0756], [-89.9102, 35.076], [-89.9096, 35.0762], [-89.9079, 35.0761]]]}, "properties": {"zone": "X500"}}, {"type": "Feature", "geometry": {"type": "Polygon", "coordinates": [[[-89.9186, 35.0759], [-89.9199, 35.0761], [-89.921, 35.0759], [-89.9215, 35.0759], [-89.9229, 35.0764], [-89.9247, 35.0765], [-89.9263, 35.0763], [-89.9307, 35.0765], [-89.9307, 35.0764], [-89.9291, 35.076], [-89.9285, 35.0761], [-89.9271, 35.076], [-89.9264, 35.0762], [-89.9253, 35.0764], [-89.9252, 35.0751], [-89.9251, 35.0749], [-89.9238, 35.0748], [-89.9229, 35.075], [-89.9228, 35.076], [-89.9225, 35.0762], [-89.9215, 35.0759], [-89.921, 35.0758], [-89.9198, 35.0759], [-89.9198, 35.0756], [-89.9192, 35.0755], [-89.9186, 35.0759]]]}, "properties": {"zone": "X500"}}, {"type": "Feature", "geometry": {"type": "Polygon", "coordinates": [[[-89.9588, 35.0784], [-89.9582, 35.0785], [-89.9565, 35.0782], [-89.9559, 35.0787], [-89.9581, 35.0787], [-89.9589, 35.0786], [-89.9607, 35.078], [-89.9611, 35.0777], [-89.9602, 35.0769], [-89.9573, 35.0746], [-89.9567, 35.0743], [-89.9558, 35.0747], [-89.9554, 35.0752], [-89.955, 35.0761], [-89.9548, 35.0769], [-89.9551, 35.0771], [-89.9557, 35.0779], [-89.9575, 35.0782], [-89.9583, 35.0779], [-89.9597, 35.078], [-89.9603, 35.0775], [-89.9608, 35.0777], [-89.9606, 35.078], [-89.9588, 35.0784]], [[-89.9593, 35.0769], [-89.9589, 35.077], [-89.9583, 35.0768], [-89.9575, 35.0759], [-89.958, 35.0756], [-89.9584, 35.076], [-89.9596, 35.0766], [-89.9593, 35.0769]]]}, "properties": {"zone": "X500"}}, {"type": "Feature", "geometry": {"type": "Polygon", "coordinates": [[[-89.9529, 35.0765], [-89.9535, 35.0761], [-89.9532, 35.0758], [-89.9527, 35.0759], [-89.9519, 35.0766], [-89.9524, 35.0769], [-89.9529, 35.0765]]]}, "properties": {"zone": "X500"}}, {"type": "Feature", "geometry": {"type": "Polygon", "coordinates": [[[-89.9326, 35.0766], [-89.9374, 35.0769], [-89.9391, 35.0769], [-89.9398, 35.0771], [-89.94, 35.0773], [-89.9405, 35.0775], [-89.9403, 35.077], [-89.939, 35.0769], [-89.9355, 35.0767], [-89.9326, 35.0766]]]}, "properties": {"zone": "X500"}}, {"type": "Feature", "geometry": {"type": "Polygon", "coordinates": [[[-89.909, 35.0776], [-89.9075, 35.0774], [-89.9076, 35.0777], [-89.9082, 35.0777], [-89.909, 35.0776]]]}, "properties": {"zone": "X500"}}, {"type": "Feature", "geometry": {"type": "Polygon", "coordinates": [[[-89.9319, 35.0788], [-89.9318, 35.0789], [-89.9321, 35.0794], [-89.9326, 35.0799], [-89.933, 35.08], [-89.9343, 35.0802], [-89.935, 35.0804], [-89.9365, 35.0805], [-89.9347, 35.0803], [-89.933, 35.0799], [-89.9326, 35.0798], [-89.9323, 35.0796], [-89.9318, 35.0789], [-89.9319, 35.0788]]]}, "properties": {"zone": "X500"}}, {"type": "Feature", "geometry": {"type": "Polygon", "coordinates": [[[-89.9584, 35.0798], [-89.9566, 35.0804], [-89.9566, 35.0809], [-89.9573, 35.0813], [-89.958, 35.0813], [-89.958, 35.0808], [-89.9571, 35.0808], [-89.9584, 35.0798]]]}, "properties": {"zone": "X500"}}, {"type": "Feature", "geometry": {"type": "Polygon", "coordinates": [[[-89.9561, 35.0814], [-89.9565, 35.0813], [-89.9553, 35.0804], [-89.9546, 35.0804], [-89.9537, 35.0809], [-89.9537, 35.0812], [-89.9549, 35.0815], [-89.9561, 35.0814]]]}, "properties": {"zone": "X500"}}, {"type": "Feature", "geometry": {"type": "Polygon", "coordinates": [[[-89.9461, 35.0849], [-89.9466, 35.0852], [-89.9467, 35.0847], [-89.9485, 35.085], [-89.9484, 35.0853], [-89.9518, 35.0854], [-89.9518, 35.0851], [-89.9527, 35.0842], [-89.9526, 35.0836], [-89.953, 35.0834], [-89.9536, 35.0834], [-89.9534, 35.083], [-89.9528, 35.0828], [-89.9509, 35.0829], [-89.9492, 35.0828], [-89.9473, 35.0825], [-89.9452, 35.0822], [-89.945, 35.0818], [-89.9401, 35.0811], [-89.9403, 35.0814], [-89.9413, 35.0817], [-89.9469, 35.0825], [-89.9502, 35.0829], [-89.9526, 35.0828], [-89.9534, 35.0831], [-89.9525, 35.0834], [-89.952, 35.0834], [-89.9514, 35.0837], [-89.9508, 35.0837], [-89.9509, 35.0845], [-89.9505, 35.0846], [-89.9505, 35.0832], [-89.9503, 35.0831], [-89.9492, 35.083], [-89.9474, 35.0828], [-89.9467, 35.0829], [-89.9466, 35.0846], [-89.9461, 35.0849]]]}, "properties": {"zone": "X500"}}, {"type": "Feature", "geometry": {"type": "Polygon", "coordinates": [[[-89.9547, 35.0818], [-89.954, 35.0817], [-89.9528, 35.0812], [-89.9506, 35.0819], [-89.9494, 35.0822], [-89.9477, 35.0823], [-89.95, 35.0827], [-89.9519, 35.0826], [-89.9531, 35.0824], [-89.9544, 35.0821], [-89.9547, 35.0818]]]}, "properties": {"zone": "X500"}}, {"type": "Feature", "geometry": {"type": "Polygon", "coordinates": [[[-89.9375, 35.0823], [-89.9388, 35.0825], [-89.9395, 35.0822], [-89.9394, 35.0816], [-89.9386, 35.0815], [-89.9375, 35.0819], [-89.9375, 35.0823]]]}, "properties": {"zone": "X500"}}, {"type": "Feature", "geometry": {"type": "Polygon", "coordinates": [[[-89.9564, 35.0822], [-89.9555, 35.0822], [-89.9543, 35.0829], [-89.9557, 35.0832], [-89.9559, 35.0831], [-89.9557, 35.0823], [-89.9564, 35.0822]]]}, "properties": {"zone": "X500"}}, {"type": "Feature", "geometry": {"type": "Polygon", "coordinates": [[[-89.9229, 35.0785], [-89.9199, 35.0781], [-89.9193, 35.0779], [-89.9187, 35.0783], [-89.9162, 35.0782], [-89.9132, 35.0781], [-89.9142, 35.0784], [-89.9153, 35.0784], [-89.916, 35.0786], [-89.9178, 35.0787], [-89.9186, 35.0789], [-89.9188, 35.0794], [-89.9194, 35.0796], [-89.9199, 35.0802], [-89.9207, 35.0803], [-89.9208, 35.081], [-89.9212, 35.0815], [-89.923, 35.0819], [-89.9239, 35.0814], [-89.9243, 35.081], [-89.9248, 35.0811], [-89.9251, 35.0816], [-89.9249, 35.082], [-89.9245, 35.0824], [-89.9249, 35.0831], [-89.9259, 35.0835], [-89.9268, 35.0835], [-89.928, 35.0837], [-89.9288, 35.0832], [-89.9294, 35.0832], [-89.9299, 35.0836], [-89.9299, 35.085], [-89.9293, 35.0857], [-89.9283, 35.086], [-89.9284, 35.0863], [-89.9288, 35.0865], [-89.9296, 35.0859], [-89.9296, 35.0864], [-89.9285, 35.0869], [-89.9278, 35.0877], [-89.9282, 35.088], [-89.9291, 35.0872], [-89.9301, 35.0867], [-89.9312, 35.0868], [-89.9316, 35.087], [-89.9315, 35.0876], [-89.9311, 35.0886], [-89.931, 35.0891], [-89.9311, 35.0909], [-89.9312, 35.0912], [-89.9315, 35.0912], [-89.9316, 35.091], [-89.9317, 35.0892], [-89.9321, 35.0885], [-89.9352, 35.0865], [-89.9355, 35.086], [-89.936, 35.086], [-89.9361, 35.0867], [-89.9364, 35.0867], [-89.937, 35.086], [-89.938, 35.0858], [-89.939, 35.0853], [-89.939, 35.0848], [-89.9395, 35.0848], [-89.94, 35.0838], [-89.9406, 35.0833], [-89.9408, 35.0829], [-89.9412, 35.0828], [-89.9423, 35.0835], [-89.9435, 35.0841], [-89.943, 35.0846], [-89.9429, 35.0851], [-89.9432, 35.0853], [-89.9439, 35.0847], [-89.9441, 35.084], [-89.943, 35.0836], [-89.9416, 35.0828], [-89.9411, 35.0827], [-89.9404, 35.0829], [-89.9397, 35.0836], [-89.9376, 35.0836], [-89.9374, 35.084], [-89.9366, 35.084], [-89.9363, 35.0846], [-89.9377, 35.0846], [-89.9381, 35.0845], [-89.938, 35.084], [-89.939, 35.0839], [-89.9391, 35.0843], [-89.9385, 35.0848], [-89.9388, 35.0852], [-89.9381, 35.0857], [-89.9371, 35.0857], [-89.9367, 35.086], [-89.9357, 35.0857], [-89.9352, 35.0863], [-89.934, 35.0868], [-89.933, 35.0877], [-89.9317, 35.0885], [-89.9315, 35.0893], [-89.9315, 35.0911], [-89.9312, 35.0912], [-89.9312, 35.0892], [-89.9314, 35.0881], [-89.9327, 35.0865], [-89.9327, 35.0861], [-89.9332, 35.0857], [-89.9329, 35.085], [-89.933, 35.0844], [-89.9334, 35.0843], [-89.9338, 35.0848], [-89.9348, 35.0838], [-89.9352, 35.0832], [-89.9353, 35.0825], [-89.9355, 35.082], [-89.9365, 35.0816], [-89.9369, 35.0812], [-89.935, 35.081], [-89.934, 35.0808], [-89.9333, 35.0811], [-89.9333, 35.0822], [-89.9323, 35.0826], [-89.9325, 35.0829], [-89.9333, 35.0832], [-89.933, 35.084], [-89.9318, 35.0842], [-89.9315, 35.0838], [-89.9315, 35.0833], [-89.9314, 35.0826], [-89.931, 35.0817], [-89.9297, 35.0813], [-89.9288, 35.0803], [-89.9277, 35.0797], [-89.9239, 35.0791], [-89.9198, 35.0785], [-89.9196, 35.0781], [-89.9229, 35.0785]], [[-89.9288, 35.0809], [-89.9286, 35.0813], [-89.9281, 35.081], [-89.9276, 35.0804], [-89.9283, 35.0804], [-89.9288, 35.0809]], [[-89.9352, 35.0824], [-89.9338, 35.0826], [-89.9336, 35.0825], [-89.9337, 35.0815], [-89.9342, 35.0812], [-89.9353, 35.0815], [-89.9352, 35.0824]], [[-89.9276, 35.0835], [-89.9269, 35.0833], [-89.9258, 35.0831], [-89.9251, 35.0825], [-89.9254, 35.0818], [-89.9251, 35.0808], [-89.9245, 35.0806], [-89.9234, 35.0814], [-89.923, 35.0816], [-89.9222, 35.0814], [-89.9222, 35.081], [-89.9215, 35.0809], [-89.9211, 35.0805], [-89.9211, 35.0795], [-89.9205, 35.0789], [-89.9174, 35.0783], [-89.92, 35.0786], [-89.9228, 35.079], [-89.9269, 35.0796], [-89.9278, 35.0798], [-89.9279, 35.08], [-89.9257, 35.0796], [-89.9253, 35.0798], [-89.9254, 35.0804], [-89.9267, 35.0805], [-89.9272, 35.0809], [-89.9272, 35.0824], [-89.9278, 35.0827], [-89.9283, 35.0824], [-89.929, 35.0824], [-89.9291, 35.0829], [-89.9282, 35.083], [-89.928, 35.0835], [-89.9276, 35.0835]]]}, "properties": {"zone": "X500"}}, {"type": "Feature", "geometry": {"type": "Polygon", "coordinates": [[[-89.9091, 35.1657], [-89.9094, 35.1658], [-89.9108, 35.1659], [-89.9112, 35.166], [-89.9114, 35.1668], [-89.912, 35.1669], [-89.9127, 35.1671], [-89.9132, 35.1674], [-89.9133, 35.1677], [-89.9134, 35.169], [-89.9133, 35.1694], [-89.9128, 35.1705], [-89.9122, 35.1713], [-89.9126, 35.1712], [-89.9131, 35.17], [-89.9134, 35.1691], [-89.9134, 35.1688], [-89.9133, 35.1676], [-89.9132, 35.1672], [-89.9124, 35.1669], [-89.9117, 35.1667], [-89.9115, 35.1665], [-89.9113, 35.166], [-89.9108, 35.1658], [-89.9091, 35.1657]]]}, "properties": {"zone": "X500"}}, {"type": "Feature", "geometry": {"type": "Polygon", "coordinates": [[[-89.914, 35.1765], [-89.9138, 35.1765], [-89.9137, 35.1777], [-89.9148, 35.1775], [-89.915, 35.1772], [-89.914, 35.1765]]]}, "properties": {"zone": "X500"}}, {"type": "Feature", "geometry": {"type": "Polygon", "coordinates": [[[-89.9149, 35.1807], [-89.9146, 35.1806], [-89.9144, 35.1813], [-89.915, 35.181], [-89.9149, 35.1807]]]}, "properties": {"zone": "X500"}}, {"type": "Feature", "geometry": {"type": "Polygon", "coordinates": [[[-89.9195, 35.1856], [-89.9192, 35.1844], [-89.919, 35.1852], [-89.9195, 35.1856]]]}, "properties": {"zone": "X500"}}, {"type": "Feature", "geometry": {"type": "Polygon", "coordinates": [[[-89.9174, 35.1884], [-89.9187, 35.1904], [-89.9192, 35.1908], [-89.9174, 35.1884]]]}, "properties": {"zone": "X500"}}, {"type": "Feature", "geometry": {"type": "Polygon", "coordinates": [[[-89.9218, 35.189], [-89.9215, 35.1898], [-89.9222, 35.1902], [-89.9218, 35.1895], [-89.9218, 35.189]]]}, "properties": {"zone": "X500"}}, {"type": "Feature", "geometry": {"type": "Polygon", "coordinates": [[[-89.9235, 35.1948], [-89.9236, 35.195], [-89.9231, 35.1957], [-89.9237, 35.1958], [-89.9239, 35.195], [-89.9235, 35.1948]]]}, "properties": {"zone": "X500"}}, {"type": "Feature", "geometry": {"type": "Polygon", "coordinates": [[[-89.9237, 35.1968], [-89.924, 35.1969], [-89.9238, 35.1974], [-89.9239, 35.1982], [-89.9241, 35.1982], [-89.9248, 35.1975], [-89.9249, 35.1965], [-89.9237, 35.1968]]]}, "properties": {"zone": "X500"}}, {"type": "Feature", "geometry": {"type": "Polygon", "coordinates": [[[-89.9094, 35.1932], [-89.909, 35.1941], [-89.91, 35.1936], [-89.9103, 35.1939], [-89.9116, 35.1952], [-89.9116, 35.1956], [-89.9118, 35.1959], [-89.9129, 35.197], [-89.9132, 35.1981], [-89.9136, 35.1987], [-89.9142, 35.199], [-89.9148, 35.1991], [-89.9158, 35.1996], [-89.9159, 35.1994], [-89.9154, 35.1989], [-89.9144, 35.1985], [-89.9139, 35.1987], [-89.9133, 35.198], [-89.913, 35.197], [-89.9126, 35.1964], [-89.9118, 35.1958], [-89.9116, 35.1955], [-89.912, 35.195], [-89.9117, 35.1946], [-89.9098, 35.1933], [-89.9094, 35.1932]]]}, "properties": {"zone": "X500"}}, {"type": "Feature", "geometry": {"type": "Polygon", "coordinates": [[[-89.9378, 35.1986], [-89.9369, 35.1982], [-89.9373, 35.1988], [-89.937, 35.1993], [-89.9352, 35.2003], [-89.934, 35.201], [-89.9334, 35.2009], [-89.9331, 35.2014], [-89.934, 35.2017], [-89.9344, 35.2009], [-89.937, 35.1993], [-89.9374, 35.199], [-89.9372, 35.1984], [-89.9378, 35.1986]]]}, "properties": {"zone": "X500"}}, {"type": "Feature", "geometry": {"type": "Polygon", "coordinates": [[[-89.931, 35.2022], [-89.9315, 35.2025], [-89.9316, 35.2028], [-89.9316, 35.2034], [-89.9315, 35.2042], [-89.9316, 35.2043], [-89.932, 35.2043], [-89.9325, 35.2039], [-89.9327, 35.2032], [-89.9328, 35.2025], [-89.9325, 35.2027], [-89.9325, 35.2036], [-89.932, 35.2042], [-89.9316, 35.2043], [-89.9318, 35.2037], [-89.9318, 35.2028], [-89.9314, 35.2022], [-89.931, 35.2022]]]}, "properties": {"zone": "X500"}}, {"type": "Feature", "geometry": {"type": "Polygon", "coordinates": [[[-89.9525, 35.2548], [-89.9518, 35.2548], [-89.9511, 35.2546], [-89.9507, 35.2542], [-89.9502, 35.2534], [-89.9496, 35.2531], [-89.9491, 35.2532], [-89.9485, 35.2527], [-89.9487, 35.2513], [-89.9479, 35.2516], [-89.9478, 35.2511], [-89.9477, 35.2505], [-89.9476, 35.2503], [-89.9471, 35.2499], [-89.947, 35.2494], [-89.9464, 35.2498], [-89.9461, 35.2498], [-89.9462, 35.2489], [-89.9469, 35.2486], [-89.9471, 35.2483], [-89.947, 35.2477], [-89.9472, 35.2475], [-89.9482, 35.2474], [-89.9478, 35.247], [-89.947, 35.2466], [-89.9467, 35.2459], [-89.9466, 35.2453], [-89.9471, 35.2449], [-89.9471, 35.2443], [-89.9476, 35.2432], [-89.9485, 35.2423], [-89.949, 35.2413], [-89.949, 35.2408], [-89.9503, 35.2404], [-89.9507, 35.2389], [-89.9512, 35.2382], [-89.9511, 35.2379], [-89.9502, 35.2385], [-89.9495, 35.2385], [-89.9495, 35.2388], [-89.9489, 35.2393], [-89.9482, 35.2394], [-89.9477, 35.2397], [-89.9466, 35.239], [-89.9463, 35.2385], [-89.9465, 35.2375], [-89.9469, 35.2373], [-89.9467, 35.2366], [-89.9468, 35.2357], [-89.9458, 35.236], [-89.9458, 35.2365], [-89.9453, 35.2365], [-89.9447, 35.2362], [-89.9448, 35.2374], [-89.9446, 35.2379], [-89.9449, 35.2391], [-89.9456, 35.2401], [-89.9463, 35.2404], [-89.9461, 35.2412], [-89.9465, 35.2416], [-89.9462, 35.2428], [-89.9453, 35.2432], [-89.9458, 35.2437], [-89.9445, 35.2445], [-89.9437, 35.2448], [-89.9431, 35.2439], [-89.9421, 35.2429], [-89.9413, 35.2426], [-89.9409, 35.2433], [-89.9415, 35.2438], [-89.941, 35.2445], [-89.9418, 35.2446], [-89.9419, 35.245], [-89.9417, 35.2457], [-89.9423, 35.2457], [-89.9429, 35.247], [-89.9429, 35.2476], [-89.943, 35.2484], [-89.9426, 35.2486], [-89.9422, 35.2494], [-89.942, 35.2502], [-89.9427, 35.2499], [-89.9425, 35.2505], [-89.9425, 35.2513], [-89.943, 35.2514], [-89.9438, 35.2522], [-89.9425, 35.2525], [-89.942, 35.2525], [-89.9415, 35.2523], [-89.9406, 35.2517], [-89.9396, 35.2518], [-89.9392, 35.2521], [-89.9395, 35.2525], [-89.9409, 35.2534], [-89.9417, 35.2539], [-89.9421, 35.2543], [-89.9429, 35.2541], [-89.9433, 35.2546], [-89.9426, 35.2555], [-89.9419, 35.2559], [-89.9412, 35.2562], [-89.9409, 35.2563], [-89.9407, 35.2565], [-89.9404, 35.2568], [-89.9399, 35.257], [-89.9389, 35.2571], [-89.9376, 35.2573], [-89.9356, 35.257], [-89.9354, 35.2568], [-89.9354, 35.2563], [-89.9347, 35.2559], [-89.9346, 35.2552], [-89.9342, 35.2554], [-89.934, 35.256], [-89.9345, 35.2568], [-89.9347, 35.2573], [-89.9351, 35.2576], [-89.9355, 35.2578], [-89.9354, 35.258], [-89.936, 35.2582], [-89.9361, 35.2586], [-89.937, 35.2588], [-89.9372, 35.2584], [-89.9355, 35.258], [-89.9355, 35.2577], [-89.935, 35.2574], [-89.9348, 35.2572], [-89.9347, 35.2568], [-89.9342, 35.2562], [-89.9347, 35.2558], [-89.9349, 35.2561], [-89.9354, 35.2565], [-89.9353, 35.2568], [-89.9356, 35.257], [-89.9377, 35.2574], [-89.9389, 35.2571], [-89.94, 35.257], [-89.9404, 35.2569], [-89.9408, 35.2564], [-89.9421, 35.2558], [-89.9426, 35.2555], [-89.943, 35.2552], [-89.9435, 35.2548], [-89.9437, 35.2544], [-89.9432, 35.254], [-89.9426, 35.2539], [-89.9421, 35.254], [-89.942, 35.2537], [-89.941, 35.2532], [-89.9404, 35.2527], [-89.9404, 35.2524], [-89.9399, 35.2518], [-89.9408, 35.2518], [-89.9415, 35.2523], [-89.942, 35.2526], [-89.9426, 35.2527], [-89.9436, 35.2526], [-89.9442, 35.253], [-89.9449, 35.2529], [-89.9451, 35.2523], [-89.9449, 35.252], [-89.9442, 35.2516], [-89.9434, 35.2515], [-89.9431, 35.2508], [-89.9435, 35.2507], [-89.9436, 35.25], [-89.9432, 35.2491], [-89.9441, 35.2475], [-89.9445, 35.2471], [-89.9449, 35.2463], [-89.9454, 35.2457], [-89.9465, 35.2467], [-89.9473, 35.2469], [-89.9476, 35.2473], [-89.9467, 35.2476], [-89.9469, 35.2484], [-89.9463, 35.2486], [-89.9461, 35.2489], [-89.9461, 35.2498], [-89.9462, 35.2499], [-89.9467, 35.2497], [-89.9474, 35.2502], [-89.9476, 35.2505], [-89.9478, 35.2511], [-89.9475, 35.2514], [-89.9479, 35.2516], [-89.9486, 35.2514], [-89.9485, 35.2529], [-89.949, 35.2533], [-89.9496, 35.2532], [-89.9501, 35.2534], [-89.9508, 35.2544], [-89.951, 35.2546], [-89.9517, 35.2549], [-89.9525, 35.2548]]]}, "properties": {"zone": "X500"}}, {"type": "Feature", "geometry": {"type": "Polygon", "coordinates": [[[-89.9183, 35.2549], [-89.9192, 35.2549], [-89.9195, 35.2546], [-89.9196, 35.2544], [-89.9196, 35.2535], [-89.9199, 35.2531], [-89.9197, 35.2524], [-89.9206, 35.2517], [-89.9209, 35.2511], [-89.9202, 35.2503], [-89.9201, 35.25], [-89.9196, 35.2494], [-89.9197, 35.2488], [-89.9193, 35.2486], [-89.9189, 35.248], [-89.9184, 35.2486], [-89.9179, 35.2485], [-89.9172, 35.2487], [-89.9171, 35.2477], [-89.9163, 35.248], [-89.9166, 35.2488], [-89.9179, 35.2492], [-89.9178, 35.2496], [-89.9186, 35.25], [-89.9181, 35.2506], [-89.9182, 35.252], [-89.9192, 35.2524], [-89.9196, 35.2531], [-89.9193, 35.2542], [-89.9196, 35.2544], [-89.9195, 35.2546], [-89.9191, 35.2549], [-89.9183, 35.2549]]]}, "properties": {"zone": "X500"}}, {"type": "Feature", "geometry": {"type": "Polygon", "coordinates": [[[-89.925, 35.2577], [-89.9247, 35.2584], [-89.9247, 35.2595], [-89.9245, 35.26], [-89.9247, 35.2603], [-89.9261, 35.261], [-89.9249, 35.2596], [-89.9247, 35.259], [-89.925, 35.2577]]]}, "properties": {"zone": "X500"}}, {"type": "Feature", "geometry": {"type": "Polygon", "coordinates": [[[-89.9311, 35.2601], [-89.9305, 35.26], [-89.9304, 35.2598], [-89.9304, 35.2593], [-89.9301, 35.2582], [-89.9299, 35.2584], [-89.9301, 35.2586], [-89.9303, 35.2593], [-89.9303, 35.2598], [-89.9304, 35.26], [-89.9306, 35.2601], [-89.9311, 35.2601]]]}, "properties": {"zone": "X500"}}, {"type": "Feature", "geometry": {"type": "Polygon", "coordinates": [[[-89.9004, 35.2657], [-89.9008, 35.2656], [-89.9013, 35.266], [-89.9014, 35.2665], [-89.9021, 35.2667], [-89.9027, 35.2666], [-89.9034, 35.2665], [-89.9036, 35.2663], [-89.9037, 35.2657], [-89.9035, 35.2651], [-89.9041, 35.2649], [-89.9048, 35.2644], [-89.9053, 35.2642], [-89.9057, 35.2636], [-89.9062, 35.2644], [-89.9073, 35.2641], [-89.9078, 35.2638], [-89.908, 35.2642], [-89.9091, 35.2647], [-89.91, 35.2646], [-89.9117, 35.2651], [-89.913, 35.2652], [-89.9132, 35.2649], [-89.913, 35.2639], [-89.9132, 35.264], [-89.9134, 35.2645], [-89.914, 35.2644], [-89.9146, 35.2641], [-89.9163, 35.2637], [-89.9168, 35.2633], [-89.9177, 35.2629], [-89.919, 35.2627], [-89.9204, 35.2623], [-89.9209, 35.2619], [-89.9212, 35.2609], [-89.9217, 35.2604], [-89.9215, 35.2598], [-89.9207, 35.2593], [-89.9203, 35.2595], [-89.92, 35.2587], [-89.9202, 35.2584], [-89.9214, 35.2582], [-89.9213, 35.2579], [-89.9209, 35.2577], [-89.9208, 35.2573], [-89.9212, 35.257], [-89.9203, 35.2562], [-89.92, 35.2564], [-89.9211, 35.2571], [-89.9208, 35.2572], [-89.9208, 35.2575], [-89.9211, 35.2579], [-89.9206, 35.258], [-89.9198, 35.2574], [-89.9196, 35.2579], [-89.9199, 35.2584], [-89.9197, 35.2587], [-89.9186, 35.2593], [-89.9196, 35.2593], [-89.9196, 35.2599], [-89.9207, 35.2595], [-89.9212, 35.2598], [-89.9213, 35.2603], [-89.9207, 35.2609], [-89.9208, 35.2617], [-89.9202, 35.2623], [-89.919, 35.2626], [-89.9175, 35.2628], [-89.9161, 35.2636], [-89.9157, 35.2638], [-89.9144, 35.2639], [-89.9137, 35.2644], [-89.9132, 35.2639], [-89.9128, 35.2635], [-89.9131, 35.2643], [-89.9131, 35.2649], [-89.9127, 35.2651], [-89.9117, 35.265], [-89.9107, 35.2647], [-89.91, 35.2643], [-89.909, 35.2644], [-89.9084, 35.2642], [-89.9081, 35.2637], [-89.907, 35.2637], [-89.9067, 35.2639], [-89.9057, 35.2635], [-89.9052, 35.2641], [-89.9047, 35.2637], [-89.9044, 35.2641], [-89.9037, 35.2646], [-89.9031, 35.2648], [-89.9036, 35.2658], [-89.9035, 35.2663], [-89.9025, 35.2666], [-89.9016, 35.2665], [-89.9014, 35.266], [-89.9006, 35.2652], [-89.9004, 35.2657]]]}, "properties": {"zone": "X500"}}, {"type": "Feature", "geometry": {"type": "Polygon", "coordinates": [[[-89.9295, 35.2695], [-89.9292, 35.2709], [-89.9292, 35.2714], [-89.9293, 35.2716], [-89.9298, 35.2717], [-89.9325, 35.2719], [-89.9326, 35.2718], [-89.9297, 35.2717], [-89.9292, 35.2714], [-89.9295, 35.2695]]]}, "properties": {"zone": "X500"}}, {"type": "Feature", "geometry": {"type": "Polygon", "coordinates": [[[-89.9412, 35.271], [-89.9403, 35.2712], [-89.9399, 35.2716], [-89.9401, 35.272], [-89.9409, 35.2721], [-89.9421, 35.2716], [-89.9433, 35.2714], [-89.9437, 35.2707], [-89.9435, 35.2703], [-89.9427, 35.2707], [-89.9412, 35.271]], [[-89.9414, 35.2717], [-89.9407, 35.2717], [-89.941, 35.2712], [-89.9422, 35.271], [-89.9433, 35.2706], [-89.943, 35.2713], [-89.9421, 35.2714], [-89.9414, 35.2717]]]}, "properties": {"zone": "X500"}}, {"type": "Feature", "geometry": {"type": "Polygon", "coordinates": [[[-89.8485, 35.2825], [-89.8472, 35.2838], [-89.8445, 35.2865], [-89.844, 35.2871], [-89.8424, 35.2888], [-89.8431, 35.2888], [-89.8436, 35.2882], [-89.8438, 35.2878], [-89.8444, 35.2875], [-89.8448, 35.2877], [-89.8453, 35.2869], [-89.8458, 35.2864], [-89.8463, 35.2862], [-89.847, 35.2866], [-89.8475, 35.287], [-89.8485, 35.2872], [-89.8488, 35.2875], [-89.8498, 35.2876], [-89.8521, 35.288], [-89.8533, 35.2878], [-89.8547, 35.2869], [-89.8543, 35.2866], [-89.8542, 35.2863], [-89.8544, 35.2856], [-89.855, 35.2847], [-89.8554, 35.2846], [-89.8571, 35.2845], [-89.8575, 35.2848], [-89.8576, 35.2852], [-89.8572, 35.2864], [-89.8563, 35.2879], [-89.8563, 35.2882], [-89.8567, 35.2881], [-89.8573, 35.2882], [-89.8584, 35.2881], [-89.8602, 35.2875], [-89.8605, 35.2879], [-89.8603, 35.2888], [-89.8596, 35.2895], [-89.8599, 35.2898], [-89.8599, 35.2904], [-89.8608, 35.2901], [-89.8612, 35.2898], [-89.8628, 35.2891], [-89.8626, 35.2888], [-89.8634, 35.2882], [-89.864, 35.2884], [-89.8644, 35.2877], [-89.8654, 35.2874], [-89.8663, 35.2877], [-89.8671, 35.2878], [-89.8679, 35.2884], [-89.8686, 35.2885], [-89.8699, 35.2882], [-89.8705, 35.2882], [-89.871, 35.2876], [-89.8716, 35.2876], [-89.8728, 35.2872], [-89.8735, 35.2875], [-89.8747, 35.2875], [-89.8756, 35.2881], [-89.8763, 35.2879], [-89.8767, 35.287], [-89.877, 35.2874], [-89.8774, 35.2873], [-89.8778, 35.2863], [-89.8782, 35.2862], [-89.8786, 35.2865], [-89.8793, 35.2864], [-89.88, 35.2858], [-89.8804, 35.286], [-89.8803, 35.2872], [-89.8803, 35.2875], [-89.8797, 35.2883], [-89.8803, 35.2888], [-89.8801, 35.2893], [-89.8807, 35.2902], [-89.8809, 35.2898], [-89.8814, 35.29], [-89.8817, 35.2896], [-89.8809, 35.2896], [-89.8806, 35.289], [-89.8806, 35.2884], [-89.8811, 35.2883], [-89.8812, 35.2886], [-89.882, 35.2888], [-89.8822, 35.2877], [-89.8827, 35.2878], [-89.8827, 35.2885], [-89.8828, 35.29], [-89.8829, 35.2908], [-89.8835, 35.2907], [-89.8843, 35.2902], [-89.8849, 35.2903], [-89.8848, 35.2898], [-89.8857, 35.2891], [-89.8867, 35.2889], [-89.8873, 35.2886], [-89.8886, 35.2891], [-89.889, 35.2888], [-89.8885, 35.2885], [-89.8884, 35.288], [-89.8885, 35.2871], [-89.8887, 35.2866], [-89.8892, 35.2864], [-89.8902, 35.2867], [-89.891, 35.2864], [-89.8916, 35.2851], [-89.8927, 35.2848], [-89.8939, 35.2851], [-89.8942, 35.2846], [-89.8948, 35.2846], [-89.8968, 35.2842], [-89.8979, 35.2838], [-89.8984, 35.2838], [-89.8992, 35.2842], [-89.901, 35.2837], [-89.9021, 35.2835], [-89.9033, 35.2829], [-89.9037, 35.2829], [-89.9049, 35.2838], [-89.9049, 35.2842], [-89.9045, 35.2847], [-89.9049, 35.2849], [-89.9055, 35.2847], [-89.9054, 35.2842], [-89.906, 35.2841], [-89.9059, 35.2837], [-89.9063, 35.2832], [-89.9057, 35.2831], [-89.9054, 35.2828], [-89.9063, 35.282], [-89.9074, 35.2817], [-89.9085, 35.2815], [-89.9095, 35.2809], [-89.9098, 35.2806], [-89.9103, 35.2806], [-89.911, 35.2808], [-89.9114, 35.2811], [-89.9114, 35.2818], [-89.911, 35.2823], [-89.91, 35.2821], [-89.9096, 35.2822], [-89.9095, 35.2826], [-89.9084, 35.2832], [-89.9081, 35.2838], [-89.908, 35.2842], [-89.9083, 35.2849], [-89.9082, 35.2855], [-89.9083, 35.286], [-89.9078, 35.2861], [-89.9076, 35.2866], [-89.9083, 35.2865], [-89.9087, 35.2861], [-89.909, 35.2863], [-89.91, 35.2861], [-89.9109, 35.2858], [-89.9109, 35.2852], [-89.91, 35.285], [-89.9106, 35.2843], [-89.9118, 35.2837], [-89.9126, 35.2832], [-89.9128, 35.2834], [-89.9125, 35.2852], [-89.9129, 35.2849], [-89.9136, 35.2849], [-89.9138, 35.2853], [-89.9144, 35.2851], [-89.9146, 35.2841], [-89.9149, 35.2828], [-89.9152, 35.2827], [-89.9147, 35.282], [-89.9145, 35.2826], [-89.9136, 35.2823], [-89.9135, 35.2817], [-89.9141, 35.2814], [-89.9156, 35.2816], [-89.9157, 35.2818], [-89.9165, 35.2818], [-89.9168, 35.2812], [-89.9165, 35.2807], [-89.9164, 35.28], [-89.9166, 35.2799], [-89.9174, 35.2804], [-89.9177, 35.2808], [-89.9175, 35.2815], [-89.9178, 35.2823], [-89.9182, 35.2822], [-89.9197, 35.2825], [-89.9204, 35.2829], [-89.9209, 35.283], [-89.9206, 35.2834], [-89.9205, 35.2839], [-89.9223, 35.2839], [-89.9232, 35.2836], [-89.9238, 35.2828], [-89.9244, 35.2826], [-89.9249, 35.2819], [-89.9259, 35.2813], [-89.9263, 35.2809], [-89.9266, 35.2805], [-89.9268, 35.28], [-89.9266, 35.2793], [-89.927, 35.2785], [-89.9277, 35.278], [-89.9283, 35.2757], [-89.9287, 35.2739], [-89.929, 35.2739], [-89.929, 35.2748], [-89.9304, 35.2743], [-89.9306, 35.2741], [-89.9317, 35.2734], [-89.9323, 35.2735], [-89.9327, 35.274], [-89.9332, 35.2727], [-89.9334, 35.2725], [-89.934, 35.2727], [-89.9345, 35.2732], [-89.9348, 35.2729], [-89.9357, 35.2729], [-89.9363, 35.2732], [-89.9371, 35.2729], [-89.9378, 35.2729], [-89.9382, 35.2733], [-89.9383, 35.2737], [-89.9373, 35.2738], [-89.9365, 35.2738], [-89.9364, 35.2741], [-89.9375, 35.2747], [-89.9371, 35.2762], [-89.9364, 35.2771], [-89.9369, 35.2772], [-89.9382, 35.2767], [-89.9383, 35.2769], [-89.9387, 35.2784], [-89.9392, 35.2789], [-89.9404, 35.2766], [-89.9397, 35.2761], [-89.9395, 35.2755], [-89.9404, 35.2745], [-89.9408, 35.2745], [-89.9422, 35.2749], [-89.9427, 35.2761], [-89.9422, 35.2768], [-89.9424, 35.2777], [-89.9421, 35.278], [-89.9426, 35.2784], [-89.9429, 35.2777], [-89.943, 35.2769], [-89.9435, 35.2752], [-89.9439, 35.275], [-89.9454, 35.2751], [-89.9456, 35.2756], [-89.9463, 35.2763], [-89.9469, 35.2773], [-89.9472, 35.277], [-89.9472, 35.2765], [-89.9462, 35.2753], [-89.946, 35.2749], [-89.9453, 35.2742], [-89.9444, 35.2744], [-89.9438, 35.274], [-89.9441, 35.2738], [-89.9449, 35.2739], [-89.9456, 35.2735], [-89.9461, 35.2737], [-89.9463, 35.274], [-89.9469, 35.2737], [-89.9469, 35.2733], [-89.9492, 35.2735], [-89.9501, 35.2735], [-89.9508, 35.2733], [-89.9513, 35.2728], [-89.9519, 35.2717], [-89.9524, 35.2719], [-89.9531, 35.271], [-89.9542, 35.271], [-89.9549, 35.2709], [-89.9558, 35.271], [-89.9558, 35.2713], [-89.9544, 35.2723], [-89.9535, 35.2734], [-89.9535, 35.274], [-89.9543, 35.274], [-89.9561, 35.2722], [-89.9569, 35.2726], [-89.9565, 35.2741], [-89.9558, 35.2745], [-89.9567, 35.2748], [-89.9579, 35.2758], [-89.9584, 35.2761], [-89.9582, 35.2765], [-89.9595, 35.2757], [-89.9626, 35.2733], [-89.9627, 35.2726], [-89.9635, 35.2721], [-89.9633, 35.2718], [-89.964, 35.2716], [-89.9649, 35.2707], [-89.9659, 35.2704], [-89.9664, 35.2697], [-89.9673, 35.2696], [-89.9677, 35.2694], [-89.9678, 35.2691], [-89.9668, 35.269], [-89.9663, 35.2692], [-89.9658, 35.2691], [-89.9641, 35.2694], [-89.9633, 35.2701], [-89.9629, 35.2695], [-89.9631, 35.2687], [-89.9637, 35.2684], [-89.9638, 35.268], [-89.9631, 35.2677], [-89.9634, 35.2668], [-89.9637, 35.2654], [-89.9644, 35.265], [-89.9652, 35.264], [-89.9658, 35.2639], [-89.9665, 35.2643], [-89.9665, 35.2649], [-89.9668, 35.2654], [-89.9668, 35.2657], [-89.9657, 35.266], [-89.9658, 35.2664], [-89.9667, 35.2672], [-89.9678, 35.2675], [-89.9682, 35.2681], [-89.969, 35.2681], [-89.9694, 35.2675], [-89.9691, 35.2669], [-89.9697, 35.2667], [-89.9699, 35.2664], [-89.9709, 35.2667], [-89.9727, 35.2659], [-89.9705, 35.2677], [-89.9703, 35.2682], [-89.9702, 35.269], [-89.9708, 35.2693], [-89.9712, 35.2692], [-89.9716, 35.2682], [-89.9722, 35.2672], [-89.9746, 35.2654], [-89.9753, 35.2647], [-89.9759, 35.2643], [-89.977, 35.2643], [-89.9778, 35.2644], [-89.9777, 35.2649], [-89.9785, 35.2652], [-89.9793, 35.2652], [-89.98, 35.2648], [-89.981, 35.2651], [-89.9815, 35.2654], [-89.9826, 35.2654], [-89.9832, 35.2655], [-89.9834, 35.2662], [-89.9839, 35.2666], [-89.9826, 35.2669], [-89.9809, 35.2671], [-89.9812, 35.2674], [-89.9822, 35.268], [-89.9815, 35.2683], [-89.9807, 35.2682], [-89.9798, 35.2683], [-89.9788, 35.2686], [-89.9783, 35.2684], [-89.978, 35.2687], [-89.9783, 35.2691], [-89.9796, 35.269], [-89.9801, 35.2692], [-89.9799, 35.2697], [-89.9786, 35.2697], [-89.9774, 35.2695], [-89.9771, 35.2688], [-89.9767, 35.269], [-89.9756, 35.2691], [-89.9744, 35.2692], [-89.9742, 35.2696], [-89.9749, 35.2701], [-89.9751, 35.2696], [-89.9763, 35.2698], [-89.977, 35.2705], [-89.9767, 35.271], [-89.9752, 35.271], [-89.9746, 35.2707], [-89.9736, 35.2712], [-89.9739, 35.2715], [-89.9745, 35.2712], [-89.9753, 35.2714], [-89.9754, 35.2718], [-89.9745, 35.2717], [-89.9721, 35.2716], [-89.9732, 35.2721], [-89.9732, 35.2725], [-89.9737, 35.2726], [-89.9745, 35.2721], [-89.9748, 35.2724], [-89.975, 35.273], [-89.9748, 35.2734], [-89.975, 35.2741], [-89.9743, 35.2745], [-89.9738, 35.2746], [-89.973, 35.2745], [-89.9722, 35.2744], [-89.9714, 35.2749], [-89.9718, 35.2752], [-89.9727, 35.275], [-89.9737, 35.2752], [-89.9744, 35.2759], [-89.9748, 35.2772], [-89.9751, 35.2774], [-89.976, 35.2774], [-89.9786, 35.2767], [-89.9795, 35.276], [-89.9796, 35.2753], [-89.98, 35.2748], [-89.9812, 35.2743], [-89.982, 35.2735], [-89.9837, 35.2737], [-89.9845, 35.2735], [-89.9853, 35.2729], [-89.9862, 35.2726], [-89.9875, 35.2723], [-89.9888, 35.2722], [-89.9894, 35.2717], [-89.9901, 35.2715], [-89.9911, 35.2711], [-89.9925, 35.2708], [-89.9933, 35.2704], [-89.9938, 35.2705], [-89.9941, 35.2711], [-89.9937, 35.2717], [-89.9928, 35.2721], [-89.9923, 35.2732], [-89.9923, 35.2736], [-89.9932, 35.2739], [-89.9932, 35.2746], [-89.9925, 35.2747], [-89.9916, 35.2751], [-89.9915, 35.2755], [-89.993, 35.2757], [-89.9931, 35.2761], [-89.9927, 35.2768], [-89.9933, 35.277], [-89.9939, 35.2769], [-89.9943, 35.2765], [-89.9941, 35.2755], [-89.9949, 35.2755], [-89.9952, 35.2752], [-89.996, 35.2749], [-89.996, 35.2754], [-89.9969, 35.2759], [-89.996, 35.2763], [-89.9963, 35.2767], [-89.9957, 35.277], [-89.9961, 35.2773], [-89.9969, 35.2773], [-89.9975, 35.277], [-89.9973, 35.2777], [-89.9966, 35.2785], [-89.9956, 35.2785], [-89.9944, 35.2782], [-89.9937, 35.2782], [-89.9937, 35.2787], [-89.9944, 35.2788], [-89.9947, 35.2791], [-89.9961, 35.2793], [-89.996, 35.2798], [-89.997, 35.28], [-89.9975, 35.2799], [-89.9972, 35.2792], [-89.9981, 35.2791], [-89.9986, 35.2786], [-89.9995, 35.2785], [-89.9994, 35.2791], [-89.999, 35.2793], [-89.9994, 35.2796], [-90.0001, 35.2807], [-89.9993, 35.2807], [-89.9993, 35.281], [-90, 35.2815], [-90, 35.2818], [-90.0005, 35.282], [-90.0019, 35.2819], [-90.0018, 35.2816], [-90.0011, 35.2814], [-90.0019, 35.2805], [-90.0013, 35.2795], [-90.0016, 35.279], [-90.0045, 35.2805], [-90.0051, 35.2813], [-90.0042, 35.2818], [-90.004, 35.2822], [-90.0041, 35.2829], [-90.0045, 35.2832], [-90.0038, 35.2838], [-90.0034, 35.2839], [-90.0022, 35.2836], [-90.0011, 35.2837], [-90.0005, 35.2835], [-90.0003, 35.283], [-89.9998, 35.2824], [-89.9994, 35.2826], [-89.999, 35.2823], [-89.9987, 35.2816], [-89.9983, 35.2815], [-89.998, 35.2819], [-89.9975, 35.2819], [-89.9974, 35.2824], [-89.9981, 35.2823], [-89.9975, 35.283], [-89.9974, 35.2836], [-89.997, 35.2837], [-89.9965, 35.2836], [-89.9966, 35.2842], [-89.9959, 35.284], [-89.9952, 35.2844], [-89.9952, 35.285], [-89.9956, 35.2854], [-89.9943, 35.2866], [-89.9943, 35.2871], [-89.9917, 35.2884], [-89.9915, 35.288], [-89.9907, 35.2886], [-89.9916, 35.2886], [-89.992, 35.289], [-89.9927, 35.2889], [-89.9931, 35.2884], [-89.9934, 35.2887], [-89.9941, 35.2888], [-89.9945, 35.2884], [-89.9951, 35.2885], [-89.9951, 35.2891], [-89.9947, 35.2898], [-89.9951, 35.2905], [-89.9961, 35.2911], [-89.996, 35.2906], [-89.9953, 35.2905], [-89.995, 35.29], [-89.995, 35.2895], [-89.9952, 35.2891], [-89.9952, 35.2885], [-89.9947, 35.2882], [-89.9943, 35.2884], [-89.9936, 35.2882], [-89.9941, 35.2876], [-89.9945, 35.2866], [-89.9951, 35.2859], [-89.9956, 35.2855], [-89.9958, 35.2851], [-89.9955, 35.2849], [-89.9957, 35.2845], [-89.9967, 35.2843], [-89.9968, 35.2839], [-89.9973, 35.2838], [-89.998, 35.2831], [-89.9981, 35.2824], [-89.9987, 35.2824], [-89.9991, 35.2827], [-89.9998, 35.2829], [-90.0006, 35.2837], [-90.0024, 35.2838], [-90.0028, 35.284], [-90.0037, 35.2839], [-90.0045, 35.2837], [-90.0049, 35.283], [-90.0044, 35.2822], [-90.0047, 35.2818], [-90.0052, 35.2814], [-90.0054, 35.281], [-90.0044, 35.2803], [-90.0032, 35.2797], [-90.0021, 35.2789], [-90.0014, 35.2787], [-90.0009, 35.2789], [-90.001, 35.2796], [-90.0013, 35.28], [-90.0013, 35.2807], [-90.0008, 35.2812], [-90.0002, 35.2812], [-90.0003, 35.2807], [-90, 35.2799], [-90.0002, 35.2793], [-89.9997, 35.2789], [-89.9997, 35.2784], [-89.9988, 35.2784], [-89.998, 35.2788], [-89.9971, 35.2791], [-89.9966, 35.2795], [-89.9963, 35.2792], [-89.9953, 35.2789], [-89.9957, 35.2786], [-89.9968, 35.2785], [-89.9975, 35.278], [-89.9985, 35.2776], [-89.9994, 35.2773], [-89.9995, 35.2768], [-90.0001, 35.2766], [-89.999, 35.2761], [-89.9987, 35.2755], [-89.998, 35.2754], [-89.9978, 35.2758], [-89.9981, 35.2762], [-89.9973, 35.2767], [-89.9971, 35.2757], [-89.9964, 35.2753], [-89.9967, 35.275], [-89.9973, 35.275], [-89.9982, 35.2744], [-89.9974, 35.274], [-89.9969, 35.2743], [-89.997, 35.2735], [-89.9967, 35.2727], [-89.9963, 35.2725], [-89.996, 35.2735], [-89.9955, 35.2739], [-89.9948, 35.274], [-89.9945, 35.2751], [-89.9938, 35.2753], [-89.9936, 35.2758], [-89.9928, 35.2748], [-89.9936, 35.2747], [-89.9943, 35.2734], [-89.9949, 35.2731], [-89.9953, 35.2725], [-89.9952, 35.2723], [-89.9944, 35.2724], [-89.9932, 35.2729], [-89.9931, 35.2721], [-89.9942, 35.2716], [-89.9943, 35.2713], [-89.9951, 35.2715], [-89.9961, 35.2715], [-89.9969, 35.2713], [-89.9979, 35.2718], [-89.9991, 35.2718], [-89.9991, 35.2714], [-90, 35.2699], [-89.9996, 35.2696], [-89.999, 35.2696], [-89.9989, 35.2693], [-89.9992, 35.2687], [-89.9987, 35.2683], [-89.999, 35.2678], [-89.9988, 35.2675], [-89.9981, 35.2679], [-89.9977, 35.2677], [-89.9981, 35.2673], [-89.998, 35.2668], [-89.9987, 35.2668], [-89.9996, 35.2667], [-90.0004, 35.2662], [-90.0005, 35.2658], [-90, 35.2654], [-89.9995, 35.2653], [-89.9992, 35.2641], [-89.9994, 35.2637], [-89.9992, 35.2633], [-89.9982, 35.2633], [-89.9976, 35.2631], [-89.9974, 35.2633], [-89.9975, 35.2639], [-89.9968, 35.264], [-89.9963, 35.2644], [-89.9972, 35.265], [-89.9965, 35.2654], [-89.996, 35.2653], [-89.9951, 35.265], [-89.9947, 35.2639], [-89.9944, 35.2641], [-89.9946, 35.2648], [-89.9944, 35.2652], [-89.9937, 35.266], [-89.9932, 35.2655], [-89.9922, 35.2661], [-89.9918, 35.2668], [-89.9924, 35.2671], [-89.9933, 35.2682], [-89.9935, 35.2686], [-89.9931, 35.2687], [-89.9925, 35.2684], [-89.9915, 35.2676], [-89.9912, 35.2683], [-89.9914, 35.269], [-89.9912, 35.2697], [-89.9905, 35.2699], [-89.9901, 35.2689], [-89.99, 35.2683], [-89.9898, 35.268], [-89.9891, 35.2676], [-89.9881, 35.2674], [-89.9884, 35.2669], [-89.989, 35.267], [-89.9901, 35.2668], [-89.989, 35.2658], [-89.9895, 35.2652], [-89.9906, 35.2655], [-89.991, 35.2654], [-89.9913, 35.265], [-89.9917, 35.2649], [-89.992, 35.2644], [-89.9919, 35.2641], [-89.9912, 35.264], [-89.9904, 35.2645], [-89.9901, 35.2644], [-89.9937, 35.2603], [-89.9932, 35.2602], [-89.9922, 35.2614], [-89.9909, 35.2629], [-89.9902, 35.2632], [-89.9901, 35.2639], [-89.9899, 35.2641], [-89.9877, 35.2646], [-89.9866, 35.2647], [-89.9858, 35.2646], [-89.985, 35.2649], [-89.985, 35.2653], [-89.9859, 35.2664], [-89.986, 35.2667], [-89.9857, 35.2676], [-89.9857, 35.2688], [-89.9864, 35.2687], [-89.9863, 35.2691], [-89.9876, 35.2689], [-89.9881, 35.2691], [-89.987, 35.27], [-89.9859, 35.27], [-89.9854, 35.2701], [-89.9846, 35.2699], [-89.984, 35.2705], [-89.9837, 35.271], [-89.9824, 35.2719], [-89.9811, 35.2725], [-89.9804, 35.2732], [-89.9797, 35.2732], [-89.98, 35.2727], [-89.9799, 35.2724], [-89.9795, 35.2718], [-89.9794, 35.2713], [-89.98, 35.2713], [-89.9802, 35.2708], [-89.9807, 35.2707], [-89.9807, 35.2701], [-89.9815, 35.2702], [-89.982, 35.27], [-89.9824, 35.2695], [-89.9835, 35.269], [-89.9834, 35.2686], [-89.9827, 35.2684], [-89.9831, 35.2677], [-89.9826, 35.2674], [-89.983, 35.267], [-89.9835, 35.2672], [-89.9839, 35.2679], [-89.9842, 35.2677], [-89.9842, 35.2667], [-89.9843, 35.2662], [-89.9837, 35.2661], [-89.9832, 35.2653], [-89.9825, 35.2651], [-89.982, 35.2644], [-89.9813, 35.2641], [-89.9803, 35.2637], [-89.9786, 35.2638], [-89.978, 35.2642], [-89.9778, 35.2638], [-89.9766, 35.2637], [-89.9762, 35.2635], [-89.9757, 35.2635], [-89.9748, 35.2638], [-89.9741, 35.2639], [-89.9739, 35.2642], [-89.9734, 35.2641], [-89.9722, 35.2642], [-89.9723, 35.2647], [-89.9716, 35.2652], [-89.9713, 35.2656], [-89.9706, 35.2653], [-89.9708, 35.2644], [-89.9707, 35.2629], [-89.97, 35.26], [-89.9694, 35.2569], [-89.9692, 35.2568], [-89.9701, 35.2608], [-89.9704, 35.2619], [-89.9707, 35.2637], [-89.9705, 35.2651], [-89.9703, 35.2658], [-89.9698, 35.2661], [-89.9692, 35.2662], [-89.9687, 35.2658], [-89.9681, 35.2658], [-89.9674, 35.2661], [-89.9678, 35.2652], [-89.9674, 35.265], [-89.9669, 35.2639], [-89.9665, 35.2636], [-89.9655, 35.2635], [-89.9651, 35.2636], [-89.9646, 35.2642], [-89.9636, 35.265], [-89.9633, 35.2661], [-89.9631, 35.2669], [-89.9628, 35.2677], [-89.963, 35.2682], [-89.9626, 35.2683], [-89.9619, 35.269], [-89.9617, 35.2694], [-89.9621, 35.2699], [-89.9621, 35.2703], [-89.9613, 35.2701], [-89.9608, 35.2701], [-89.9604, 35.2705], [-89.9589, 35.2712], [-89.9582, 35.2713], [-89.9575, 35.2716], [-89.9578, 35.2723], [-89.9576, 35.2728], [-89.9571, 35.2735], [-89.9571, 35.2738], [-89.958, 35.2745], [-89.9571, 35.2744], [-89.9568, 35.2739], [-89.9568, 35.2732], [-89.9571, 35.2726], [-89.9563, 35.2721], [-89.9553, 35.2725], [-89.955, 35.2723], [-89.9553, 35.2719], [-89.956, 35.2713], [-89.956, 35.2709], [-89.9533, 35.2706], [-89.952, 35.2714], [-89.9517, 35.2714], [-89.951, 35.272], [-89.9508, 35.2717], [-89.9514, 35.2711], [-89.9522, 35.2705], [-89.9521, 35.2701], [-89.951, 35.27], [-89.9501, 35.2704], [-89.9499, 35.2707], [-89.9491, 35.2704], [-89.9486, 35.2705], [-89.9477, 35.2701], [-89.9471, 35.2702], [-89.9462, 35.2705], [-89.9451, 35.2706], [-89.945, 35.2709], [-89.9453, 35.2714], [-89.9458, 35.2714], [-89.9461, 35.2724], [-89.9461, 35.2728], [-89.9454, 35.2725], [-89.9453, 35.273], [-89.9445, 35.273], [-89.9441, 35.2725], [-89.9437, 35.2725], [-89.9429, 35.2727], [-89.9451, 35.2731], [-89.9449, 35.2733], [-89.9437, 35.2734], [-89.9431, 35.2744], [-89.9417, 35.2745], [-89.9409, 35.2741], [-89.9411, 35.273], [-89.9401, 35.2728], [-89.9401, 35.2742], [-89.9394, 35.2745], [-89.939, 35.2749], [-89.9388, 35.2756], [-89.9388, 35.2767], [-89.9375, 35.2762], [-89.9378, 35.275], [-89.9383, 35.2742], [-89.9388, 35.2741], [-89.9391, 35.2736], [-89.9391, 35.2727], [-89.9352, 35.2723], [-89.9327, 35.2721], [-89.9296, 35.2719], [-89.9288, 35.2723], [-89.9291, 35.2695], [-89.9293, 35.2685], [-89.9292, 35.2683], [-89.9288, 35.2719], [-89.9286, 35.2739], [-89.9282, 35.2759], [-89.9276, 35.2777], [-89.9269, 35.2783], [-89.9265, 35.2791], [-89.9267, 35.28], [-89.9266, 35.2803], [-89.9264, 35.2807], [-89.9258, 35.2813], [-89.9249, 35.2817], [-89.9244, 35.282], [-89.9242, 35.2826], [-89.9235, 35.2826], [-89.9235, 35.283], [-89.9229, 35.2835], [-89.922, 35.2835], [-89.9212, 35.2837], [-89.9217, 35.2829], [-89.9211, 35.2825], [-89.919, 35.2822], [-89.9183, 35.2821], [-89.9178, 35.2817], [-89.9179, 35.2808], [-89.917, 35.28], [-89.9164, 35.2794], [-89.9164, 35.2785], [-89.9158, 35.2787], [-89.916, 35.2795], [-89.9161, 35.2808], [-89.9151, 35.2807], [-89.9144, 35.2814], [-89.9137, 35.2814], [-89.9133, 35.2818], [-89.9134, 35.2827], [-89.9138, 35.2827], [-89.9137, 35.2835], [-89.9134, 35.2839], [-89.913, 35.2836], [-89.9127, 35.283], [-89.9119, 35.2836], [-89.9104, 35.2841], [-89.9099, 35.2846], [-89.9097, 35.285], [-89.9091, 35.2851], [-89.909, 35.2847], [-89.9084, 35.2843], [-89.9084, 35.2837], [-89.9089, 35.2832], [-89.9098, 35.283], [-89.9102, 35.2824], [-89.9109, 35.2825], [-89.9116, 35.2821], [-89.9116, 35.2811], [-89.9109, 35.2806], [-89.91, 35.2804], [-89.9092, 35.2809], [-89.9087, 35.281], [-89.9079, 35.2815], [-89.9074, 35.2815], [-89.9064, 35.2818], [-89.9054, 35.2825], [-89.9052, 35.2832], [-89.9039, 35.2829], [-89.9033, 35.2828], [-89.9008, 35.2836], [-89.8992, 35.2838], [-89.8988, 35.2834], [-89.8978, 35.2836], [-89.897, 35.284], [-89.8958, 35.2841], [-89.8953, 35.2844], [-89.8943, 35.2845], [-89.8933, 35.2847], [-89.8919, 35.2845], [-89.8912, 35.2839], [-89.8909, 35.2843], [-89.8912, 35.2854], [-89.8901, 35.2862], [-89.8891, 35.286], [-89.8884, 35.2867], [-89.8878, 35.2881], [-89.8874, 35.2877], [-89.8866, 35.2875], [-89.8862, 35.2882], [-89.8852, 35.2881], [-89.8851, 35.2877], [-89.884, 35.2881], [-89.8831, 35.2888], [-89.8827, 35.2886], [-89.883, 35.2871], [-89.8834, 35.287], [-89.8828, 35.2882], [-89.8836, 35.288], [-89.8835, 35.2863], [-89.8839, 35.2866], [-89.8847, 35.2864], [-89.8843, 35.2858], [-89.8843, 35.2854], [-89.8854, 35.2856], [-89.8855, 35.2853], [-89.8847, 35.2848], [-89.8843, 35.2841], [-89.8844, 35.2838], [-89.8856, 35.2815], [-89.8852, 35.2815], [-89.8838, 35.2839], [-89.8838, 35.2835], [-89.8828, 35.2828], [-89.8817, 35.2835], [-89.8809, 35.2835], [-89.8803, 35.2832], [-89.8797, 35.2832], [-89.8789, 35.283], [-89.8789, 35.2824], [-89.8775, 35.2827], [-89.8779, 35.283], [-89.8788, 35.2833], [-89.8788, 35.2838], [-89.8786, 35.2842], [-89.8779, 35.2844], [-89.8773, 35.2853], [-89.8772, 35.2861], [-89.8769, 35.286], [-89.8771, 35.285], [-89.8765, 35.285], [-89.8756, 35.2852], [-89.8751, 35.2859], [-89.875, 35.2865], [-89.8753, 35.2867], [-89.876, 35.2867], [-89.876, 35.2871], [-89.8752, 35.2869], [-89.8746, 35.2871], [-89.8738, 35.287], [-89.8736, 35.2867], [-89.873, 35.2869], [-89.8725, 35.2859], [-89.873, 35.2859], [-89.8735, 35.2856], [-89.8736, 35.2849], [-89.873, 35.2847], [-89.872, 35.2848], [-89.8713, 35.2839], [-89.8717, 35.2835], [-89.8707, 35.2834], [-89.8704, 35.2849], [-89.8702, 35.2858], [-89.87, 35.287], [-89.8697, 35.2875], [-89.869, 35.2875], [-89.8685, 35.2873], [-89.8681, 35.2874], [-89.868, 35.2881], [-89.867, 35.2877], [-89.8665, 35.2876], [-89.8662, 35.2874], [-89.8654, 35.2872], [-89.8643, 35.2876], [-89.8635, 35.2878], [-89.8624, 35.2876], [-89.8613, 35.2881], [-89.8604, 35.2874], [-89.8599, 35.2874], [-89.8593, 35.2877], [-89.8583, 35.2879], [-89.8564, 35.288], [-89.8574, 35.286], [-89.8577, 35.2849], [-89.8573, 35.2845], [-89.856, 35.2845], [-89.8551, 35.2846], [-89.8548, 35.2847], [-89.8545, 35.2853], [-89.8543, 35.2857], [-89.8542, 35.2865], [-89.8546, 35.2869], [-89.8541, 35.2871], [-89.853, 35.2877], [-89.852, 35.2878], [-89.8508, 35.2876], [-89.849, 35.2872], [-89.8488, 35.2866], [-89.8473, 35.2864], [-89.8463, 35.2861], [-89.8449, 35.2862], [-89.8472, 35.2838], [-89.8484, 35.2828], [-89.8485, 35.2825]], [[-89.949, 35.2732], [-89.9483, 35.2724], [-89.9495, 35.2725], [-89.9497, 35.273], [-89.949, 35.2732]], [[-89.9985, 35.2762], [-89.9981, 35.2757], [-89.9986, 35.2756], [-89.9992, 35.2763], [-89.9994, 35.2764], [-89.999, 35.2774], [-89.9986, 35.2775], [-89.998, 35.2767], [-89.9985, 35.2762]], [[-90, 35.2662], [-89.9992, 35.2665], [-89.9987, 35.2665], [-89.998, 35.2662], [-89.9979, 35.2657], [-89.9984, 35.2652], [-89.9989, 35.2652], [-89.9992, 35.2654], [-90.0001, 35.2656], [-90, 35.2662]], [[-89.8789, 35.2851], [-89.8787, 35.2846], [-89.8793, 35.2846], [-89.8797, 35.2844], [-89.88, 35.2837], [-89.8807, 35.2839], [-89.8814, 35.2837], [-89.8821, 35.2839], [-89.8822, 35.2835], [-89.8828, 35.2832], [-89.8836, 35.2836], [-89.8836, 35.284], [-89.8826, 35.284], [-89.8824, 35.2843], [-89.8828, 35.2848], [-89.8825, 35.2851], [-89.8821, 35.285], [-89.882, 35.2846], [-89.8807, 35.2843], [-89.8799, 35.285], [-89.8789, 35.2851]], [[-89.9479, 35.2718], [-89.9465, 35.2719], [-89.946, 35.2711], [-89.9454, 35.2711], [-89.9455, 35.2706], [-89.9461, 35.2707], [-89.9469, 35.2706], [-89.9474, 35.2703], [-89.9491, 35.2709], [-89.9494, 35.2713], [-89.949, 35.2718], [-89.9483, 35.2717], [-89.9479, 35.2718]], [[-89.9577, 35.2737], [-89.9578, 35.2727], [-89.958, 35.2725], [-89.9593, 35.2724], [-89.9588, 35.272], [-89.9589, 35.2716], [-89.9594, 35.2715], [-89.9599, 35.2711], [-89.9609, 35.2708], [-89.9612, 35.2716], [-89.9607, 35.2718], [-89.9597, 35.2721], [-89.9596, 35.2724], [-89.9602, 35.2728], [-89.9599, 35.2737], [-89.9593, 35.274], [-89.9582, 35.274], [-89.9577, 35.2737]]]}, "properties": {"zone": "X500"}}, {"type": "Feature", "geometry": {"type": "Polygon", "coordinates": [[[-89.9293, 35.2784], [-89.9295, 35.2783], [-89.9293, 35.2769], [-89.9289, 35.2764], [-89.9285, 35.2761], [-89.9279, 35.2777], [-89.928, 35.279], [-89.9284, 35.2797], [-89.9284, 35.2802], [-89.9291, 35.2804], [-89.9295, 35.2803], [-89.9299, 35.2806], [-89.9302, 35.2799], [-89.9301, 35.2795], [-89.9288, 35.2794], [-89.9283, 35.2791], [-89.928, 35.278], [-89.9285, 35.2761], [-89.9289, 35.2764], [-89.9292, 35.2771], [-89.9293, 35.2784]]]}, "properties": {"zone": "X500"}}, {"type": "Feature", "geometry": {"type": "Polygon", "coordinates": [[[-89.9291, 35.3291], [-89.9285, 35.3286], [-89.9279, 35.3284], [-89.9276, 35.3291], [-89.9283, 35.3293], [-89.9289, 35.3298], [-89.9294, 35.3298], [-89.9291, 35.3291]]]}, "properties": {"zone": "X500"}}, {"type": "Feature", "geometry": {"type": "Polygon", "coordinates": [[[-89.9276, 35.327], [-89.9279, 35.3275], [-89.929, 35.3282], [-89.93, 35.3291], [-89.9304, 35.3293], [-89.9307, 35.3289], [-89.9317, 35.3296], [-89.932, 35.3302], [-89.9326, 35.3303], [-89.933, 35.331], [-89.9339, 35.3314], [-89.9333, 35.3321], [-89.9335, 35.3327], [-89.9342, 35.3327], [-89.9341, 35.3333], [-89.9335, 35.3332], [-89.9335, 35.3338], [-89.9344, 35.3334], [-89.9346, 35.3332], [-89.9343, 35.3325], [-89.9338, 35.3324], [-89.9336, 35.332], [-89.934, 35.3319], [-89.934, 35.3315], [-89.9337, 35.3309], [-89.934, 35.33], [-89.9339, 35.3295], [-89.9331, 35.329], [-89.9316, 35.3292], [-89.9314, 35.3288], [-89.9302, 35.3283], [-89.9296, 35.3281], [-89.9293, 35.3284], [-89.9276, 35.327]]]}, "properties": {"zone": "X500"}}, {"type": "Feature", "geometry": {"type": "Polygon", "coordinates": [[[-89.9319, 35.3317], [-89.9322, 35.3312], [-89.9315, 35.3308], [-89.9313, 35.332], [-89.9318, 35.3321], [-89.9319, 35.3317]]]}, "properties": {"zone": "X500"}}, {"type": "Feature", "geometry": {"type": "Polygon", "coordinates": [[[-89.929, 35.3315], [-89.9284, 35.331], [-89.9282, 35.3314], [-89.9278, 35.3319], [-89.928, 35.3327], [-89.9284, 35.3329], [-89.9289, 35.3327], [-89.929, 35.3315]]]}, "properties": {"zone": "X500"}}, {"type": "Feature", "geometry": {"type": "Polygon", "coordinates": [[[-89.9195, 35.333], [-89.918, 35.3344], [-89.9191, 35.3343], [-89.9195, 35.334], [-89.9191, 35.3336], [-89.9195, 35.333]]]}, "properties": {"zone": "X500"}}, {"type": "Feature", "geometry": {"type": "Polygon", "coordinates": [[[-89.932, 35.3327], [-89.9311, 35.333], [-89.9313, 35.3334], [-89.9322, 35.3331], [-89.932, 35.3327]]]}, "properties": {"zone": "X500"}}, {"type": "Feature", "geometry": {"type": "Polygon", "coordinates": [[[-89.9211, 35.3328], [-89.9214, 35.3334], [-89.9213, 35.3337], [-89.9221, 35.3338], [-89.9226, 35.3334], [-89.9224, 35.3327], [-89.9218, 35.3325], [-89.9211, 35.3328]]]}, "properties": {"zone": "X500"}}, {"type": "Feature", "geometry": {"type": "Polygon", "coordinates": [[[-89.9253, 35.3336], [-89.9271, 35.3339], [-89.928, 35.3337], [-89.9279, 35.3333], [-89.9253, 35.3336]]]}, "properties": {"zone": "X500"}}, {"type": "Feature", "geometry": {"type": "Polygon", "coordinates": [[[-89.9356, 35.3349], [-89.9353, 35.3354], [-89.9344, 35.336], [-89.9346, 35.336], [-89.9352, 35.3357], [-89.9358, 35.3357], [-89.9364, 35.3354], [-89.937, 35.3358], [-89.9371, 35.3352], [-89.9384, 35.3354], [-89.9393, 35.3356], [-89.9398, 35.3352], [-89.9405, 35.335], [-89.9409, 35.3348], [-89.9413, 35.3351], [-89.9402, 35.3357], [-89.9405, 35.3363], [-89.9411, 35.336], [-89.9413, 35.3355], [-89.9418, 35.3351], [-89.9425, 35.3352], [-89.944, 35.3349], [-89.9432, 35.3342], [-89.9419, 35.3347], [-89.9414, 35.3346], [-89.9404, 35.335], [-89.9393, 35.3354], [-89.9387, 35.335], [-89.9374, 35.3346], [-89.9371, 35.3347], [-89.9368, 35.3351], [-89.9361, 35.3355], [-89.9353, 35.3355], [-89.9356, 35.3349]]]}, "properties": {"zone": "X500"}}, {"type": "Feature", "geometry": {"type": "Polygon", "coordinates": [[[-89.9534, 35.3382], [-89.953, 35.3383], [-89.9527, 35.3387], [-89.9537, 35.3393], [-89.9545, 35.3392], [-89.9548, 35.3388], [-89.954, 35.3383], [-89.9534, 35.3382]]]}, "properties": {"zone": "X500"}}, {"type": "Feature", "geometry": {"type": "Polygon", "coordinates": [[[-89.9199, 35.3349], [-89.9189, 35.3355], [-89.9172, 35.3372], [-89.9186, 35.3381], [-89.9182, 35.3386], [-89.919, 35.3388], [-89.9198, 35.3382], [-89.9207, 35.3379], [-89.9209, 35.3377], [-89.922, 35.3375], [-89.9225, 35.3378], [-89.9226, 35.3387], [-89.9236, 35.3387], [-89.9231, 35.3383], [-89.9233, 35.3375], [-89.9244, 35.3375], [-89.9255, 35.3359], [-89.926, 35.3358], [-89.9267, 35.336], [-89.9265, 35.3371], [-89.9255, 35.3373], [-89.9263, 35.3378], [-89.9281, 35.3376], [-89.9293, 35.3368], [-89.9296, 35.3368], [-89.9302, 35.338], [-89.9299, 35.3383], [-89.929, 35.3384], [-89.9287, 35.3382], [-89.9276, 35.3387], [-89.9277, 35.3392], [-89.9274, 35.3398], [-89.9278, 35.3399], [-89.929, 35.3388], [-89.9299, 35.3385], [-89.9307, 35.3385], [-89.9312, 35.3384], [-89.9307, 35.3377], [-89.93, 35.3371], [-89.9298, 35.3367], [-89.9293, 35.3363], [-89.9289, 35.3369], [-89.9283, 35.3372], [-89.928, 35.3372], [-89.9281, 35.3365], [-89.9271, 35.3367], [-89.927, 35.3359], [-89.9265, 35.3355], [-89.9261, 35.3354], [-89.9251, 35.3359], [-89.9242, 35.337], [-89.924, 35.3364], [-89.9235, 35.3369], [-89.9232, 35.3367], [-89.923, 35.3373], [-89.9217, 35.3371], [-89.9214, 35.3369], [-89.921, 35.3364], [-89.9212, 35.3359], [-89.9205, 35.3354], [-89.9209, 35.335], [-89.9199, 35.3349]], [[-89.9198, 35.3373], [-89.9184, 35.3366], [-89.9189, 35.3362], [-89.9193, 35.3366], [-89.9201, 35.3354], [-89.9209, 35.3359], [-89.9203, 35.3366], [-89.9202, 35.3373], [-89.9198, 35.3373]]]}, "properties": {"zone": "X500"}}, {"type": "Feature", "geometry": {"type": "Polygon", "coordinates": [[[-89.9366, 35.3384], [-89.9361, 35.3384], [-89.9355, 35.3394], [-89.9357, 35.3401], [-89.9362, 35.3402], [-89.9376, 35.3398], [-89.9368, 35.3397], [-89.9364, 35.34], [-89.9358, 35.34], [-89.9356, 35.3394], [-89.9366, 35.3384]]]}, "properties": {"zone": "X500"}}, {"type": "Feature", "geometry": {"type": "Polygon", "coordinates": [[[-89.9293, 35.3391], [-89.9294, 35.3395], [-89.9301, 35.3393], [-89.9316, 35.3393], [-89.9317, 35.3398], [-89.932, 35.3399], [-89.9327, 35.3394], [-89.9338, 35.3398], [-89.934, 35.3402], [-89.9334, 35.3406], [-89.932, 35.3411], [-89.9309, 35.341], [-89.93, 35.3411], [-89.9301, 35.3413], [-89.9307, 35.3413], [-89.9311, 35.3421], [-89.9315, 35.3422], [-89.9324, 35.3419], [-89.9327, 35.3424], [-89.9341, 35.3417], [-89.935, 35.3411], [-89.9355, 35.3416], [-89.9355, 35.3425], [-89.9363, 35.3425], [-89.9365, 35.3413], [-89.9391, 35.342], [-89.9394, 35.3418], [-89.9395, 35.3412], [-89.9392, 35.3404], [-89.9398, 35.3403], [-89.9402, 35.34], [-89.9411, 35.3398], [-89.942, 35.3387], [-89.9429, 35.3393], [-89.9427, 35.3404], [-89.9422, 35.3413], [-89.9424, 35.3418], [-89.9422, 35.3422], [-89.9428, 35.3425], [-89.9432, 35.3419], [-89.9432, 35.3417], [-89.9435, 35.3411], [-89.9428, 35.3408], [-89.943, 35.3394], [-89.9428, 35.3391], [-89.942, 35.3386], [-89.941, 35.3396], [-89.9406, 35.3393], [-89.9398, 35.339], [-89.9393, 35.339], [-89.9393, 35.3399], [-89.9388, 35.3401], [-89.9381, 35.3396], [-89.9383, 35.3386], [-89.9382, 35.3383], [-89.9376, 35.3381], [-89.9369, 35.3381], [-89.937, 35.3385], [-89.9372, 35.3391], [-89.9374, 35.3394], [-89.9389, 35.3404], [-89.9392, 35.3411], [-89.9393, 35.3417], [-89.9389, 35.3418], [-89.9364, 35.341], [-89.936, 35.3423], [-89.9356, 35.3421], [-89.9357, 35.3413], [-89.9349, 35.3409], [-89.9343, 35.341], [-89.9338, 35.3407], [-89.9343, 35.3402], [-89.934, 35.3398], [-89.9333, 35.3394], [-89.9326, 35.3392], [-89.9321, 35.3394], [-89.9315, 35.3391], [-89.9302, 35.3391], [-89.9297, 35.3393], [-89.9293, 35.3391]], [[-89.9384, 35.34], [-89.9372, 35.3392], [-89.937, 35.3386], [-89.9371, 35.3384], [-89.9373, 35.3384], [-89.9377, 35.3382], [-89.9382, 35.3385], [-89.9382, 35.339], [-89.938, 35.3395], [-89.9384, 35.34]]]}, "properties": {"zone": "X500"}}, {"type": "Feature", "geometry": {"type": "Polygon", "coordinates": [[[-89.9152, 35.3385], [-89.9154, 35.3382], [-89.9164, 35.3372], [-89.9157, 35.3372], [-89.9153, 35.3377], [-89.9149, 35.3384], [-89.9142, 35.3388], [-89.9136, 35.3393], [-89.9126, 35.3398], [-89.9124, 35.3404], [-89.9118, 35.3406], [-89.9106, 35.3417], [-89.9103, 35.3422], [-89.9087, 35.3431], [-89.9084, 35.3437], [-89.908, 35.3437], [-89.9077, 35.3447], [-89.909, 35.345], [-89.91, 35.3455], [-89.9109, 35.3458], [-89.9119, 35.346], [-89.9116, 35.3451], [-89.9115, 35.3441], [-89.9116, 35.3425], [-89.9119, 35.3417], [-89.9125, 35.3411], [-89.9131, 35.3403], [-89.9143, 35.3392], [-89.9152, 35.3385]]]}, "properties": {"zone": "X500"}}, {"type": "Feature", "geometry": {"type": "Polygon", "coordinates": [[[-89.9122, 35.3429], [-89.912, 35.3434], [-89.9121, 35.3446], [-89.9123, 35.3452], [-89.9123, 35.346], [-89.9138, 35.3463], [-89.9143, 35.3462], [-89.9143, 35.3456], [-89.914, 35.3449], [-89.9143, 35.3445], [-89.9143, 35.3435], [-89.9145, 35.3425], [-89.9151, 35.3422], [-89.9155, 35.3415], [-89.9142, 35.3413], [-89.9141, 35.341], [-89.9145, 35.3402], [-89.9162, 35.3386], [-89.9173, 35.3387], [-89.9176, 35.3381], [-89.9171, 35.3376], [-89.9155, 35.3392], [-89.9134, 35.3411], [-89.913, 35.3413], [-89.9129, 35.3418], [-89.9125, 35.3418], [-89.9121, 35.3425], [-89.9135, 35.3441], [-89.9127, 35.3439], [-89.9128, 35.3436], [-89.9123, 35.3434], [-89.9122, 35.3429]]]}, "properties": {"zone": "X500"}}, {"type": "Feature", "geometry": {"type": "Polygon", "coordinates": [[[-89.9528, 35.3426], [-89.9534, 35.3422], [-89.9531, 35.3416], [-89.9527, 35.3419], [-89.9521, 35.3427], [-89.9528, 35.3426]]]}, "properties": {"zone": "X500"}}, {"type": "Feature", "geometry": {"type": "Polygon", "coordinates": [[[-89.9552, 35.3412], [-89.9546, 35.342], [-89.9545, 35.3426], [-89.9542, 35.3434], [-89.9543, 35.3443], [-89.9549, 35.3451], [-89.9568, 35.345], [-89.9583, 35.3454], [-89.96, 35.3456], [-89.9602, 35.3458], [-89.9603, 35.3465], [-89.9607, 35.3464], [-89.9602, 35.3456], [-89.9581, 35.3453], [-89.9576, 35.345], [-89.9577, 35.3446], [-89.9588, 35.343], [-89.9564, 35.3434], [-89.9562, 35.3432], [-89.9567, 35.3424], [-89.9563, 35.3415], [-89.9559, 35.3418], [-89.9562, 35.3427], [-89.9555, 35.3432], [-89.9544, 35.3432], [-89.9548, 35.3427], [-89.9547, 35.3422], [-89.9552, 35.3412]]]}, "properties": {"zone": "X500"}}, {"type": "Feature", "geometry": {"type": "Polygon", "coordinates": [[[-89.9495, 35.3447], [-89.9511, 35.3441], [-89.9508, 35.3438], [-89.9497, 35.3442], [-89.9495, 35.3447]]]}, "properties": {"zone": "X500"}}, {"type": "Feature", "geometry": {"type": "Polygon", "coordinates": [[[-89.9125, 35.3464], [-89.9128, 35.3468], [-89.9127, 35.3474], [-89.9132, 35.3476], [-89.9137, 35.3475], [-89.9137, 35.3467], [-89.9134, 35.3465], [-89.9125, 35.3464]]]}, "properties": {"zone": "X500"}}, {"type": "Feature", "geometry": {"type": "Polygon", "coordinates": [[[-89.9124, 35.3482], [-89.9126, 35.3483], [-89.9132, 35.3492], [-89.9136, 35.3491], [-89.9132, 35.3484], [-89.9124, 35.3482]]]}, "properties": {"zone": "X500"}}, {"type": "Feature", "geometry": {"type": "Polygon", "coordinates": [[[-89.9481, 35.3483], [-89.9479, 35.3491], [-89.9473, 35.3488], [-89.9472, 35.3497], [-89.9476, 35.3501], [-89.9473, 35.3506], [-89.9478, 35.3515], [-89.9483, 35.3509], [-89.9484, 35.3492], [-89.9481, 35.3483]]]}, "properties": {"zone": "X500"}}, {"type": "Feature", "geometry": {"type": "Polygon", "coordinates": [[[-89.9434, 35.3602], [-89.9427, 35.3603], [-89.943, 35.361], [-89.9433, 35.361], [-89.9434, 35.3602]]]}, "properties": {"zone": "X500"}}, {"type": "Feature", "geometry": {"type": "Polygon", "coordinates": [[[-89.944, 35.3621], [-89.9436, 35.3617], [-89.943, 35.362], [-89.9435, 35.3623], [-89.944, 35.3621]]]}, "properties": {"zone": "X500"}}, {"type": "Feature", "geometry": {"type": "Polygon", "coordinates": [[[-89.9488, 35.3652], [-89.9499, 35.3656], [-89.9504, 35.3653], [-89.9488, 35.3652]]]}, "properties": {"zone": "X500"}}, {"type": "Feature", "geometry": {"type": "Polygon", "coordinates": [[[-89.9449, 35.3664], [-89.9455, 35.3648], [-89.9461, 35.3641], [-89.9459, 35.364], [-89.945, 35.3659], [-89.9449, 35.3664]]]}, "properties": {"zone": "X500"}}, {"type": "Feature", "geometry": {"type": "Polygon", "coordinates": [[[-89.9441, 35.368], [-89.9431, 35.368], [-89.9425, 35.3684], [-89.9432, 35.3686], [-89.9434, 35.3681], [-89.9441, 35.368]]]}, "properties": {"zone": "X500"}}, {"type": "Feature", "geometry": {"type": "Polygon", "coordinates": [[[-89.9393, 35.3697], [-89.9383, 35.3705], [-89.9391, 35.3704], [-89.9393, 35.3697]]]}, "properties": {"zone": "X500"}}, {"type": "Feature", "geometry": {"type": "Polygon", "coordinates": [[[-89.9249, 34.964], [-89.9244, 34.9637], [-89.9243, 34.9636], [-89.9241, 34.9637], [-89.9231, 34.9633], [-89.923, 34.9631], [-89.9229, 34.963], [-89.9228, 34.9627], [-89.9229, 34.9625], [-89.9239, 34.9623], [-89.9225, 34.9622], [-89.9209, 34.9621], [-89.9203, 34.9616], [-89.9196, 34.9608], [-89.9191, 34.9606], [-89.9176, 34.9609], [-89.9167, 34.9609], [-89.9167, 34.9607], [-89.9162, 34.9603], [-89.9156, 34.96], [-89.9155, 34.96], [-89.9154, 34.96], [-89.915, 34.96], [-89.914, 34.9593], [-89.9134, 34.9591], [-89.913, 34.9588], [-89.9117, 34.9583], [-89.9104, 34.9576], [-89.9095, 34.9572], [-89.9089, 34.9568], [-89.9086, 34.9568], [-89.908, 34.9564], [-89.907, 34.956], [-89.9058, 34.9556], [-89.9037, 34.9548], [-89.903, 34.9547], [-89.9029, 34.9542], [-89.9021, 34.9539], [-89.9019, 34.9536], [-89.9001, 34.9527], [-89.8997, 34.9528], [-89.8995, 34.9533], [-89.9007, 34.9537], [-89.901, 34.9532], [-89.9014, 34.9534], [-89.9015, 34.9549], [-89.9019, 34.9559], [-89.9028, 34.9565], [-89.9041, 34.9567], [-89.9054, 34.9567], [-89.9068, 34.9571], [-89.9071, 34.9573], [-89.9075, 34.9569], [-89.9081, 34.9568], [-89.9092, 34.957], [-89.9097, 34.9573], [-89.9104, 34.9576], [-89.9117, 34.9583], [-89.913, 34.9588], [-89.9134, 34.9592], [-89.914, 34.9593], [-89.915, 34.96], [-89.9155, 34.96], [-89.9157, 34.9602], [-89.9162, 34.9603], [-89.9167, 34.9608], [-89.9164, 34.9613], [-89.9166, 34.9617], [-89.9169, 34.9609], [-89.9176, 34.9609], [-89.9191, 34.9607], [-89.9192, 34.9618], [-89.9193, 34.962], [-89.9223, 34.9622], [-89.9229, 34.9625], [-89.9228, 34.9626], [-89.9228, 34.963], [-89.9229, 34.9631], [-89.923, 34.9631], [-89.9231, 34.9632], [-89.924, 34.9637], [-89.9243, 34.9637], [-89.9249, 34.964]]]}, "properties": {"zone": "X500"}}, {"type": "Feature", "geometry": {"type": "Polygon", "coordinates": [[[-89.8966, 35.0171], [-89.8968, 35.0161], [-89.8971, 35.0159], [-89.8982, 35.0161], [-89.898, 35.0155], [-89.8968, 35.016], [-89.8967, 35.0163], [-89.8966, 35.0171]]]}, "properties": {"zone": "X500"}}, {"type": "Feature", "geometry": {"type": "Polygon", "coordinates": [[[-89.8967, 35.0136], [-89.8965, 35.0133], [-89.8953, 35.0149], [-89.8957, 35.015], [-89.8961, 35.0141], [-89.8967, 35.0136]]]}, "properties": {"zone": "X500"}}, {"type": "Feature", "geometry": {"type": "Polygon", "coordinates": [[[-89.908, 35.0192], [-89.9083, 35.0191], [-89.9088, 35.0199], [-89.9093, 35.0195], [-89.91, 35.0194], [-89.9102, 35.0182], [-89.9091, 35.0179], [-89.9077, 35.0184], [-89.9083, 35.0187], [-89.908, 35.0192]]]}, "properties": {"zone": "X500"}}, {"type": "Feature", "geometry": {"type": "Polygon", "coordinates": [[[-89.8917, 35.0207], [-89.892, 35.0211], [-89.8923, 35.0206], [-89.8917, 35.0207]]]}, "properties": {"zone": "X500"}}, {"type": "Feature", "geometry": {"type": "Polygon", "coordinates": [[[-89.8896, 35.0218], [-89.8883, 35.0209], [-89.8878, 35.0214], [-89.8886, 35.0215], [-89.8887, 35.0213], [-89.8896, 35.0218]]]}, "properties": {"zone": "X500"}}, {"type": "Feature", "geometry": {"type": "Polygon", "coordinates": [[[-89.897, 35.0254], [-89.8971, 35.0258], [-89.8978, 35.0262], [-89.8991, 35.0272], [-89.8998, 35.0274], [-89.9004, 35.0268], [-89.9003, 35.0261], [-89.8996, 35.0257], [-89.8992, 35.0256], [-89.8987, 35.025], [-89.8989, 35.0247], [-89.8994, 35.0247], [-89.8995, 35.0243], [-89.8999, 35.024], [-89.9007, 35.0239], [-89.9005, 35.0236], [-89.8986, 35.0247], [-89.8985, 35.0254], [-89.8974, 35.0253], [-89.897, 35.0254]]]}, "properties": {"zone": "X500"}}, {"type": "Feature", "geometry": {"type": "Polygon", "coordinates": [[[-89.8888, 35.0287], [-89.8882, 35.0285], [-89.8883, 35.0278], [-89.8874, 35.028], [-89.8868, 35.029], [-89.8867, 35.0294], [-89.8868, 35.0295], [-89.8875, 35.0296], [-89.8878, 35.0295], [-89.8883, 35.0289], [-89.8888, 35.0287]], [[-89.8868, 35.0294], [-89.8869, 35.0288], [-89.8875, 35.0281], [-89.8877, 35.0282], [-89.8881, 35.0289], [-89.8875, 35.0294], [-89.8872, 35.0295], [-89.8868, 35.0294]]]}, "properties": {"zone": "X500"}}, {"type": "Feature", "geometry": {"type": "Polygon", "coordinates": [[[-89.8868, 35.0368], [-89.8873, 35.0374], [-89.8872, 35.0377], [-89.8882, 35.0396], [-89.8888, 35.0405], [-89.89, 35.0408], [-89.8905, 35.0405], [-89.8914, 35.0402], [-89.892, 35.0403], [-89.8917, 35.0394], [-89.891, 35.0396], [-89.8893, 35.0396], [-89.8889, 35.0392], [-89.8898, 35.039], [-89.8909, 35.039], [-89.8914, 35.0389], [-89.8912, 35.0379], [-89.8905, 35.0374], [-89.8913, 35.0372], [-89.8915, 35.0376], [-89.892, 35.0373], [-89.892, 35.0366], [-89.8922, 35.036], [-89.8918, 35.0357], [-89.89, 35.0357], [-89.89, 35.0351], [-89.889, 35.0345], [-89.8885, 35.0339], [-89.8883, 35.0348], [-89.8873, 35.0346], [-89.8873, 35.033], [-89.8875, 35.0326], [-89.8874, 35.0318], [-89.8879, 35.0311], [-89.8884, 35.0308], [-89.8885, 35.0304], [-89.8894, 35.0305], [-89.8895, 35.0307], [-89.8887, 35.031], [-89.8884, 35.0312], [-89.8886, 35.0319], [-89.889, 35.0317], [-89.8897, 35.0319], [-89.8902, 35.0317], [-89.8904, 35.0308], [-89.8914, 35.0308], [-89.8924, 35.0304], [-89.8933, 35.0307], [-89.8939, 35.0313], [-89.8944, 35.0312], [-89.8941, 35.0301], [-89.8946, 35.0293], [-89.8937, 35.0292], [-89.8938, 35.0296], [-89.8936, 35.0303], [-89.8933, 35.0302], [-89.8929, 35.0295], [-89.892, 35.0291], [-89.8918, 35.0299], [-89.8915, 35.0304], [-89.8911, 35.0306], [-89.8899, 35.0307], [-89.8896, 35.0304], [-89.8884, 35.0302], [-89.8874, 35.0309], [-89.8871, 35.0315], [-89.8867, 35.0325], [-89.8865, 35.0333], [-89.8865, 35.0341], [-89.8862, 35.0352], [-89.8865, 35.0365], [-89.8868, 35.0368]]]}, "properties": {"zone": "X500"}}, {"type": "Feature", "geometry": {"type": "Polygon", "coordinates": [[[-89.8929, 35.0408], [-89.8931, 35.0402], [-89.8931, 35.0373], [-89.893, 35.0369], [-89.8926, 35.0368], [-89.8924, 35.0373], [-89.8927, 35.0378], [-89.8929, 35.0408]]]}, "properties": {"zone": "X500"}}, {"type": "Feature", "geometry": {"type": "Polygon", "coordinates": [[[-89.9103, 35.0478], [-89.9093, 35.0482], [-89.9092, 35.0487], [-89.9094, 35.0491], [-89.9105, 35.0492], [-89.9107, 35.0486], [-89.9106, 35.048], [-89.9103, 35.0478]]]}, "properties": {"zone": "X500"}}, {"type": "Feature", "geometry": {"type": "Polygon", "coordinates": [[[-89.8898, 35.0549], [-89.8891, 35.0547], [-89.8887, 35.0547], [-89.8896, 35.0558], [-89.89, 35.0574], [-89.8902, 35.057], [-89.8919, 35.0562], [-89.8936, 35.0562], [-89.8939, 35.0561], [-89.8944, 35.0548], [-89.8948, 35.0545], [-89.8949, 35.054], [-89.8954, 35.0535], [-89.8967, 35.0535], [-89.8968, 35.0533], [-89.8959, 35.053], [-89.8958, 35.0528], [-89.8952, 35.0527], [-89.895, 35.0524], [-89.8954, 35.0518], [-89.8953, 35.0514], [-89.8945, 35.051], [-89.8958, 35.0508], [-89.8947, 35.0505], [-89.8943, 35.0499], [-89.8946, 35.0493], [-89.8951, 35.0496], [-89.8948, 35.0501], [-89.8954, 35.0501], [-89.8956, 35.0494], [-89.8963, 35.0486], [-89.8962, 35.0469], [-89.8959, 35.0466], [-89.8953, 35.0465], [-89.8941, 35.046], [-89.8933, 35.0451], [-89.8934, 35.0447], [-89.8928, 35.0446], [-89.8922, 35.0437], [-89.8921, 35.0432], [-89.8914, 35.0423], [-89.8917, 35.0419], [-89.893, 35.0419], [-89.8926, 35.0414], [-89.8904, 35.0411], [-89.8902, 35.0416], [-89.8911, 35.0414], [-89.8914, 35.0418], [-89.8911, 35.0422], [-89.8913, 35.0428], [-89.8919, 35.0432], [-89.8922, 35.044], [-89.8926, 35.0446], [-89.8934, 35.0454], [-89.8933, 35.0458], [-89.8928, 35.046], [-89.8923, 35.0459], [-89.8919, 35.0473], [-89.8916, 35.0478], [-89.8922, 35.0487], [-89.891, 35.0488], [-89.8901, 35.0492], [-89.8899, 35.0495], [-89.8901, 35.0499], [-89.8896, 35.0504], [-89.8896, 35.0507], [-89.8903, 35.0508], [-89.8914, 35.0512], [-89.8916, 35.0515], [-89.8906, 35.0515], [-89.8904, 35.0518], [-89.8916, 35.052], [-89.8915, 35.0527], [-89.8921, 35.0526], [-89.892, 35.0521], [-89.8924, 35.052], [-89.8928, 35.0526], [-89.8942, 35.0529], [-89.8945, 35.0524], [-89.8949, 35.0531], [-89.8945, 35.0535], [-89.8939, 35.0533], [-89.8936, 35.0535], [-89.893, 35.0535], [-89.8928, 35.0543], [-89.8925, 35.0546], [-89.8919, 35.0545], [-89.8919, 35.0541], [-89.8908, 35.0543], [-89.8904, 35.0537], [-89.89, 35.0547], [-89.8898, 35.0549]]]}, "properties": {"zone": "X500"}}, {"type": "Feature", "geometry": {"type": "Polygon", "coordinates": [[[-89.889, 35.0677], [-89.8881, 35.0687], [-89.8889, 35.0686], [-89.8891, 35.0681], [-89.8897, 35.0675], [-89.8908, 35.0679], [-89.8908, 35.0673], [-89.8913, 35.0668], [-89.8914, 35.066], [-89.8904, 35.0672], [-89.8895, 35.0669], [-89.889, 35.0677]]]}, "properties": {"zone": "X500"}}, {"type": "Feature", "geometry": {"type": "Polygon", "coordinates": [[[-89.8876, 35.0688], [-89.8878, 35.0684], [-89.8892, 35.0659], [-89.8887, 35.0663], [-89.8878, 35.0664], [-89.8876, 35.067], [-89.8872, 35.0669], [-89.8866, 35.0665], [-89.8864, 35.0667], [-89.8857, 35.0668], [-89.8854, 35.0662], [-89.8849, 35.0667], [-89.8843, 35.0662], [-89.8843, 35.0674], [-89.8841, 35.068], [-89.8844, 35.0681], [-89.8848, 35.0671], [-89.8852, 35.0677], [-89.885, 35.0681], [-89.8849, 35.0687], [-89.884, 35.0688], [-89.8843, 35.0692], [-89.8851, 35.0689], [-89.8856, 35.0682], [-89.8855, 35.0677], [-89.8859, 35.0672], [-89.8863, 35.0672], [-89.8873, 35.0673], [-89.8873, 35.0677], [-89.8869, 35.0686], [-89.8874, 35.069], [-89.886, 35.069], [-89.8862, 35.0692], [-89.8869, 35.0692], [-89.8871, 35.0694], [-89.8867, 35.07], [-89.8862, 35.0698], [-89.8858, 35.0713], [-89.8863, 35.0721], [-89.8866, 35.0722], [-89.887, 35.0698], [-89.8876, 35.0688]]]}, "properties": {"zone": "X500"}}, {"type": "Feature", "geometry": {"type": "Polygon", "coordinates": [[[-89.8903, 35.0761], [-89.8918, 35.0764], [-89.8919, 35.0759], [-89.8924, 35.0758], [-89.8924, 35.0753], [-89.8917, 35.0756], [-89.8914, 35.076], [-89.8909, 35.0759], [-89.8899, 35.0745], [-89.8895, 35.0737], [-89.8892, 35.0733], [-89.8882, 35.0733], [-89.8895, 35.074], [-89.8898, 35.0746], [-89.8899, 35.0757], [-89.8903, 35.0761]]]}, "properties": {"zone": "X500"}}, {"type": "Feature", "geometry": {"type": "Polygon", "coordinates": [[[-89.8887, 35.0757], [-89.8891, 35.0753], [-89.8874, 35.0756], [-89.8856, 35.0756], [-89.8853, 35.0757], [-89.8853, 35.0764], [-89.8855, 35.0767], [-89.8876, 35.0768], [-89.8887, 35.0765], [-89.8881, 35.0759], [-89.8887, 35.0757]]]}, "properties": {"zone": "X500"}}, {"type": "Feature", "geometry": {"type": "Polygon", "coordinates": [[[-89.8957, 35.0765], [-89.8959, 35.077], [-89.897, 35.077], [-89.8976, 35.0773], [-89.898, 35.0779], [-89.8991, 35.0785], [-89.8995, 35.0786], [-89.9004, 35.0785], [-89.9033, 35.0776], [-89.9055, 35.0765], [-89.9052, 35.0763], [-89.9051, 35.0757], [-89.9045, 35.0754], [-89.9045, 35.0769], [-89.902, 35.0779], [-89.9, 35.0785], [-89.9, 35.078], [-89.8987, 35.0777], [-89.8981, 35.0774], [-89.8989, 35.0772], [-89.8995, 35.0773], [-89.8997, 35.0776], [-89.9006, 35.0771], [-89.8998, 35.0764], [-89.8993, 35.0768], [-89.8986, 35.0768], [-89.8992, 35.0761], [-89.8988, 35.0756], [-89.8981, 35.0758], [-89.8967, 35.0756], [-89.8964, 35.0761], [-89.8957, 35.0765]]]}, "properties": {"zone": "X500"}}, {"type": "Feature", "geometry": {"type": "Polygon", "coordinates": [[[-89.8964, 35.082], [-89.8979, 35.0815], [-89.9016, 35.0801], [-89.9038, 35.0792], [-89.9051, 35.0786], [-89.9061, 35.078], [-89.9065, 35.0775], [-89.9065, 35.0771], [-89.9058, 35.0771], [-89.9039, 35.0782], [-89.9041, 35.0785], [-89.9034, 35.0791], [-89.9027, 35.0792], [-89.9026, 35.0789], [-89.902, 35.0788], [-89.9004, 35.0793], [-89.9003, 35.0801], [-89.9001, 35.0804], [-89.8993, 35.0808], [-89.8964, 35.082]]]}, "properties": {"zone": "X500"}}, {"type": "Feature", "geometry": {"type": "Polygon", "coordinates": [[[-89.9088, 35.079], [-89.9092, 35.0788], [-89.9091, 35.0784], [-89.9081, 35.0789], [-89.9077, 35.0795], [-89.9093, 35.0792], [-89.9096, 35.0794], [-89.9097, 35.0808], [-89.9103, 35.081], [-89.9105, 35.079], [-89.9102, 35.0786], [-89.9095, 35.0785], [-89.9094, 35.0791], [-89.9088, 35.079]]]}, "properties": {"zone": "X500"}}, {"type": "Feature", "geometry": {"type": "Polygon", "coordinates": [[[-89.8873, 35.0823], [-89.8867, 35.0824], [-89.8854, 35.0827], [-89.8872, 35.0826], [-89.8873, 35.0823]]]}, "properties": {"zone": "X500"}}, {"type": "Feature", "geometry": {"type": "Polygon", "coordinates": [[[-89.9001, 35.0848], [-89.8989, 35.0848], [-89.8982, 35.0852], [-89.898, 35.0859], [-89.8982, 35.0862], [-89.8991, 35.0861], [-89.8995, 35.0862], [-89.9006, 35.0862], [-89.9014, 35.0858], [-89.9022, 35.0856], [-89.9026, 35.0854], [-89.9026, 35.0843], [-89.9027, 35.0837], [-89.9041, 35.0832], [-89.9041, 35.0823], [-89.9043, 35.0816], [-89.9051, 35.0823], [-89.9069, 35.0821], [-89.9074, 35.0824], [-89.9077, 35.0821], [-89.9082, 35.0824], [-89.9087, 35.0823], [-89.9094, 35.0822], [-89.9094, 35.0818], [-89.9086, 35.0819], [-89.9084, 35.0817], [-89.9075, 35.0819], [-89.9055, 35.0818], [-89.9053, 35.0813], [-89.9047, 35.0811], [-89.9049, 35.0806], [-89.9047, 35.0803], [-89.9047, 35.0796], [-89.9027, 35.0802], [-89.8992, 35.0816], [-89.8996, 35.0819], [-89.8996, 35.0828], [-89.8986, 35.083], [-89.8984, 35.0836], [-89.8969, 35.0837], [-89.8964, 35.0842], [-89.8966, 35.0847], [-89.8979, 35.0846], [-89.8991, 35.0842], [-89.9003, 35.0843], [-89.9001, 35.0848]], [[-89.9011, 35.0845], [-89.9019, 35.0839], [-89.9016, 35.0836], [-89.9022, 35.0828], [-89.9027, 35.0823], [-89.9027, 35.0815], [-89.9036, 35.0813], [-89.904, 35.0825], [-89.903, 35.0829], [-89.9025, 35.0835], [-89.9022, 35.0841], [-89.9011, 35.0845]]]}, "properties": {"zone": "X500"}}, {"type": "Feature", "geometry": {"type": "Polygon", "coordinates": [[[-89.8892, 35.0835], [-89.8886, 35.0833], [-89.8872, 35.0836], [-89.8869, 35.0838], [-89.889, 35.0838], [-89.889, 35.0837], [-89.8912, 35.0833], [-89.8908, 35.0831], [-89.8903, 35.0831], [-89.89, 35.0834], [-89.8894, 35.0831], [-89.8892, 35.0835]]]}, "properties": {"zone": "X500"}}, {"type": "Feature", "geometry": {"type": "Polygon", "coordinates": [[[-89.8819, 35.1574], [-89.8825, 35.1578], [-89.8829, 35.1584], [-89.8835, 35.1581], [-89.8838, 35.1583], [-89.8848, 35.1588], [-89.8852, 35.1585], [-89.8848, 35.1582], [-89.8849, 35.1577], [-89.8857, 35.1574], [-89.8863, 35.1575], [-89.8868, 35.157], [-89.8872, 35.1571], [-89.8876, 35.1567], [-89.8882, 35.157], [-89.8881, 35.1572], [-89.8895, 35.1572], [-89.8906, 35.157], [-89.8906, 35.1562], [-89.8903, 35.156], [-89.8876, 35.1558], [-89.8874, 35.1554], [-89.888, 35.1551], [-89.888, 35.1549], [-89.8874, 35.1544], [-89.8877, 35.1541], [-89.8882, 35.1541], [-89.8882, 35.1535], [-89.8886, 35.1535], [-89.8892, 35.1537], [-89.8892, 35.153], [-89.8894, 35.1524], [-89.8888, 35.1522], [-89.8898, 35.1513], [-89.8912, 35.1505], [-89.8923, 35.1495], [-89.8925, 35.1487], [-89.8923, 35.1483], [-89.8923, 35.1477], [-89.8931, 35.1473], [-89.8933, 35.1464], [-89.8932, 35.1455], [-89.8932, 35.1446], [-89.893, 35.1446], [-89.893, 35.147], [-89.8926, 35.1474], [-89.892, 35.1476], [-89.8919, 35.1484], [-89.8914, 35.1487], [-89.8913, 35.1494], [-89.8909, 35.1494], [-89.8904, 35.15], [-89.8904, 35.1505], [-89.8896, 35.1511], [-89.8891, 35.1511], [-89.8888, 35.1514], [-89.8883, 35.151], [-89.8875, 35.1509], [-89.8874, 35.1513], [-89.8874, 35.1524], [-89.888, 35.1531], [-89.8876, 35.1534], [-89.8869, 35.153], [-89.8865, 35.153], [-89.8864, 35.1534], [-89.8871, 35.1538], [-89.8872, 35.1541], [-89.8868, 35.1546], [-89.8846, 35.1566], [-89.8842, 35.1568], [-89.8835, 35.1565], [-89.8827, 35.1564], [-89.8819, 35.1564], [-89.8817, 35.1572], [-89.8819, 35.1574]]]}, "properties": {"zone": "X500"}}, {"type": "Feature", "geometry": {"type": "Polygon", "coordinates": [[[-89.8908, 35.1593], [-89.8899, 35.1594], [-89.8871, 35.1597], [-89.8867, 35.1603], [-89.8882, 35.1607], [-89.8888, 35.1606], [-89.8897, 35.16], [-89.8903, 35.1601], [-89.8913, 35.1597], [-89.8908, 35.1593]]]}, "properties": {"zone": "X500"}}, {"type": "Feature", "geometry": {"type": "Polygon", "coordinates": [[[-89.9046, 35.1646], [-89.9049, 35.163], [-89.9058, 35.162], [-89.9055, 35.1615], [-89.9048, 35.1616], [-89.9049, 35.162], [-89.9048, 35.1627], [-89.9042, 35.1633], [-89.9044, 35.1641], [-89.9046, 35.1646]]]}, "properties": {"zone": "X500"}}, {"type": "Feature", "geometry": {"type": "Polygon", "coordinates": [[[-89.8891, 35.1686], [-89.8891, 35.1691], [-89.8888, 35.1693], [-89.8892, 35.1703], [-89.8896, 35.1706], [-89.891, 35.1704], [-89.8916, 35.1708], [-89.8916, 35.1713], [-89.8906, 35.1717], [-89.8902, 35.1723], [-89.8908, 35.1723], [-89.891, 35.1718], [-89.8923, 35.172], [-89.8937, 35.1718], [-89.8936, 35.1715], [-89.8925, 35.1712], [-89.8916, 35.1707], [-89.8893, 35.1686], [-89.8891, 35.1686]]]}, "properties": {"zone": "X500"}}, {"type": "Feature", "geometry": {"type": "Polygon", "coordinates": [[[-89.893, 35.1736], [-89.8931, 35.1745], [-89.8936, 35.1747], [-89.894, 35.1746], [-89.8945, 35.1749], [-89.8949, 35.1748], [-89.895, 35.1737], [-89.8943, 35.1738], [-89.8937, 35.1746], [-89.8932, 35.1745], [-89.893, 35.1736]]]}, "properties": {"zone": "X500"}}, {"type": "Feature", "geometry": {"type": "Polygon", "coordinates": [[[-89.9041, 35.1703], [-89.9044, 35.1709], [-89.9052, 35.1723], [-89.9055, 35.1728], [-89.9104, 35.1792], [-89.9089, 35.1772], [-89.9067, 35.1742], [-89.9054, 35.1726], [-89.9051, 35.1721], [-89.9041, 35.1703]]]}, "properties": {"zone": "X500"}}, {"type": "Feature", "geometry": {"type": "Polygon", "coordinates": [[[-89.9098, 35.1793], [-89.9078, 35.1766], [-89.905, 35.173], [-89.9042, 35.172], [-89.9039, 35.1717], [-89.9054, 35.1735], [-89.9072, 35.1758], [-89.9098, 35.1793]]]}, "properties": {"zone": "X500"}}, {"type": "Feature", "geometry": {"type": "Polygon", "coordinates": [[[-89.8907, 35.1758], [-89.8905, 35.1765], [-89.8904, 35.1779], [-89.8913, 35.1796], [-89.8918, 35.1795], [-89.8919, 35.1791], [-89.8915, 35.1785], [-89.8932, 35.1785], [-89.8939, 35.1782], [-89.8939, 35.1774], [-89.8943, 35.1771], [-89.8948, 35.177], [-89.8958, 35.1772], [-89.8959, 35.1769], [-89.8953, 35.1757], [-89.8946, 35.1752], [-89.8936, 35.1751], [-89.8929, 35.1754], [-89.8921, 35.1752], [-89.8911, 35.1746], [-89.8904, 35.1751], [-89.8907, 35.1758]], [[-89.8924, 35.178], [-89.8918, 35.177], [-89.8913, 35.1764], [-89.8907, 35.1752], [-89.8912, 35.1751], [-89.8913, 35.1755], [-89.8919, 35.1759], [-89.8924, 35.1756], [-89.8936, 35.1753], [-89.8938, 35.1758], [-89.8935, 35.1778], [-89.8931, 35.1781], [-89.8924, 35.178]]]}, "properties": {"zone": "X500"}}, {"type": "Feature", "geometry": {"type": "Polygon", "coordinates": [[[-89.897, 35.186], [-89.8969, 35.1871], [-89.899, 35.187], [-89.8997, 35.1871], [-89.9, 35.1869], [-89.9009, 35.1873], [-89.902, 35.187], [-89.9026, 35.1873], [-89.9025, 35.1866], [-89.9027, 35.1859], [-89.9035, 35.1853], [-89.9029, 35.1845], [-89.902, 35.1839], [-89.902, 35.1835], [-89.9017, 35.183], [-89.9008, 35.1823], [-89.9008, 35.1833], [-89.9003, 35.1841], [-89.9003, 35.1845], [-89.9007, 35.185], [-89.9008, 35.1862], [-89.9003, 35.1864], [-89.8992, 35.1862], [-89.8989, 35.1859], [-89.8988, 35.1854], [-89.8979, 35.1852], [-89.8976, 35.1852], [-89.897, 35.186]]]}, "properties": {"zone": "X500"}}, {"type": "Feature", "geometry": {"type": "Polygon", "coordinates": [[[-89.8866, 35.1859], [-89.8872, 35.1861], [-89.8875, 35.1856], [-89.8884, 35.185], [-89.8893, 35.1851], [-89.8898, 35.1855], [-89.8902, 35.1857], [-89.8905, 35.1858], [-89.8914, 35.1856], [-89.8921, 35.1858], [-89.8927, 35.1855], [-89.8934, 35.1858], [-89.8944, 35.1858], [-89.8943, 35.1853], [-89.8928, 35.1852], [-89.8925, 35.1851], [-89.8918, 35.1857], [-89.8914, 35.1855], [-89.8904, 35.1857], [-89.8899, 35.1854], [-89.8897, 35.1852], [-89.8883, 35.1847], [-89.8879, 35.1847], [-89.8875, 35.1853], [-89.8866, 35.1859]]]}, "properties": {"zone": "X500"}}, {"type": "Feature", "geometry": {"type": "Polygon", "coordinates": [[[-89.8899, 35.1886], [-89.8904, 35.1889], [-89.8907, 35.1888], [-89.8908, 35.1882], [-89.8911, 35.1878], [-89.8919, 35.1872], [-89.8928, 35.1871], [-89.8931, 35.1874], [-89.8936, 35.1875], [-89.894, 35.1884], [-89.8942, 35.1884], [-89.8939, 35.1876], [-89.8936, 35.1873], [-89.8929, 35.187], [-89.8919, 35.1872], [-89.8909, 35.1878], [-89.8907, 35.1882], [-89.8907, 35.1888], [-89.8904, 35.1889], [-89.8899, 35.1886]]]}, "properties": {"zone": "X500"}}, {"type": "Feature", "geometry": {"type": "Polygon", "coordinates": [[[-89.8875, 35.1883], [-89.8869, 35.1885], [-89.8865, 35.1896], [-89.8871, 35.1896], [-89.8875, 35.189], [-89.8869, 35.1888], [-89.8869, 35.1886], [-89.8875, 35.1883]]]}, "properties": {"zone": "X500"}}, {"type": "Feature", "geometry": {"type": "Polygon", "coordinates": [[[-89.8969, 35.1885], [-89.8966, 35.1884], [-89.8965, 35.1874], [-89.8964, 35.1874], [-89.8965, 35.19], [-89.897, 35.1896], [-89.8972, 35.1906], [-89.8973, 35.1907], [-89.8982, 35.1898], [-89.8987, 35.1893], [-89.8981, 35.1892], [-89.8975, 35.1897], [-89.8973, 35.1901], [-89.897, 35.1896], [-89.8967, 35.1891], [-89.8969, 35.1885]]]}, "properties": {"zone": "X500"}}, {"type": "Feature", "geometry": {"type": "Polygon", "coordinates": [[[-89.9004, 35.1899], [-89.9013, 35.1903], [-89.902, 35.1907], [-89.9028, 35.1915], [-89.9026, 35.1917], [-89.902, 35.1918], [-89.902, 35.1923], [-89.9026, 35.1934], [-89.903, 35.1936], [-89.9032, 35.195], [-89.903, 35.196], [-89.9033, 35.1959], [-89.9035, 35.1951], [-89.9038, 35.1949], [-89.9047, 35.1946], [-89.9048, 35.1936], [-89.9049, 35.1932], [-89.9052, 35.1932], [-89.9067, 35.1932], [-89.9071, 35.1934], [-89.9078, 35.1942], [-89.9081, 35.1944], [-89.9085, 35.1955], [-89.9086, 35.1939], [-89.9078, 35.1933], [-89.9075, 35.1932], [-89.9052, 35.1931], [-89.9049, 35.1932], [-89.9047, 35.1934], [-89.9046, 35.1942], [-89.9035, 35.1939], [-89.9033, 35.1933], [-89.9029, 35.1932], [-89.9028, 35.1926], [-89.9023, 35.1922], [-89.9024, 35.1918], [-89.9029, 35.1917], [-89.9028, 35.1915], [-89.9021, 35.1908], [-89.9011, 35.1902], [-89.9004, 35.1899]]]}, "properties": {"zone": "X500"}}, {"type": "Feature", "geometry": {"type": "Polygon", "coordinates": [[[-89.8872, 35.2084], [-89.8867, 35.2078], [-89.8863, 35.208], [-89.8866, 35.2086], [-89.8871, 35.209], [-89.8874, 35.2087], [-89.8872, 35.2084]]]}, "properties": {"zone": "X500"}}, {"type": "Feature", "geometry": {"type": "Polygon", "coordinates": [[[-89.8983, 35.2643], [-89.8993, 35.2648], [-89.8993, 35.2645], [-89.8986, 35.2644], [-89.8982, 35.264], [-89.898, 35.2628], [-89.8976, 35.2623], [-89.8971, 35.2619], [-89.8975, 35.2608], [-89.8973, 35.2602], [-89.8966, 35.26], [-89.8962, 35.2607], [-89.8962, 35.2612], [-89.8955, 35.2626], [-89.8955, 35.2631], [-89.8959, 35.2637], [-89.8965, 35.2641], [-89.8969, 35.2645], [-89.8971, 35.2649], [-89.8974, 35.2652], [-89.8974, 35.2656], [-89.8967, 35.2659], [-89.8948, 35.266], [-89.8945, 35.2659], [-89.8937, 35.2663], [-89.8929, 35.2658], [-89.8927, 35.2651], [-89.892, 35.2649], [-89.8915, 35.2656], [-89.8921, 35.2662], [-89.8927, 35.2661], [-89.893, 35.2667], [-89.8939, 35.2671], [-89.8945, 35.267], [-89.8946, 35.2665], [-89.8951, 35.2663], [-89.8966, 35.2661], [-89.8972, 35.2659], [-89.8975, 35.2656], [-89.8974, 35.2653], [-89.8971, 35.265], [-89.8966, 35.264], [-89.8962, 35.2637], [-89.8956, 35.2627], [-89.8958, 35.2621], [-89.8963, 35.2619], [-89.897, 35.2621], [-89.8976, 35.2627], [-89.8983, 35.2643]]]}, "properties": {"zone": "X500"}}, {"type": "Feature", "geometry": {"type": "Polygon", "coordinates": [[[-89.8834, 35.2695], [-89.884, 35.2692], [-89.8844, 35.2691], [-89.8858, 35.2689], [-89.8868, 35.2688], [-89.8872, 35.2689], [-89.8877, 35.2686], [-89.8866, 35.2688], [-89.8856, 35.2689], [-89.8843, 35.269], [-89.8838, 35.2692], [-89.8834, 35.2695]]]}, "properties": {"zone": "X500"}}, {"type": "Feature", "geometry": {"type": "Polygon", "coordinates": [[[-89.8901, 35.3294], [-89.8869, 35.3276], [-89.8868, 35.3278], [-89.8876, 35.3283], [-89.8883, 35.3285], [-89.8901, 35.3294]]]}, "properties": {"zone": "X500"}}, {"type": "Feature", "geometry": {"type": "Polygon", "coordinates": [[[-89.8954, 35.3318], [-89.8949, 35.3321], [-89.8953, 35.3326], [-89.8961, 35.3327], [-89.8965, 35.332], [-89.8958, 35.332], [-89.8954, 35.3318]]]}, "properties": {"zone": "X500"}}, {"type": "Feature", "geometry": {"type": "Polygon", "coordinates": [[[-89.8946, 35.3372], [-89.894, 35.3373], [-89.8933, 35.3372], [-89.8926, 35.3377], [-89.8914, 35.3394], [-89.8918, 35.3397], [-89.8927, 35.3399], [-89.8939, 35.3394], [-89.8949, 35.3387], [-89.8954, 35.3381], [-89.8955, 35.3375], [-89.8962, 35.3374], [-89.8965, 35.3371], [-89.8964, 35.3365], [-89.8973, 35.3366], [-89.8976, 35.3364], [-89.8978, 35.3356], [-89.8972, 35.3347], [-89.8975, 35.3343], [-89.8969, 35.3336], [-89.8962, 35.3333], [-89.8954, 35.3333], [-89.895, 35.3338], [-89.896, 35.3339], [-89.8962, 35.3345], [-89.896, 35.3347], [-89.8952, 35.3346], [-89.8949, 35.3355], [-89.8964, 35.3358], [-89.8961, 35.336], [-89.8944, 35.336], [-89.8937, 35.3359], [-89.8935, 35.3363], [-89.8947, 35.3364], [-89.8948, 35.3368], [-89.8937, 35.3367], [-89.8938, 35.3371], [-89.8946, 35.3372]]]}, "properties": {"zone": "X500"}}, {"type": "Feature", "geometry": {"type": "Polygon", "coordinates": [[[-89.9128, 35.3346], [-89.9088, 35.3344], [-89.908, 35.3351], [-89.9075, 35.3351], [-89.9069, 35.3341], [-89.9066, 35.3351], [-89.907, 35.3355], [-89.9065, 35.3365], [-89.9061, 35.3362], [-89.904, 35.336], [-89.9029, 35.3357], [-89.9024, 35.3361], [-89.9021, 35.3372], [-89.9012, 35.3376], [-89.9021, 35.3383], [-89.9026, 35.3383], [-89.9026, 35.3374], [-89.9034, 35.3371], [-89.9036, 35.3368], [-89.9044, 35.3369], [-89.9054, 35.3374], [-89.906, 35.3387], [-89.9056, 35.3389], [-89.9056, 35.3395], [-89.9039, 35.3406], [-89.9044, 35.3409], [-89.904, 35.342], [-89.9029, 35.342], [-89.9025, 35.3423], [-89.9007, 35.3424], [-89.8997, 35.3427], [-89.8996, 35.343], [-89.8991, 35.3432], [-89.8987, 35.344], [-89.8981, 35.3446], [-89.8993, 35.3445], [-89.8996, 35.3447], [-89.9002, 35.3447], [-89.9008, 35.3449], [-89.9035, 35.345], [-89.9065, 35.344], [-89.9064, 35.3436], [-89.907, 35.343], [-89.9068, 35.3426], [-89.907, 35.3422], [-89.9077, 35.3418], [-89.9077, 35.3413], [-89.9072, 35.3412], [-89.9067, 35.3409], [-89.9076, 35.3398], [-89.9078, 35.3394], [-89.9077, 35.3389], [-89.9068, 35.3383], [-89.9067, 35.338], [-89.907, 35.3374], [-89.9077, 35.3368], [-89.9082, 35.337], [-89.9084, 35.3377], [-89.9088, 35.3376], [-89.9099, 35.3365], [-89.9105, 35.3359], [-89.911, 35.3361], [-89.911, 35.3365], [-89.912, 35.336], [-89.9122, 35.3361], [-89.9117, 35.3369], [-89.9122, 35.3369], [-89.9118, 35.3375], [-89.9107, 35.338], [-89.9112, 35.3382], [-89.9116, 35.3379], [-89.9121, 35.338], [-89.9128, 35.3378], [-89.9129, 35.3374], [-89.9138, 35.3366], [-89.9147, 35.3358], [-89.9146, 35.3355], [-89.9141, 35.335], [-89.9135, 35.3347], [-89.9128, 35.3346]]]}, "properties": {"zone": "X500"}}, {"type": "Feature", "geometry": {"type": "Polygon", "coordinates": [[[-89.8844, 35.3419], [-89.8842, 35.3422], [-89.8851, 35.3421], [-89.8848, 35.3418], [-89.8844, 35.3419]]]}, "properties": {"zone": "X500"}}, {"type": "Feature", "geometry": {"type": "Polygon", "coordinates": [[[-89.8863, 35.3423], [-89.8858, 35.3423], [-89.8849, 35.3425], [-89.8842, 35.3425], [-89.884, 35.3431], [-89.8842, 35.3434], [-89.8847, 35.3432], [-89.8868, 35.3429], [-89.8875, 35.3429], [-89.8883, 35.3433], [-89.8887, 35.3421], [-89.8881, 35.3425], [-89.8878, 35.3421], [-89.8866, 35.3421], [-89.8863, 35.3423]]]}, "properties": {"zone": "X500"}}, {"type": "Feature", "geometry": {"type": "Polygon", "coordinates": [[[-89.9088, 35.3458], [-89.9082, 35.346], [-89.9077, 35.3466], [-89.9089, 35.3469], [-89.9093, 35.3479], [-89.9096, 35.3479], [-89.91, 35.3472], [-89.9108, 35.3464], [-89.9111, 35.3464], [-89.9112, 35.347], [-89.9117, 35.3467], [-89.9115, 35.3464], [-89.9108, 35.3462], [-89.9093, 35.3473], [-89.9088, 35.3458]]]}, "properties": {"zone": "X500"}}, {"type": "Feature", "geometry": {"type": "Polygon", "coordinates": [[[-89.8862, 35.3588], [-89.8866, 35.3583], [-89.8872, 35.3585], [-89.8874, 35.3588], [-89.888, 35.3586], [-89.8879, 35.3582], [-89.8869, 35.3581], [-89.8865, 35.3581], [-89.8862, 35.3588]]]}, "properties": {"zone": "X500"}}, {"type": "Feature", "geometry": {"type": "Polygon", "coordinates": [[[-89.8971, 35.3766], [-89.8952, 35.3762], [-89.8948, 35.3764], [-89.8942, 35.3772], [-89.8954, 35.3765], [-89.8962, 35.3766], [-89.8971, 35.3766]]]}, "properties": {"zone": "X500"}}, {"type": "Feature", "geometry": {"type": "Polygon", "coordinates": [[[-89.8705, 34.88], [-89.8687, 34.88], [-89.8679, 34.8801], [-89.8679, 34.8808], [-89.8688, 34.8815], [-89.8696, 34.8819], [-89.8702, 34.8819], [-89.8707, 34.8823], [-89.8699, 34.8824], [-89.8686, 34.8833], [-89.8685, 34.8841], [-89.8679, 34.8844], [-89.8677, 34.8846], [-89.8681, 34.8852], [-89.8684, 34.8849], [-89.8686, 34.8844], [-89.8691, 34.8841], [-89.8692, 34.8835], [-89.8694, 34.8831], [-89.8702, 34.8825], [-89.8713, 34.8823], [-89.8704, 34.8817], [-89.8692, 34.8814], [-89.8731, 34.8813], [-89.8735, 34.8809], [-89.8737, 34.8801], [-89.8705, 34.88]]]}, "properties": {"zone": "X500"}}, {"type": "Feature", "geometry": {"type": "Polygon", "coordinates": [[[-89.8706, 34.8906], [-89.8705, 34.8895], [-89.8702, 34.8899], [-89.8701, 34.8908], [-89.8696, 34.8914], [-89.8697, 34.8927], [-89.8695, 34.8931], [-89.8695, 34.894], [-89.8699, 34.895], [-89.8703, 34.8954], [-89.8702, 34.8962], [-89.8711, 34.8963], [-89.8715, 34.8966], [-89.8711, 34.8972], [-89.8711, 34.8976], [-89.8714, 34.8983], [-89.8713, 34.8988], [-89.8713, 34.8996], [-89.8722, 34.8993], [-89.8726, 34.8979], [-89.8719, 34.8973], [-89.8719, 34.8968], [-89.8724, 34.8969], [-89.8731, 34.8968], [-89.8728, 34.8964], [-89.8717, 34.8958], [-89.8706, 34.8957], [-89.8701, 34.895], [-89.8707, 34.8947], [-89.8707, 34.894], [-89.8701, 34.894], [-89.8702, 34.8934], [-89.8699, 34.893], [-89.8699, 34.8921], [-89.8701, 34.8912], [-89.8706, 34.8906]]]}, "properties": {"zone": "X500"}}, {"type": "Feature", "geometry": {"type": "Polygon", "coordinates": [[[-89.8806, 34.9064], [-89.8809, 34.9053], [-89.8805, 34.9053], [-89.8802, 34.9058], [-89.8806, 34.9064]]]}, "properties": {"zone": "X500"}}, {"type": "Feature", "geometry": {"type": "Polygon", "coordinates": [[[-89.8807, 34.9067], [-89.8803, 34.9067], [-89.8794, 34.9074], [-89.8802, 34.9073], [-89.8807, 34.9067]]]}, "properties": {"zone": "X500"}}, {"type": "Feature", "geometry": {"type": "Polygon", "coordinates": [[[-89.8721, 34.9132], [-89.8721, 34.9139], [-89.8727, 34.9132], [-89.8721, 34.9132]]]}, "properties": {"zone": "X500"}}, {"type": "Feature", "geometry": {"type": "Polygon", "coordinates": [[[-89.8947, 34.9493], [-89.8952, 34.9495], [-89.8963, 34.9495], [-89.896, 34.9491], [-89.8948, 34.9491], [-89.8949, 34.9486], [-89.8947, 34.9479], [-89.8941, 34.9478], [-89.8939, 34.9489], [-89.894, 34.9494], [-89.8936, 34.9495], [-89.8935, 34.9496], [-89.8933, 34.9496], [-89.8931, 34.9494], [-89.8927, 34.9494], [-89.8921, 34.949], [-89.8918, 34.949], [-89.8918, 34.9481], [-89.8915, 34.9477], [-89.8909, 34.9474], [-89.8907, 34.9468], [-89.8884, 34.9465], [-89.8873, 34.9467], [-89.8869, 34.9471], [-89.886, 34.947], [-89.8854, 34.9473], [-89.8852, 34.9472], [-89.8845, 34.9471], [-89.884, 34.9469], [-89.8837, 34.947], [-89.8835, 34.947], [-89.883, 34.9468], [-89.8836, 34.9462], [-89.883, 34.9459], [-89.8814, 34.9459], [-89.8814, 34.9456], [-89.8812, 34.9456], [-89.8812, 34.9458], [-89.8809, 34.9459], [-89.8804, 34.9457], [-89.88, 34.9452], [-89.8788, 34.9449], [-89.8783, 34.945], [-89.8782, 34.9454], [-89.8772, 34.9452], [-89.8764, 34.9448], [-89.8765, 34.9443], [-89.8762, 34.9441], [-89.8752, 34.9439], [-89.8743, 34.9434], [-89.8737, 34.9433], [-89.8735, 34.9433], [-89.8731, 34.9431], [-89.8724, 34.9431], [-89.872, 34.943], [-89.8716, 34.9427], [-89.8716, 34.9419], [-89.871, 34.9408], [-89.8705, 34.9408], [-89.8708, 34.9399], [-89.8705, 34.9389], [-89.8706, 34.9384], [-89.871, 34.938], [-89.8707, 34.9372], [-89.8706, 34.9363], [-89.8704, 34.9358], [-89.8712, 34.9347], [-89.8714, 34.9341], [-89.8708, 34.9331], [-89.871, 34.9321], [-89.8705, 34.9321], [-89.8695, 34.9319], [-89.8701, 34.9311], [-89.8707, 34.9308], [-89.8727, 34.9307], [-89.8734, 34.9312], [-89.8726, 34.9295], [-89.8728, 34.9291], [-89.8724, 34.9284], [-89.8731, 34.9272], [-89.8726, 34.9273], [-89.8726, 34.9278], [-89.8724, 34.9281], [-89.8721, 34.9288], [-89.8722, 34.9292], [-89.8717, 34.9293], [-89.8716, 34.9297], [-89.8721, 34.9303], [-89.8719, 34.9308], [-89.8708, 34.9307], [-89.8699, 34.9312], [-89.8694, 34.9319], [-89.8704, 34.9322], [-89.8709, 34.9322], [-89.8707, 34.933], [-89.8713, 34.9341], [-89.8711, 34.9348], [-89.8704, 34.9356], [-89.8702, 34.9362], [-89.8706, 34.9366], [-89.8706, 34.937], [-89.8708, 34.9378], [-89.8706, 34.9383], [-89.8705, 34.939], [-89.8706, 34.9399], [-89.8701, 34.9406], [-89.8705, 34.9409], [-89.8711, 34.9411], [-89.8715, 34.942], [-89.8715, 34.9428], [-89.872, 34.943], [-89.8724, 34.9431], [-89.8729, 34.9432], [-89.8733, 34.9432], [-89.8734, 34.9433], [-89.8739, 34.9434], [-89.8746, 34.9436], [-89.8752, 34.9439], [-89.876, 34.9441], [-89.8763, 34.9444], [-89.8762, 34.9447], [-89.8764, 34.9449], [-89.8772, 34.9452], [-89.8797, 34.9459], [-89.8808, 34.946], [-89.8812, 34.9458], [-89.8815, 34.946], [-89.8813, 34.9464], [-89.8824, 34.9467], [-89.883, 34.9468], [-89.8835, 34.947], [-89.8837, 34.9471], [-89.8838, 34.947], [-89.884, 34.9469], [-89.8845, 34.9471], [-89.8848, 34.9472], [-89.8849, 34.9473], [-89.8854, 34.9473], [-89.8854, 34.9474], [-89.8858, 34.9476], [-89.8872, 34.948], [-89.8888, 34.9486], [-89.8894, 34.9487], [-89.8911, 34.9491], [-89.8913, 34.949], [-89.8924, 34.9495], [-89.8931, 34.9494], [-89.8933, 34.9496], [-89.8934, 34.9496], [-89.894, 34.9494], [-89.8943, 34.9491], [-89.8947, 34.9493]]]}, "properties": {"zone": "X500"}}, {"type": "Feature", "geometry": {"type": "Polygon", "coordinates": [[[-89.8754, 34.9451], [-89.8779, 34.9459], [-89.8785, 34.9465], [-89.8791, 34.9467], [-89.8786, 34.948], [-89.8789, 34.9486], [-89.8787, 34.9491], [-89.8793, 34.9492], [-89.8796, 34.9485], [-89.8803, 34.949], [-89.8811, 34.9492], [-89.8808, 34.9486], [-89.8804, 34.9486], [-89.8799, 34.9481], [-89.8803, 34.9477], [-89.8823, 34.9476], [-89.8837, 34.9477], [-89.8842, 34.9484], [-89.8839, 34.9489], [-89.8829, 34.9488], [-89.8841, 34.9495], [-89.8844, 34.9495], [-89.8859, 34.9492], [-89.8859, 34.9483], [-89.8864, 34.9481], [-89.8874, 34.9485], [-89.888, 34.9486], [-89.8878, 34.949], [-89.8877, 34.95], [-89.8885, 34.9505], [-89.8891, 34.9505], [-89.8897, 34.9511], [-89.8908, 34.9509], [-89.8914, 34.9505], [-89.8922, 34.9505], [-89.8924, 34.95], [-89.8917, 34.9496], [-89.8908, 34.9495], [-89.8899, 34.9491], [-89.8879, 34.9486], [-89.8876, 34.9484], [-89.8855, 34.9478], [-89.8819, 34.9468], [-89.88, 34.9462], [-89.8773, 34.9455], [-89.8765, 34.9452], [-89.8754, 34.9451]]]}, "properties": {"zone": "X500"}}, {"type": "Feature", "geometry": {"type": "Polygon", "coordinates": [[[-89.8748, 35.0135], [-89.8752, 35.0127], [-89.8747, 35.0119], [-89.8738, 35.0116], [-89.8729, 35.0116], [-89.8719, 35.0114], [-89.8706, 35.0109], [-89.8698, 35.0103], [-89.8701, 35.0113], [-89.8723, 35.0126], [-89.8738, 35.0129], [-89.8748, 35.0135]]]}, "properties": {"zone": "X500"}}, {"type": "Feature", "geometry": {"type": "Polygon", "coordinates": [[[-89.8788, 35.014], [-89.8764, 35.0137], [-89.8753, 35.0139], [-89.8759, 35.0143], [-89.8762, 35.0147], [-89.8761, 35.0155], [-89.8755, 35.0161], [-89.8775, 35.0161], [-89.8781, 35.0159], [-89.8786, 35.0161], [-89.8794, 35.0169], [-89.88, 35.017], [-89.8798, 35.0163], [-89.8798, 35.0151], [-89.8796, 35.0148], [-89.8788, 35.014]]]}, "properties": {"zone": "X500"}}, {"type": "Feature", "geometry": {"type": "Polygon", "coordinates": [[[-89.8817, 35.0221], [-89.8811, 35.0227], [-89.8802, 35.0227], [-89.8805, 35.0231], [-89.8812, 35.0231], [-89.8813, 35.0235], [-89.8819, 35.0231], [-89.8813, 35.0227], [-89.8817, 35.0221]]]}, "properties": {"zone": "X500"}}, {"type": "Feature", "geometry": {"type": "Polygon", "coordinates": [[[-89.8809, 35.0245], [-89.8809, 35.0254], [-89.8811, 35.0257], [-89.8819, 35.0257], [-89.8827, 35.0255], [-89.8832, 35.0259], [-89.883, 35.0263], [-89.8816, 35.0264], [-89.8816, 35.0269], [-89.8822, 35.0272], [-89.8827, 35.0278], [-89.8827, 35.0269], [-89.8832, 35.0264], [-89.8833, 35.026], [-89.8829, 35.0248], [-89.8821, 35.0246], [-89.8811, 35.025], [-89.8809, 35.0245]]]}, "properties": {"zone": "X500"}}, {"type": "Feature", "geometry": {"type": "Polygon", "coordinates": [[[-89.8849, 35.0298], [-89.8847, 35.0293], [-89.8842, 35.0289], [-89.8837, 35.0293], [-89.8834, 35.0298], [-89.8825, 35.0299], [-89.8812, 35.0302], [-89.8807, 35.0304], [-89.8801, 35.0311], [-89.8806, 35.0318], [-89.8802, 35.0323], [-89.8798, 35.0335], [-89.88, 35.0337], [-89.8815, 35.0338], [-89.882, 35.034], [-89.8824, 35.0351], [-89.8812, 35.0354], [-89.8809, 35.0355], [-89.8802, 35.0353], [-89.8798, 35.0356], [-89.8798, 35.0364], [-89.8801, 35.0369], [-89.8801, 35.0381], [-89.8806, 35.0387], [-89.8806, 35.0397], [-89.8812, 35.0406], [-89.882, 35.0406], [-89.8827, 35.0413], [-89.8832, 35.0414], [-89.8848, 35.0412], [-89.8846, 35.042], [-89.8837, 35.0424], [-89.8827, 35.0423], [-89.88, 35.0423], [-89.8815, 35.0427], [-89.8819, 35.043], [-89.882, 35.0438], [-89.8813, 35.044], [-89.8808, 35.0439], [-89.8797, 35.0441], [-89.8795, 35.0445], [-89.8797, 35.0449], [-89.8803, 35.0445], [-89.8824, 35.0446], [-89.8826, 35.045], [-89.8825, 35.0455], [-89.8807, 35.0461], [-89.8817, 35.0463], [-89.8815, 35.0467], [-89.8821, 35.0471], [-89.8819, 35.0475], [-89.8824, 35.0479], [-89.8811, 35.048], [-89.881, 35.0487], [-89.8813, 35.049], [-89.8812, 35.0496], [-89.8821, 35.0502], [-89.8826, 35.0495], [-89.8828, 35.0499], [-89.8836, 35.0504], [-89.8835, 35.0506], [-89.8819, 35.0508], [-89.8818, 35.0513], [-89.8812, 35.0513], [-89.881, 35.0515], [-89.8811, 35.0523], [-89.8814, 35.0526], [-89.8827, 35.0533], [-89.883, 35.0535], [-89.8819, 35.0545], [-89.8833, 35.0546], [-89.8832, 35.055], [-89.8842, 35.0551], [-89.885, 35.0555], [-89.8855, 35.0548], [-89.8863, 35.0557], [-89.8868, 35.0559], [-89.8881, 35.0562], [-89.889, 35.0567], [-89.8893, 35.0568], [-89.8891, 35.0559], [-89.8881, 35.0549], [-89.8871, 35.0547], [-89.888, 35.0539], [-89.8888, 35.0527], [-89.8887, 35.0524], [-89.888, 35.0522], [-89.8888, 35.0519], [-89.8889, 35.0509], [-89.8893, 35.0507], [-89.8891, 35.0502], [-89.889, 35.0488], [-89.8885, 35.0479], [-89.8882, 35.0465], [-89.8881, 35.0455], [-89.8876, 35.0452], [-89.8864, 35.0449], [-89.8863, 35.0446], [-89.8868, 35.0444], [-89.8885, 35.0443], [-89.8888, 35.0439], [-89.8887, 35.0434], [-89.8883, 35.043], [-89.8873, 35.0431], [-89.8863, 35.043], [-89.8863, 35.0427], [-89.8871, 35.0427], [-89.8886, 35.0427], [-89.8891, 35.0426], [-89.8885, 35.0414], [-89.8876, 35.0402], [-89.8866, 35.0385], [-89.8867, 35.0381], [-89.8864, 35.0378], [-89.8852, 35.0378], [-89.8849, 35.0376], [-89.8851, 35.0368], [-89.885, 35.0365], [-89.8855, 35.0362], [-89.8848, 35.0357], [-89.8858, 35.0352], [-89.8858, 35.0349], [-89.885, 35.0348], [-89.8848, 35.0345], [-89.8847, 35.0335], [-89.8851, 35.0327], [-89.8847, 35.032], [-89.8841, 35.0301], [-89.8837, 35.0295], [-89.8841, 35.0294], [-89.8844, 35.0298], [-89.8849, 35.0298]]]}, "properties": {"zone": "X500"}}, {"type": "Feature", "geometry": {"type": "Polygon", "coordinates": [[[-89.8774, 35.0792], [-89.8768, 35.0794], [-89.8768, 35.0798], [-89.8772, 35.0801], [-89.8778, 35.0798], [-89.8781, 35.0801], [-89.8781, 35.0805], [-89.8789, 35.081], [-89.8799, 35.081], [-89.8806, 35.0812], [-89.8812, 35.0811], [-89.8818, 35.0816], [-89.8814, 35.0821], [-89.8831, 35.0828], [-89.8835, 35.0829], [-89.8838, 35.0818], [-89.8836, 35.0813], [-89.8839, 35.0803], [-89.8835, 35.0803], [-89.8815, 35.0803], [-89.8808, 35.08], [-89.8806, 35.0796], [-89.8799, 35.079], [-89.8787, 35.0788], [-89.8787, 35.0784], [-89.88, 35.0786], [-89.8812, 35.08], [-89.8815, 35.0802], [-89.8825, 35.0802], [-89.8832, 35.0801], [-89.8834, 35.0799], [-89.8843, 35.08], [-89.8845, 35.0794], [-89.8838, 35.0793], [-89.8831, 35.0797], [-89.8827, 35.0796], [-89.8818, 35.0798], [-89.8811, 35.0793], [-89.8808, 35.0788], [-89.8806, 35.0779], [-89.8812, 35.0776], [-89.8812, 35.0772], [-89.8805, 35.0769], [-89.8799, 35.0769], [-89.8793, 35.0766], [-89.8787, 35.0766], [-89.8782, 35.0763], [-89.878, 35.0772], [-89.8778, 35.0774], [-89.8765, 35.0774], [-89.8761, 35.0772], [-89.8759, 35.0761], [-89.876, 35.0755], [-89.8757, 35.0748], [-89.8754, 35.0747], [-89.8747, 35.0756], [-89.8738, 35.0756], [-89.8724, 35.076], [-89.8707, 35.0757], [-89.8698, 35.0758], [-89.8692, 35.0753], [-89.8684, 35.0749], [-89.868, 35.0745], [-89.8674, 35.0745], [-89.8672, 35.0747], [-89.8679, 35.075], [-89.869, 35.0753], [-89.8697, 35.076], [-89.8716, 35.0764], [-89.8732, 35.076], [-89.8732, 35.0764], [-89.8725, 35.0769], [-89.8727, 35.0773], [-89.8735, 35.0772], [-89.8742, 35.0778], [-89.8744, 35.078], [-89.8751, 35.0783], [-89.8755, 35.078], [-89.8751, 35.0775], [-89.8774, 35.0775], [-89.8777, 35.0778], [-89.8774, 35.0783], [-89.8774, 35.0792]]]}, "properties": {"zone": "X500"}}, {"type": "Feature", "geometry": {"type": "Polygon", "coordinates": [[[-89.8723, 35.0793], [-89.8705, 35.0785], [-89.8702, 35.0785], [-89.8701, 35.079], [-89.8703, 35.0812], [-89.8701, 35.0822], [-89.8702, 35.0825], [-89.8704, 35.0841], [-89.8711, 35.0839], [-89.8711, 35.0834], [-89.8703, 35.0833], [-89.8703, 35.0826], [-89.8704, 35.0801], [-89.8704, 35.0794], [-89.8705, 35.0786], [-89.8723, 35.0793]]]}, "properties": {"zone": "X500"}}, {"type": "Feature", "geometry": {"type": "Polygon", "coordinates": [[[-89.8721, 35.1429], [-89.8729, 35.1429], [-89.8753, 35.1448], [-89.8781, 35.1467], [-89.8811, 35.1484], [-89.8825, 35.1494], [-89.8828, 35.1491], [-89.8828, 35.1476], [-89.8824, 35.1467], [-89.8826, 35.1464], [-89.8825, 35.1459], [-89.8831, 35.1459], [-89.8835, 35.1463], [-89.8841, 35.1458], [-89.884, 35.1451], [-89.8836, 35.1448], [-89.8833, 35.1448], [-89.8825, 35.1452], [-89.8817, 35.1444], [-89.8815, 35.1435], [-89.8809, 35.144], [-89.8805, 35.1436], [-89.8796, 35.1434], [-89.8795, 35.1429], [-89.8796, 35.142], [-89.8794, 35.1414], [-89.8791, 35.1414], [-89.8786, 35.141], [-89.8786, 35.1406], [-89.8773, 35.1399], [-89.8763, 35.1393], [-89.8754, 35.1395], [-89.8752, 35.1387], [-89.8742, 35.1373], [-89.8741, 35.1388], [-89.8738, 35.1399], [-89.8734, 35.14], [-89.8724, 35.1399], [-89.8718, 35.14], [-89.8715, 35.1404], [-89.8711, 35.1402], [-89.8708, 35.1398], [-89.8698, 35.1384], [-89.8694, 35.137], [-89.8693, 35.1357], [-89.8691, 35.135], [-89.8688, 35.1347], [-89.8682, 35.1349], [-89.8682, 35.1359], [-89.8685, 35.1368], [-89.8693, 35.1384], [-89.87, 35.1395], [-89.8711, 35.1408], [-89.872, 35.142], [-89.8725, 35.1427], [-89.8721, 35.1429]], [[-89.8821, 35.1469], [-89.8825, 35.1471], [-89.8827, 35.148], [-89.8826, 35.1493], [-89.8779, 35.1465], [-89.8757, 35.1451], [-89.8741, 35.1438], [-89.8718, 35.1417], [-89.8712, 35.1407], [-89.87, 35.1395], [-89.8691, 35.138], [-89.8687, 35.1369], [-89.8682, 35.1356], [-89.8687, 35.1349], [-89.869, 35.135], [-89.869, 35.136], [-89.8694, 35.1379], [-89.8701, 35.1391], [-89.8708, 35.14], [-89.8713, 35.1404], [-89.8716, 35.1403], [-89.8723, 35.14], [-89.8735, 35.1401], [-89.8743, 35.14], [-89.8743, 35.1419], [-89.8745, 35.1425], [-89.8764, 35.1438], [-89.8777, 35.1446], [-89.8781, 35.1445], [-89.8786, 35.144], [-89.879, 35.1441], [-89.8786, 35.145], [-89.8786, 35.1466], [-89.879, 35.1469], [-89.8811, 35.1468], [-89.8821, 35.1469]]]}, "properties": {"zone": "X500"}}, {"type": "Feature", "geometry": {"type": "Polygon", "coordinates": [[[-89.8814, 35.1513], [-89.8814, 35.151], [-89.8807, 35.1499], [-89.8806, 35.1495], [-89.8796, 35.1485], [-89.8787, 35.1477], [-89.8781, 35.1473], [-89.8764, 35.1461], [-89.8757, 35.1456], [-89.8755, 35.1455], [-89.8787, 35.1477], [-89.8794, 35.1483], [-89.8804, 35.1493], [-89.8805, 35.1497], [-89.8803, 35.15], [-89.8809, 35.1503], [-89.8814, 35.1513]]]}, "properties": {"zone": "X500"}}, {"type": "Feature", "geometry": {"type": "Polygon", "coordinates": [[[-89.8719, 35.1618], [-89.872, 35.1619], [-89.8735, 35.1619], [-89.8746, 35.1623], [-89.8754, 35.1624], [-89.8763, 35.1623], [-89.877, 35.162], [-89.8775, 35.1622], [-89.8777, 35.1622], [-89.878, 35.1621], [-89.8787, 35.1624], [-89.8786, 35.1629], [-89.8793, 35.1627], [-89.8794, 35.1624], [-89.8801, 35.1618], [-89.8804, 35.1613], [-89.8812, 35.1611], [-89.8818, 35.1605], [-89.8811, 35.1597], [-89.8798, 35.1609], [-89.8787, 35.1618], [-89.8776, 35.1622], [-89.8774, 35.1621], [-89.8772, 35.1619], [-89.8768, 35.1619], [-89.8765, 35.1622], [-89.8759, 35.1623], [-89.8746, 35.1622], [-89.8733, 35.1618], [-89.8719, 35.1618]]]}, "properties": {"zone": "X500"}}, {"type": "Feature", "geometry": {"type": "Polygon", "coordinates": [[[-89.8776, 35.1646], [-89.8778, 35.1654], [-89.8787, 35.1661], [-89.8786, 35.1657], [-89.8779, 35.1652], [-89.8779, 35.164], [-89.8776, 35.1642], [-89.8776, 35.1646]]]}, "properties": {"zone": "X500"}}, {"type": "Feature", "geometry": {"type": "Polygon", "coordinates": [[[-89.8818, 35.1681], [-89.882, 35.1677], [-89.8812, 35.1677], [-89.8812, 35.1683], [-89.8813, 35.1705], [-89.8818, 35.1699], [-89.8819, 35.1688], [-89.8818, 35.1681]]]}, "properties": {"zone": "X500"}}, {"type": "Feature", "geometry": {"type": "Polygon", "coordinates": [[[-89.8777, 35.1667], [-89.8763, 35.1669], [-89.8758, 35.1668], [-89.8757, 35.1674], [-89.875, 35.1678], [-89.8745, 35.1677], [-89.8739, 35.1682], [-89.8731, 35.1678], [-89.8726, 35.1681], [-89.8716, 35.1691], [-89.87, 35.1706], [-89.8703, 35.1711], [-89.87, 35.1717], [-89.8695, 35.1719], [-89.8696, 35.1725], [-89.8708, 35.173], [-89.8712, 35.173], [-89.8726, 35.1725], [-89.8717, 35.1723], [-89.8712, 35.1727], [-89.8704, 35.1727], [-89.8704, 35.1717], [-89.8708, 35.1718], [-89.8712, 35.1715], [-89.8715, 35.1719], [-89.872, 35.1716], [-89.8717, 35.1711], [-89.871, 35.1711], [-89.8701, 35.1706], [-89.8716, 35.1691], [-89.8726, 35.1681], [-89.8731, 35.1679], [-89.8738, 35.1682], [-89.8745, 35.1678], [-89.8751, 35.1678], [-89.8757, 35.1675], [-89.8759, 35.1672], [-89.8777, 35.1667]]]}, "properties": {"zone": "X500"}}, {"type": "Feature", "geometry": {"type": "Polygon", "coordinates": [[[-89.879, 35.1894], [-89.8786, 35.1889], [-89.8779, 35.1889], [-89.8781, 35.1901], [-89.8785, 35.1895], [-89.8788, 35.1896], [-89.879, 35.1907], [-89.8781, 35.1917], [-89.879, 35.1915], [-89.8788, 35.1911], [-89.8794, 35.1908], [-89.8796, 35.19], [-89.879, 35.19], [-89.879, 35.1894]]]}, "properties": {"zone": "X500"}}, {"type": "Feature", "geometry": {"type": "Polygon", "coordinates": [[[-89.8807, 35.1947], [-89.8811, 35.195], [-89.8811, 35.1942], [-89.8819, 35.1936], [-89.8821, 35.1932], [-89.8822, 35.1925], [-89.8828, 35.1927], [-89.8829, 35.1924], [-89.882, 35.1922], [-89.8819, 35.1926], [-89.8821, 35.193], [-89.8819, 35.1936], [-89.8806, 35.1944], [-89.8807, 35.1947]]]}, "properties": {"zone": "X500"}}, {"type": "Feature", "geometry": {"type": "Polygon", "coordinates": [[[-89.8753, 35.1965], [-89.8744, 35.1974], [-89.8749, 35.1974], [-89.8754, 35.1967], [-89.8753, 35.1965]]]}, "properties": {"zone": "X500"}}, {"type": "Feature", "geometry": {"type": "Polygon", "coordinates": [[[-89.8716, 35.1976], [-89.8716, 35.1982], [-89.8721, 35.1981], [-89.872, 35.1977], [-89.8716, 35.1976]]]}, "properties": {"zone": "X500"}}, {"type": "Feature", "geometry": {"type": "Polygon", "coordinates": [[[-89.8745, 35.1989], [-89.8727, 35.2003], [-89.8726, 35.2008], [-89.8729, 35.201], [-89.8736, 35.2007], [-89.8738, 35.1997], [-89.8745, 35.1989]]]}, "properties": {"zone": "X500"}}, {"type": "Feature", "geometry": {"type": "Polygon", "coordinates": [[[-89.8728, 35.1991], [-89.8722, 35.1989], [-89.8721, 35.1994], [-89.8722, 35.1999], [-89.8728, 35.1991]]]}, "properties": {"zone": "X500"}}, {"type": "Feature", "geometry": {"type": "Polygon", "coordinates": [[[-89.8738, 35.3183], [-89.8742, 35.3179], [-89.8734, 35.3175], [-89.8715, 35.3173], [-89.871, 35.3174], [-89.8733, 35.3185], [-89.8738, 35.3183]]]}, "properties": {"zone": "X500"}}, {"type": "Feature", "geometry": {"type": "Polygon", "coordinates": [[[-89.8724, 35.32], [-89.8728, 35.3194], [-89.8713, 35.3185], [-89.8709, 35.3185], [-89.8716, 35.3199], [-89.8719, 35.3201], [-89.8724, 35.32]]]}, "properties": {"zone": "X500"}}, {"type": "Feature", "geometry": {"type": "Polygon", "coordinates": [[[-89.8765, 35.3205], [-89.8756, 35.319], [-89.8751, 35.3184], [-89.8746, 35.3181], [-89.874, 35.3188], [-89.8744, 35.3193], [-89.8756, 35.3199], [-89.8765, 35.3205]]]}, "properties": {"zone": "X500"}}, {"type": "Feature", "geometry": {"type": "Polygon", "coordinates": [[[-89.8747, 35.3207], [-89.8745, 35.3204], [-89.8737, 35.3199], [-89.8732, 35.3195], [-89.8728, 35.3201], [-89.8727, 35.3205], [-89.8734, 35.3209], [-89.8755, 35.3211], [-89.8747, 35.3207]]]}, "properties": {"zone": "X500"}}, {"type": "Feature", "geometry": {"type": "Polygon", "coordinates": [[[-89.8795, 35.3248], [-89.88, 35.3255], [-89.8803, 35.3247], [-89.8809, 35.3245], [-89.8818, 35.3249], [-89.8824, 35.3254], [-89.8837, 35.3261], [-89.884, 35.326], [-89.882, 35.3249], [-89.8818, 35.3245], [-89.8794, 35.3231], [-89.877, 35.3218], [-89.8762, 35.3217], [-89.8755, 35.3213], [-89.8726, 35.3209], [-89.8719, 35.3212], [-89.8715, 35.3216], [-89.8707, 35.3231], [-89.8714, 35.3237], [-89.8722, 35.3239], [-89.8732, 35.3245], [-89.8741, 35.3247], [-89.8742, 35.3244], [-89.8749, 35.3237], [-89.875, 35.3242], [-89.8755, 35.3245], [-89.8769, 35.3247], [-89.8767, 35.3241], [-89.8771, 35.3236], [-89.8773, 35.3225], [-89.8778, 35.3226], [-89.8781, 35.3229], [-89.8792, 35.323], [-89.8801, 35.3236], [-89.8802, 35.324], [-89.8796, 35.3241], [-89.8795, 35.3248]], [[-89.8744, 35.3239], [-89.8746, 35.3231], [-89.8743, 35.3227], [-89.8727, 35.3222], [-89.8724, 35.3217], [-89.8729, 35.3213], [-89.8739, 35.3222], [-89.8747, 35.3224], [-89.8749, 35.3228], [-89.8744, 35.3239]]]}, "properties": {"zone": "X500"}}, {"type": "Feature", "geometry": {"type": "Polygon", "coordinates": [[[-89.8752, 35.3247], [-89.8747, 35.325], [-89.8762, 35.3253], [-89.8752, 35.3247]]]}, "properties": {"zone": "X500"}}, {"type": "Feature", "geometry": {"type": "Polygon", "coordinates": [[[-89.8744, 35.3261], [-89.8747, 35.3264], [-89.8765, 35.3271], [-89.8764, 35.3268], [-89.8753, 35.3262], [-89.8744, 35.3261]]]}, "properties": {"zone": "X500"}}, {"type": "Feature", "geometry": {"type": "Polygon", "coordinates": [[[-89.8793, 35.3296], [-89.8789, 35.3294], [-89.8781, 35.3282], [-89.8776, 35.3282], [-89.8783, 35.3288], [-89.8786, 35.3293], [-89.8791, 35.3297], [-89.8793, 35.3296]]]}, "properties": {"zone": "X500"}}, {"type": "Feature", "geometry": {"type": "Polygon", "coordinates": [[[-89.8595, 35.3298], [-89.8592, 35.3296], [-89.8589, 35.3313], [-89.8589, 35.3319], [-89.8597, 35.3318], [-89.8596, 35.3311], [-89.8599, 35.3308], [-89.8605, 35.3312], [-89.8609, 35.3318], [-89.8621, 35.3323], [-89.8622, 35.3331], [-89.8627, 35.3331], [-89.8627, 35.3342], [-89.8637, 35.3347], [-89.8643, 35.3347], [-89.8645, 35.3344], [-89.865, 35.3349], [-89.8655, 35.335], [-89.8657, 35.3353], [-89.8667, 35.3358], [-89.8674, 35.3369], [-89.8671, 35.3374], [-89.8679, 35.3378], [-89.8678, 35.3391], [-89.868, 35.3393], [-89.8693, 35.3395], [-89.8697, 35.3397], [-89.8711, 35.3398], [-89.8716, 35.3393], [-89.8719, 35.3397], [-89.8722, 35.3399], [-89.8731, 35.34], [-89.8734, 35.3398], [-89.8736, 35.3389], [-89.8738, 35.3384], [-89.8758, 35.3383], [-89.877, 35.3384], [-89.8781, 35.3378], [-89.879, 35.3379], [-89.8791, 35.3374], [-89.8787, 35.337], [-89.8781, 35.3368], [-89.8788, 35.3365], [-89.8791, 35.3368], [-89.8797, 35.3367], [-89.88, 35.3359], [-89.8802, 35.336], [-89.8802, 35.3366], [-89.8798, 35.3377], [-89.8803, 35.3376], [-89.8807, 35.3361], [-89.8805, 35.3358], [-89.8807, 35.3354], [-89.8806, 35.3349], [-89.8811, 35.3344], [-89.8816, 35.3345], [-89.8818, 35.3341], [-89.8826, 35.3341], [-89.8826, 35.3351], [-89.8824, 35.3366], [-89.8833, 35.3359], [-89.8843, 35.3354], [-89.8849, 35.3349], [-89.8853, 35.3354], [-89.8856, 35.3355], [-89.887, 35.3356], [-89.8874, 35.3357], [-89.8882, 35.3357], [-89.8888, 35.336], [-89.8887, 35.3365], [-89.8889, 35.3369], [-89.8897, 35.3368], [-89.8901, 35.3363], [-89.8904, 35.3349], [-89.8907, 35.3349], [-89.8911, 35.3355], [-89.8922, 35.3356], [-89.8926, 35.3359], [-89.8922, 35.3362], [-89.8915, 35.3362], [-89.891, 35.3365], [-89.8901, 35.3377], [-89.8889, 35.3384], [-89.8884, 35.3389], [-89.888, 35.3396], [-89.8881, 35.3399], [-89.8889, 35.3412], [-89.8891, 35.3407], [-89.8898, 35.3402], [-89.89, 35.3397], [-89.8895, 35.3393], [-89.8902, 35.3389], [-89.8909, 35.3389], [-89.8918, 35.3382], [-89.8919, 35.3376], [-89.8932, 35.3356], [-89.8929, 35.3352], [-89.8925, 35.3351], [-89.8915, 35.3352], [-89.8907, 35.3341], [-89.8907, 35.3333], [-89.8902, 35.3332], [-89.8895, 35.3341], [-89.8896, 35.3349], [-89.89, 35.3354], [-89.8893, 35.3362], [-89.8888, 35.3355], [-89.8878, 35.3352], [-89.8873, 35.3354], [-89.8858, 35.3353], [-89.8853, 35.3348], [-89.8846, 35.3347], [-89.884, 35.335], [-89.8835, 35.3356], [-89.8827, 35.3357], [-89.8831, 35.3351], [-89.8834, 35.335], [-89.8842, 35.3342], [-89.8847, 35.334], [-89.8849, 35.3336], [-89.8842, 35.3333], [-89.8836, 35.3337], [-89.8827, 35.3335], [-89.8829, 35.3328], [-89.8842, 35.3325], [-89.8845, 35.3323], [-89.8843, 35.3317], [-89.8831, 35.3315], [-89.8819, 35.3317], [-89.8813, 35.3314], [-89.881, 35.3313], [-89.8796, 35.331], [-89.8788, 35.3306], [-89.8788, 35.3315], [-89.88, 35.3316], [-89.8812, 35.3314], [-89.8816, 35.3316], [-89.8821, 35.332], [-89.8823, 35.3328], [-89.8818, 35.333], [-89.8813, 35.3325], [-89.8806, 35.3326], [-89.8803, 35.3336], [-89.8791, 35.3334], [-89.8783, 35.3334], [-89.8769, 35.3333], [-89.8768, 35.3329], [-89.8762, 35.3323], [-89.8764, 35.3312], [-89.8763, 35.3305], [-89.8765, 35.3302], [-89.8785, 35.3305], [-89.8787, 35.3303], [-89.8779, 35.3294], [-89.878, 35.3288], [-89.8767, 35.3278], [-89.8766, 35.3273], [-89.8746, 35.3264], [-89.8735, 35.3257], [-89.8728, 35.3256], [-89.8703, 35.3248], [-89.8699, 35.3241], [-89.8694, 35.325], [-89.8693, 35.3256], [-89.8689, 35.3256], [-89.8696, 35.324], [-89.8688, 35.3242], [-89.8687, 35.3257], [-89.869, 35.3269], [-89.8689, 35.3272], [-89.8686, 35.3298], [-89.8684, 35.3297], [-89.8685, 35.3286], [-89.8685, 35.3282], [-89.8679, 35.3282], [-89.8672, 35.3284], [-89.8664, 35.3284], [-89.866, 35.3286], [-89.8658, 35.3277], [-89.8652, 35.3274], [-89.8646, 35.3274], [-89.8643, 35.3277], [-89.8641, 35.3286], [-89.8639, 35.3289], [-89.8633, 35.3289], [-89.8632, 35.3276], [-89.8627, 35.3274], [-89.8615, 35.3272], [-89.8611, 35.3269], [-89.8598, 35.3268], [-89.8595, 35.3274], [-89.8596, 35.3283], [-89.8599, 35.3289], [-89.8597, 35.3297], [-89.8595, 35.3298]], [[-89.8749, 35.3336], [-89.8748, 35.3329], [-89.8755, 35.3329], [-89.8758, 35.3333], [-89.8755, 35.3339], [-89.8749, 35.3336]], [[-89.8728, 35.3276], [-89.8717, 35.3275], [-89.872, 35.3272], [-89.8739, 35.327], [-89.8736, 35.3276], [-89.8728, 35.3276]], [[-89.8606, 35.331], [-89.8603, 35.3304], [-89.8611, 35.33], [-89.8616, 35.3302], [-89.862, 35.33], [-89.8627, 35.3302], [-89.8624, 35.3307], [-89.8619, 35.3305], [-89.8606, 35.331]], [[-89.8621, 35.328], [-89.8617, 35.3281], [-89.8596, 35.3279], [-89.8596, 35.3273], [-89.8601, 35.3271], [-89.861, 35.3272], [-89.8612, 35.3275], [-89.8618, 35.3276], [-89.8621, 35.328]], [[-89.8639, 35.3327], [-89.864, 35.3326], [-89.8634, 35.3317], [-89.864, 35.3315], [-89.8645, 35.3307], [-89.8649, 35.331], [-89.8651, 35.3315], [-89.8649, 35.3324], [-89.8644, 35.3325], [-89.8645, 35.3329], [-89.864, 35.3331], [-89.8639, 35.3327]], [[-89.861, 35.3299], [-89.8606, 35.3297], [-89.8608, 35.3287], [-89.8611, 35.3283], [-89.8617, 35.3286], [-89.8619, 35.3289], [-89.8624, 35.3282], [-89.8628, 35.3282], [-89.8628, 35.329], [-89.8626, 35.3294], [-89.8612, 35.3294], [-89.861, 35.3299]], [[-89.8656, 35.3309], [-89.865, 35.3307], [-89.8651, 35.3304], [-89.8661, 35.3304], [-89.8668, 35.3303], [-89.8683, 35.3304], [-89.8681, 35.3311], [-89.8673, 35.3312], [-89.866, 35.3311], [-89.8656, 35.3309]], [[-89.8719, 35.3335], [-89.8718, 35.3331], [-89.8712, 35.3332], [-89.871, 35.3328], [-89.8698, 35.3328], [-89.8683, 35.3324], [-89.8685, 35.3313], [-89.8684, 35.3302], [-89.8667, 35.3299], [-89.8663, 35.3295], [-89.8663, 35.329], [-89.8671, 35.3286], [-89.8676, 35.3286], [-89.8682, 35.3292], [-89.8682, 35.3296], [-89.8684, 35.33], [-89.8686, 35.3298], [-89.8687, 35.3287], [-89.869, 35.3287], [-89.8694, 35.328], [-89.8699, 35.328], [-89.8702, 35.3289], [-89.8705, 35.3289], [-89.8708, 35.3284], [-89.8713, 35.3282], [-89.8719, 35.3286], [-89.8722, 35.3283], [-89.8727, 35.3283], [-89.8734, 35.3292], [-89.8735, 35.3298], [-89.8741, 35.33], [-89.8753, 35.3297], [-89.8753, 35.33], [-89.876, 35.3304], [-89.876, 35.3313], [-89.8756, 35.3317], [-89.8737, 35.331], [-89.8734, 35.3313], [-89.8738, 35.3319], [-89.8743, 35.3322], [-89.8742, 35.3325], [-89.8734, 35.3326], [-89.8729, 35.3328], [-89.8722, 35.3329], [-89.8719, 35.3335]]]}, "properties": {"zone": "X500"}}, {"type": "Feature", "geometry": {"type": "Polygon", "coordinates": [[[-89.8809, 35.3386], [-89.8805, 35.3387], [-89.8804, 35.3394], [-89.8812, 35.3394], [-89.8818, 35.3388], [-89.8809, 35.3386]]]}, "properties": {"zone": "X500"}}, {"type": "Feature", "geometry": {"type": "Polygon", "coordinates": [[[-89.8813, 35.3426], [-89.8815, 35.3427], [-89.8828, 35.3424], [-89.884, 35.3422], [-89.884, 35.3419], [-89.8831, 35.3419], [-89.8813, 35.3426]]]}, "properties": {"zone": "X500"}}, {"type": "Feature", "geometry": {"type": "Polygon", "coordinates": [[[-89.8828, 35.3431], [-89.8828, 35.3427], [-89.8814, 35.3429], [-89.8817, 35.3431], [-89.8828, 35.3431]]]}, "properties": {"zone": "X500"}}, {"type": "Feature", "geometry": {"type": "Polygon", "coordinates": [[[-89.8792, 35.357], [-89.8794, 35.3577], [-89.8797, 35.3579], [-89.8792, 35.3585], [-89.8793, 35.3589], [-89.8799, 35.359], [-89.8805, 35.3586], [-89.8822, 35.3581], [-89.8825, 35.3578], [-89.883, 35.3581], [-89.8828, 35.3586], [-89.8835, 35.3592], [-89.8823, 35.3606], [-89.8832, 35.3611], [-89.8841, 35.3613], [-89.884, 35.3621], [-89.8843, 35.3623], [-89.884, 35.3628], [-89.8839, 35.3636], [-89.8832, 35.3641], [-89.8833, 35.3643], [-89.8844, 35.3637], [-89.8851, 35.3634], [-89.8855, 35.3635], [-89.8853, 35.3627], [-89.8856, 35.3624], [-89.8858, 35.3614], [-89.8856, 35.3591], [-89.8863, 35.3576], [-89.8879, 35.3557], [-89.8886, 35.3547], [-89.889, 35.3534], [-89.889, 35.3521], [-89.8892, 35.3516], [-89.8875, 35.3523], [-89.8875, 35.3522], [-89.889, 35.3516], [-89.8886, 35.3508], [-89.8883, 35.3501], [-89.8878, 35.3496], [-89.8859, 35.3497], [-89.8847, 35.351], [-89.8847, 35.3513], [-89.8858, 35.3515], [-89.8866, 35.3519], [-89.8857, 35.3521], [-89.8851, 35.3525], [-89.8848, 35.3533], [-89.8844, 35.3533], [-89.8842, 35.3529], [-89.8836, 35.3527], [-89.883, 35.3531], [-89.8826, 35.3532], [-89.8804, 35.3557], [-89.88, 35.356], [-89.8792, 35.357]], [[-89.8838, 35.3577], [-89.8827, 35.3577], [-89.8831, 35.3569], [-89.884, 35.3574], [-89.8838, 35.3577]], [[-89.8827, 35.3545], [-89.8824, 35.3537], [-89.8825, 35.3534], [-89.8835, 35.353], [-89.884, 35.3532], [-89.8841, 35.3541], [-89.8827, 35.3545]]]}, "properties": {"zone": "X500"}}, {"type": "Feature", "geometry": {"type": "Polygon", "coordinates": [[[-89.872, 34.8894], [-89.8703, 34.8892], [-89.8699, 34.8888], [-89.8693, 34.8884], [-89.8681, 34.8873], [-89.8682, 34.8865], [-89.8688, 34.886], [-89.8689, 34.8857], [-89.8679, 34.8854], [-89.868, 34.8859], [-89.8677, 34.8861], [-89.8673, 34.8868], [-89.8676, 34.8873], [-89.8684, 34.8881], [-89.869, 34.8887], [-89.8697, 34.8893], [-89.872, 34.8894]]]}, "properties": {"zone": "X500"}}, {"type": "Feature", "geometry": {"type": "Polygon", "coordinates": [[[-89.8702, 34.9038], [-89.8712, 34.9038], [-89.8709, 34.9035], [-89.8707, 34.9029], [-89.8712, 34.9029], [-89.8721, 34.9014], [-89.872, 34.901], [-89.8723, 34.9004], [-89.8732, 34.8989], [-89.8731, 34.8989], [-89.8723, 34.8994], [-89.8715, 34.9005], [-89.8705, 34.9021], [-89.8699, 34.9024], [-89.8691, 34.9032], [-89.869, 34.9036], [-89.8702, 34.9038]]]}, "properties": {"zone": "X500"}}, {"type": "Feature", "geometry": {"type": "Polygon", "coordinates": [[[-89.8699, 34.904], [-89.8694, 34.9044], [-89.8688, 34.9053], [-89.8684, 34.9053], [-89.8674, 34.9061], [-89.8666, 34.9073], [-89.8672, 34.9076], [-89.8677, 34.9083], [-89.8682, 34.9084], [-89.8682, 34.9078], [-89.8677, 34.9073], [-89.8679, 34.9068], [-89.8685, 34.9067], [-89.8693, 34.906], [-89.8699, 34.905], [-89.8702, 34.905], [-89.871, 34.9044], [-89.8712, 34.904], [-89.8699, 34.904]]]}, "properties": {"zone": "X500"}}, {"type": "Feature", "geometry": {"type": "Polygon", "coordinates": [[[-89.8722, 34.9951], [-89.8715, 34.9958], [-89.8726, 34.9955], [-89.873, 34.995], [-89.8722, 34.9951]]]}, "properties": {"zone": "X500"}}, {"type": "Feature", "geometry": {"type": "Polygon", "coordinates": [[[-89.87, 35.0004], [-89.87, 35], [-89.8694, 34.9992], [-89.8689, 34.9989], [-89.8687, 34.9991], [-89.8695, 34.9996], [-89.87, 35.0004]]]}, "properties": {"zone": "X500"}}, {"type": "Feature", "geometry": {"type": "Polygon", "coordinates": [[[-89.8673, 35.0685], [-89.8672, 35.0687], [-89.8671, 35.0711], [-89.867, 35.0734], [-89.8673, 35.0738], [-89.868, 35.0737], [-89.8682, 35.0729], [-89.8673, 35.072], [-89.8673, 35.0716], [-89.868, 35.0715], [-89.8694, 35.0713], [-89.8691, 35.0709], [-89.8682, 35.0709], [-89.8673, 35.0711], [-89.8672, 35.0708], [-89.8673, 35.0685]]]}, "properties": {"zone": "X500"}}, {"type": "Feature", "geometry": {"type": "Polygon", "coordinates": [[[-89.8664, 35.0763], [-89.8659, 35.076], [-89.863, 35.0747], [-89.8635, 35.0752], [-89.8655, 35.0761], [-89.8664, 35.0763]]]}, "properties": {"zone": "X500"}}, {"type": "Feature", "geometry": {"type": "Polygon", "coordinates": [[[-89.867, 35.1664], [-89.8668, 35.1674], [-89.8675, 35.168], [-89.8677, 35.1674], [-89.8684, 35.1674], [-89.8689, 35.1677], [-89.8687, 35.1682], [-89.8682, 35.1683], [-89.868, 35.1686], [-89.8675, 35.1683], [-89.8668, 35.1688], [-89.8676, 35.1688], [-89.868, 35.1686], [-89.8684, 35.1683], [-89.869, 35.1682], [-89.8694, 35.1678], [-89.8688, 35.1669], [-89.8689, 35.1663], [-89.8694, 35.1664], [-89.8695, 35.1671], [-89.8697, 35.1669], [-89.8701, 35.1668], [-89.8706, 35.1671], [-89.8714, 35.1671], [-89.8716, 35.1668], [-89.8721, 35.1669], [-89.872, 35.1674], [-89.8726, 35.1676], [-89.8732, 35.1671], [-89.8723, 35.1671], [-89.8721, 35.1667], [-89.8715, 35.1667], [-89.8714, 35.1671], [-89.8706, 35.1671], [-89.8701, 35.1668], [-89.8695, 35.1668], [-89.8693, 35.1661], [-89.8689, 35.1659], [-89.8684, 35.1663], [-89.8687, 35.1668], [-89.8679, 35.167], [-89.8673, 35.1663], [-89.8671, 35.1667], [-89.867, 35.1664]]]}, "properties": {"zone": "X500"}}, {"type": "Feature", "geometry": {"type": "Polygon", "coordinates": [[[-89.86, 35.271], [-89.8622, 35.2688], [-89.8635, 35.2674], [-89.8647, 35.2662], [-89.865, 35.266], [-89.8651, 35.2659], [-89.8651, 35.2658], [-89.8654, 35.2656], [-89.8656, 35.2656], [-89.8656, 35.2654], [-89.8663, 35.2647], [-89.8668, 35.2647], [-89.8663, 35.2657], [-89.8666, 35.2662], [-89.8665, 35.2664], [-89.8665, 35.2667], [-89.8664, 35.2669], [-89.8665, 35.267], [-89.8669, 35.267], [-89.8668, 35.2677], [-89.8673, 35.2675], [-89.8677, 35.2678], [-89.8669, 35.2684], [-89.8673, 35.2685], [-89.8682, 35.2691], [-89.8685, 35.2697], [-89.8698, 35.2695], [-89.8707, 35.2696], [-89.8728, 35.2695], [-89.8734, 35.2693], [-89.8744, 35.2698], [-89.8756, 35.2699], [-89.8761, 35.27], [-89.8766, 35.2704], [-89.8769, 35.2706], [-89.8773, 35.2707], [-89.8776, 35.2708], [-89.8781, 35.2707], [-89.8786, 35.27], [-89.8793, 35.2699], [-89.8795, 35.2693], [-89.8801, 35.2686], [-89.8794, 35.2685], [-89.8795, 35.2678], [-89.879, 35.2666], [-89.8795, 35.2665], [-89.8792, 35.2659], [-89.8788, 35.2663], [-89.8787, 35.2674], [-89.8784, 35.2679], [-89.8788, 35.2691], [-89.8792, 35.2693], [-89.8792, 35.2698], [-89.8786, 35.2699], [-89.878, 35.2706], [-89.8777, 35.2707], [-89.8771, 35.2707], [-89.8759, 35.2699], [-89.8749, 35.2697], [-89.874, 35.2694], [-89.8729, 35.2688], [-89.8728, 35.2694], [-89.8712, 35.2695], [-89.8699, 35.2693], [-89.8693, 35.2695], [-89.8686, 35.2696], [-89.8679, 35.2685], [-89.8673, 35.2681], [-89.8676, 35.2678], [-89.8677, 35.2676], [-89.8673, 35.2675], [-89.867, 35.2676], [-89.8669, 35.2672], [-89.867, 35.267], [-89.8666, 35.267], [-89.8665, 35.2664], [-89.8667, 35.2662], [-89.8664, 35.2658], [-89.8666, 35.2652], [-89.867, 35.2647], [-89.8665, 35.2644], [-89.8655, 35.2654], [-89.8655, 35.2655], [-89.8653, 35.2656], [-89.8651, 35.2658], [-89.8651, 35.2659], [-89.8649, 35.266], [-89.8647, 35.2662], [-89.8635, 35.2674], [-89.8626, 35.2684], [-89.86, 35.271]]]}, "properties": {"zone": "X500"}}, {"type": "Feature", "geometry": {"type": "Polygon", "coordinates": [[[-89.8686, 35.316], [-89.8701, 35.3168], [-89.871, 35.317], [-89.8744, 35.3175], [-89.8741, 35.3167], [-89.8733, 35.3161], [-89.8731, 35.3155], [-89.8719, 35.3152], [-89.8717, 35.3154], [-89.8708, 35.3146], [-89.8703, 35.3145], [-89.8697, 35.3141], [-89.8689, 35.3145], [-89.8685, 35.314], [-89.8677, 35.3137], [-89.8665, 35.314], [-89.8662, 35.3138], [-89.8653, 35.3137], [-89.865, 35.3139], [-89.8671, 35.3152], [-89.8686, 35.316]]]}, "properties": {"zone": "X500"}}, {"type": "Feature", "geometry": {"type": "Polygon", "coordinates": [[[-89.8681, 34.9089], [-89.8675, 34.9092], [-89.8665, 34.9103], [-89.8667, 34.9113], [-89.8674, 34.9117], [-89.8679, 34.9122], [-89.8676, 34.913], [-89.8672, 34.9137], [-89.8673, 34.9141], [-89.8681, 34.9137], [-89.8685, 34.9127], [-89.8687, 34.9117], [-89.8677, 34.9113], [-89.8674, 34.9108], [-89.8678, 34.9097], [-89.8686, 34.9088], [-89.8681, 34.9089]]]}, "properties": {"zone": "X500"}}, {"type": "Feature", "geometry": {"type": "Polygon", "coordinates": [[[-89.8659, 34.9157], [-89.8665, 34.9159], [-89.8672, 34.9153], [-89.8673, 34.9147], [-89.8668, 34.9143], [-89.8664, 34.9147], [-89.8664, 34.9155], [-89.8659, 34.9157]]]}, "properties": {"zone": "X500"}}, {"type": "Feature", "geometry": {"type": "Polygon", "coordinates": [[[-89.8566, 34.9335], [-89.8574, 34.9336], [-89.858, 34.9336], [-89.8589, 34.9338], [-89.86, 34.9337], [-89.8596, 34.9333], [-89.86, 34.9329], [-89.8596, 34.9323], [-89.8598, 34.9321], [-89.86, 34.9322], [-89.8602, 34.9321], [-89.8602, 34.932], [-89.8599, 34.9321], [-89.8598, 34.932], [-89.86, 34.9318], [-89.8601, 34.9316], [-89.8603, 34.9315], [-89.8605, 34.9312], [-89.8612, 34.9306], [-89.8612, 34.9301], [-89.8616, 34.9286], [-89.8617, 34.9275], [-89.8616, 34.9263], [-89.8618, 34.926], [-89.8628, 34.9259], [-89.8634, 34.9252], [-89.863, 34.9247], [-89.8634, 34.9242], [-89.8639, 34.9241], [-89.8637, 34.9235], [-89.8628, 34.9234], [-89.863, 34.923], [-89.8622, 34.9224], [-89.8623, 34.9214], [-89.8625, 34.921], [-89.8633, 34.9204], [-89.8638, 34.9194], [-89.8641, 34.919], [-89.865, 34.919], [-89.8653, 34.9186], [-89.865, 34.9182], [-89.8641, 34.9181], [-89.8635, 34.9186], [-89.8626, 34.919], [-89.8626, 34.9194], [-89.863, 34.9198], [-89.8627, 34.9203], [-89.8623, 34.9207], [-89.8621, 34.9224], [-89.8624, 34.9229], [-89.8621, 34.9235], [-89.8624, 34.924], [-89.8624, 34.9247], [-89.8619, 34.9253], [-89.8621, 34.9258], [-89.8617, 34.9259], [-89.8615, 34.9261], [-89.8616, 34.9266], [-89.8614, 34.9288], [-89.861, 34.9296], [-89.861, 34.9307], [-89.8605, 34.931], [-89.8602, 34.9314], [-89.86, 34.9318], [-89.8598, 34.9319], [-89.8596, 34.9322], [-89.8592, 34.9326], [-89.8582, 34.9334], [-89.8574, 34.9336], [-89.8566, 34.9335]]]}, "properties": {"zone": "X500"}}, {"type": "Feature", "geometry": {"type": "Polygon", "coordinates": [[[-89.8402, 34.9329], [-89.84, 34.9325], [-89.839, 34.9324], [-89.8383, 34.9325], [-89.8377, 34.9323], [-89.836, 34.9322], [-89.8349, 34.9323], [-89.8344, 34.9329], [-89.834, 34.9329], [-89.8329, 34.9332], [-89.8329, 34.9346], [-89.8334, 34.9349], [-89.8363, 34.9349], [-89.8378, 34.9348], [-89.8391, 34.9351], [-89.8394, 34.9348], [-89.8402, 34.9346], [-89.8407, 34.9347], [-89.8412, 34.9345], [-89.8421, 34.9344], [-89.842, 34.9339], [-89.8414, 34.9337], [-89.8411, 34.9334], [-89.8405, 34.9334], [-89.8402, 34.9329]]]}, "properties": {"zone": "X500"}}, {"type": "Feature", "geometry": {"type": "Polygon", "coordinates": [[[-89.8421, 34.9334], [-89.8424, 34.9338], [-89.8434, 34.9342], [-89.8439, 34.9342], [-89.8445, 34.9345], [-89.846, 34.9345], [-89.8466, 34.9345], [-89.8476, 34.9343], [-89.8491, 34.9343], [-89.8504, 34.9337], [-89.851, 34.934], [-89.8513, 34.9334], [-89.8505, 34.9331], [-89.8496, 34.9332], [-89.8487, 34.9335], [-89.8483, 34.9334], [-89.8479, 34.9337], [-89.8478, 34.9341], [-89.8466, 34.9345], [-89.8459, 34.9344], [-89.8457, 34.9337], [-89.8443, 34.9335], [-89.8444, 34.9339], [-89.844, 34.9342], [-89.8429, 34.934], [-89.8421, 34.9334]]]}, "properties": {"zone": "X500"}}, {"type": "Feature", "geometry": {"type": "Polygon", "coordinates": [[[-89.864, 34.9474], [-89.8643, 34.9478], [-89.8646, 34.9478], [-89.8648, 34.9477], [-89.8653, 34.9475], [-89.8661, 34.9468], [-89.8662, 34.9462], [-89.8665, 34.9452], [-89.8665, 34.9445], [-89.8656, 34.945], [-89.8651, 34.9447], [-89.8646, 34.9439], [-89.8647, 34.9437], [-89.8636, 34.9423], [-89.8636, 34.9411], [-89.863, 34.9403], [-89.8625, 34.9403], [-89.8627, 34.9398], [-89.8627, 34.9395], [-89.8625, 34.9389], [-89.8624, 34.9381], [-89.8618, 34.9382], [-89.8612, 34.938], [-89.8605, 34.9381], [-89.8582, 34.9381], [-89.8579, 34.9375], [-89.8582, 34.9368], [-89.8586, 34.9366], [-89.8588, 34.9362], [-89.8587, 34.9355], [-89.8592, 34.935], [-89.8588, 34.9342], [-89.8584, 34.9342], [-89.8583, 34.9341], [-89.8582, 34.934], [-89.858, 34.934], [-89.8579, 34.934], [-89.8574, 34.9339], [-89.8573, 34.9339], [-89.8572, 34.934], [-89.8571, 34.934], [-89.8571, 34.9339], [-89.8569, 34.9339], [-89.8565, 34.9338], [-89.8563, 34.9339], [-89.8562, 34.9338], [-89.856, 34.9338], [-89.8558, 34.9338], [-89.8557, 34.9338], [-89.8553, 34.9339], [-89.8549, 34.9339], [-89.8548, 34.9339], [-89.8547, 34.9339], [-89.8544, 34.9339], [-89.8538, 34.9339], [-89.8528, 34.9342], [-89.8518, 34.9343], [-89.8507, 34.9343], [-89.8503, 34.9345], [-89.8496, 34.9345], [-89.8472, 34.9347], [-89.8466, 34.9349], [-89.8461, 34.9349], [-89.8459, 34.9348], [-89.8458, 34.9348], [-89.8457, 34.9348], [-89.8456, 34.9349], [-89.8456, 34.9352], [-89.8451, 34.9353], [-89.8448, 34.9348], [-89.844, 34.9349], [-89.8446, 34.9355], [-89.8442, 34.9358], [-89.8432, 34.9358], [-89.8435, 34.9349], [-89.8414, 34.935], [-89.8411, 34.9351], [-89.8404, 34.9349], [-89.8392, 34.9353], [-89.8377, 34.9351], [-89.8366, 34.9355], [-89.836, 34.9351], [-89.8354, 34.9352], [-89.8351, 34.9351], [-89.8346, 34.9352], [-89.8345, 34.9352], [-89.834, 34.9352], [-89.8334, 34.9352], [-89.8329, 34.9355], [-89.8329, 34.9361], [-89.8328, 34.9371], [-89.8322, 34.9371], [-89.8318, 34.9365], [-89.8305, 34.9365], [-89.8303, 34.9361], [-89.8299, 34.9373], [-89.829, 34.9372], [-89.8295, 34.9378], [-89.8303, 34.9379], [-89.8304, 34.9367], [-89.8316, 34.9366], [-89.8321, 34.9369], [-89.832, 34.9372], [-89.8328, 34.9371], [-89.833, 34.9361], [-89.8329, 34.9355], [-89.8334, 34.9352], [-89.834, 34.9352], [-89.8345, 34.9352], [-89.8346, 34.9352], [-89.8351, 34.9351], [-89.8355, 34.9352], [-89.8359, 34.9351], [-89.8366, 34.9355], [-89.8374, 34.9353], [-89.8383, 34.9355], [-89.8382, 34.9363], [-89.8389, 34.9363], [-89.8406, 34.9369], [-89.8419, 34.937], [-89.8427, 34.937], [-89.8444, 34.9374], [-89.8446, 34.9366], [-89.8448, 34.936], [-89.8457, 34.9362], [-89.8457, 34.9357], [-89.8457, 34.9352], [-89.8456, 34.9351], [-89.8456, 34.9349], [-89.8457, 34.9348], [-89.8461, 34.9349], [-89.8466, 34.9349], [-89.8473, 34.9347], [-89.8489, 34.9347], [-89.849, 34.935], [-89.8476, 34.9352], [-89.8475, 34.9356], [-89.8477, 34.9362], [-89.8469, 34.9364], [-89.8466, 34.9367], [-89.8475, 34.9369], [-89.8475, 34.938], [-89.848, 34.9379], [-89.8489, 34.9374], [-89.8495, 34.937], [-89.8498, 34.9372], [-89.8505, 34.9369], [-89.8511, 34.9371], [-89.8517, 34.937], [-89.8535, 34.9374], [-89.8544, 34.9373], [-89.8557, 34.9378], [-89.8559, 34.9383], [-89.8567, 34.9383], [-89.8576, 34.9385], [-89.8585, 34.9382], [-89.8596, 34.9382], [-89.8599, 34.9384], [-89.8612, 34.9382], [-89.8616, 34.9384], [-89.8622, 34.9382], [-89.8624, 34.9385], [-89.8624, 34.9388], [-89.8627, 34.9396], [-89.8624, 34.9408], [-89.8632, 34.9408], [-89.8634, 34.9412], [-89.8635, 34.9424], [-89.8645, 34.9436], [-89.8645, 34.9442], [-89.8652, 34.9449], [-89.8659, 34.945], [-89.8657, 34.9458], [-89.8654, 34.9462], [-89.865, 34.9475], [-89.8644, 34.9478], [-89.864, 34.9474]], [[-89.8394, 34.9359], [-89.8386, 34.9361], [-89.8385, 34.9356], [-89.8393, 34.9357], [-89.8394, 34.9359]], [[-89.8582, 34.9349], [-89.8574, 34.9353], [-89.856, 34.9351], [-89.8543, 34.9351], [-89.8535, 34.9348], [-89.853, 34.9341], [-89.8538, 34.9339], [-89.8544, 34.9339], [-89.8547, 34.9339], [-89.8548, 34.9339], [-89.855, 34.9339], [-89.8553, 34.9339], [-89.8557, 34.9339], [-89.8558, 34.9338], [-89.8559, 34.9338], [-89.856, 34.9338], [-89.8561, 34.9338], [-89.8563, 34.9339], [-89.8565, 34.9338], [-89.8567, 34.9339], [-89.8569, 34.9339], [-89.857, 34.9339], [-89.8571, 34.934], [-89.8572, 34.934], [-89.8573, 34.9339], [-89.8574, 34.934], [-89.8575, 34.934], [-89.8578, 34.934], [-89.8579, 34.934], [-89.858, 34.934], [-89.8582, 34.934], [-89.8582, 34.9342], [-89.8582, 34.9343], [-89.8582, 34.9344], [-89.8583, 34.9347], [-89.8582, 34.9349]]]}, "properties": {"zone": "X500"}}, {"type": "Feature", "geometry": {"type": "Polygon", "coordinates": [[[-89.8668, 34.9496], [-89.8672, 34.9497], [-89.8674, 34.9487], [-89.8667, 34.9494], [-89.8668, 34.9496]]]}, "properties": {"zone": "X500"}}, {"type": "Feature", "geometry": {"type": "Polygon", "coordinates": [[[-89.8316, 34.9676], [-89.8325, 34.9683], [-89.8325, 34.9681], [-89.8323, 34.9681], [-89.8321, 34.9678], [-89.8317, 34.9675], [-89.8313, 34.9673], [-89.8306, 34.9667], [-89.8308, 34.9666], [-89.8311, 34.9666], [-89.8315, 34.9666], [-89.8318, 34.9666], [-89.8329, 34.9672], [-89.8336, 34.9672], [-89.8336, 34.9668], [-89.8338, 34.9667], [-89.8338, 34.9666], [-89.8339, 34.9666], [-89.8342, 34.9659], [-89.8343, 34.9652], [-89.8348, 34.9649], [-89.8368, 34.9643], [-89.8379, 34.9646], [-89.8392, 34.9643], [-89.8403, 34.9635], [-89.8408, 34.9634], [-89.8411, 34.963], [-89.8419, 34.9631], [-89.8428, 34.9628], [-89.8436, 34.9628], [-89.8439, 34.9626], [-89.8453, 34.963], [-89.8478, 34.9622], [-89.8491, 34.962], [-89.8503, 34.9612], [-89.8511, 34.961], [-89.8519, 34.9619], [-89.8521, 34.962], [-89.8529, 34.9621], [-89.853, 34.9618], [-89.8529, 34.9614], [-89.8533, 34.9614], [-89.8524, 34.9608], [-89.8522, 34.9607], [-89.8517, 34.9603], [-89.8515, 34.9599], [-89.8524, 34.9599], [-89.853, 34.9594], [-89.8549, 34.9583], [-89.8562, 34.9574], [-89.8574, 34.9567], [-89.8581, 34.9561], [-89.858, 34.9556], [-89.8582, 34.9553], [-89.8589, 34.9548], [-89.8593, 34.9548], [-89.8596, 34.9551], [-89.8598, 34.9545], [-89.8602, 34.9548], [-89.8605, 34.9545], [-89.8599, 34.9536], [-89.8606, 34.9534], [-89.861, 34.9536], [-89.8614, 34.9534], [-89.8618, 34.9535], [-89.8616, 34.9524], [-89.8622, 34.9523], [-89.8622, 34.9517], [-89.8628, 34.9511], [-89.8634, 34.951], [-89.8635, 34.9508], [-89.8636, 34.9506], [-89.8637, 34.9504], [-89.8634, 34.9502], [-89.8635, 34.95], [-89.863, 34.95], [-89.8626, 34.9504], [-89.8623, 34.9504], [-89.8628, 34.9493], [-89.8633, 34.949], [-89.8635, 34.9498], [-89.8643, 34.9496], [-89.8635, 34.9493], [-89.8635, 34.9489], [-89.8628, 34.9493], [-89.8615, 34.9515], [-89.8618, 34.9519], [-89.8615, 34.9527], [-89.8612, 34.9523], [-89.8606, 34.9523], [-89.8608, 34.953], [-89.8603, 34.9534], [-89.8597, 34.9536], [-89.8595, 34.9542], [-89.8596, 34.9547], [-89.8589, 34.9548], [-89.8585, 34.955], [-89.8582, 34.9553], [-89.8579, 34.9556], [-89.858, 34.9561], [-89.8575, 34.9564], [-89.8572, 34.9568], [-89.8561, 34.9573], [-89.8549, 34.9583], [-89.8529, 34.9595], [-89.8524, 34.9594], [-89.852, 34.959], [-89.8517, 34.9592], [-89.8519, 34.9598], [-89.8515, 34.96], [-89.8517, 34.9604], [-89.8522, 34.9608], [-89.8525, 34.9608], [-89.8526, 34.9614], [-89.8529, 34.9618], [-89.8528, 34.962], [-89.852, 34.9619], [-89.8509, 34.9604], [-89.8503, 34.9599], [-89.8495, 34.9602], [-89.8488, 34.9605], [-89.8486, 34.9609], [-89.8478, 34.9614], [-89.8474, 34.9614], [-89.847, 34.9621], [-89.8464, 34.9626], [-89.8458, 34.9623], [-89.8447, 34.9626], [-89.8439, 34.9624], [-89.8436, 34.9628], [-89.8428, 34.9627], [-89.8424, 34.9629], [-89.8407, 34.963], [-89.8404, 34.9629], [-89.8401, 34.9631], [-89.84, 34.9636], [-89.8391, 34.9642], [-89.8378, 34.9645], [-89.8369, 34.9642], [-89.835, 34.9643], [-89.8346, 34.9641], [-89.8342, 34.9652], [-89.8342, 34.9658], [-89.834, 34.9662], [-89.8338, 34.9663], [-89.8338, 34.9664], [-89.8339, 34.9665], [-89.8339, 34.9666], [-89.8338, 34.9666], [-89.8338, 34.9667], [-89.8336, 34.9668], [-89.8335, 34.9671], [-89.8329, 34.9672], [-89.8318, 34.9666], [-89.8315, 34.9666], [-89.8311, 34.9666], [-89.8308, 34.9666], [-89.8307, 34.9664], [-89.8305, 34.9666], [-89.8307, 34.9667], [-89.8313, 34.9673], [-89.8317, 34.9675], [-89.8316, 34.9676]], [[-89.863, 34.9507], [-89.8627, 34.9504], [-89.863, 34.95], [-89.8637, 34.9504], [-89.8635, 34.9506], [-89.8634, 34.9509], [-89.863, 34.9507]]]}, "properties": {"zone": "X500"}}, {"type": "Feature", "geometry": {"type": "Polygon", "coordinates": [[[-89.8375, 34.9676], [-89.8369, 34.9677], [-89.8362, 34.9681], [-89.8364, 34.9684], [-89.8373, 34.9679], [-89.8377, 34.9678], [-89.8395, 34.9677], [-89.8404, 34.9675], [-89.8405, 34.9679], [-89.8396, 34.9679], [-89.8386, 34.968], [-89.8387, 34.9686], [-89.8398, 34.9689], [-89.8402, 34.9688], [-89.8405, 34.9681], [-89.8405, 34.9673], [-89.8418, 34.9672], [-89.843, 34.9673], [-89.843, 34.9684], [-89.8431, 34.9686], [-89.8434, 34.9689], [-89.8434, 34.9682], [-89.844, 34.9678], [-89.8449, 34.9675], [-89.8454, 34.9676], [-89.8459, 34.9674], [-89.8463, 34.9676], [-89.8479, 34.9673], [-89.8491, 34.9673], [-89.8497, 34.968], [-89.85, 34.9681], [-89.8506, 34.9682], [-89.851, 34.968], [-89.8512, 34.9677], [-89.8513, 34.9673], [-89.8513, 34.9669], [-89.8508, 34.9665], [-89.852, 34.9656], [-89.8525, 34.9656], [-89.8534, 34.965], [-89.8535, 34.9646], [-89.8548, 34.9658], [-89.8548, 34.9653], [-89.8536, 34.964], [-89.8531, 34.9635], [-89.853, 34.9631], [-89.8525, 34.9625], [-89.8533, 34.9624], [-89.8539, 34.9627], [-89.8542, 34.9623], [-89.8538, 34.9621], [-89.8538, 34.9618], [-89.8544, 34.962], [-89.8545, 34.9615], [-89.8543, 34.9613], [-89.854, 34.9613], [-89.8537, 34.961], [-89.853, 34.9609], [-89.8528, 34.9607], [-89.8527, 34.9604], [-89.8528, 34.9601], [-89.8534, 34.9597], [-89.8536, 34.9595], [-89.8537, 34.9593], [-89.8541, 34.9593], [-89.8538, 34.9597], [-89.8538, 34.9598], [-89.8551, 34.9598], [-89.8561, 34.9598], [-89.8562, 34.9601], [-89.8564, 34.9602], [-89.8573, 34.9601], [-89.8576, 34.9599], [-89.8577, 34.9598], [-89.8581, 34.9599], [-89.8582, 34.96], [-89.8589, 34.9603], [-89.8591, 34.9606], [-89.8598, 34.9597], [-89.8592, 34.9588], [-89.8596, 34.9579], [-89.8592, 34.9571], [-89.8601, 34.9563], [-89.8605, 34.9561], [-89.8609, 34.9564], [-89.8615, 34.9561], [-89.8617, 34.9568], [-89.8624, 34.9567], [-89.8624, 34.9555], [-89.862, 34.955], [-89.8623, 34.9547], [-89.8632, 34.9543], [-89.8637, 34.9539], [-89.8639, 34.9531], [-89.8644, 34.9521], [-89.8648, 34.9508], [-89.8654, 34.9506], [-89.8649, 34.9516], [-89.865, 34.952], [-89.8657, 34.9523], [-89.8657, 34.9527], [-89.866, 34.9537], [-89.8661, 34.9519], [-89.8672, 34.9511], [-89.8673, 34.9508], [-89.8671, 34.9502], [-89.8676, 34.9497], [-89.8679, 34.9496], [-89.8682, 34.9497], [-89.8685, 34.9503], [-89.8687, 34.9501], [-89.8693, 34.9502], [-89.8703, 34.9495], [-89.8698, 34.9493], [-89.87, 34.9488], [-89.8708, 34.9488], [-89.8713, 34.9484], [-89.8703, 34.9478], [-89.8706, 34.9477], [-89.8708, 34.9475], [-89.8707, 34.9471], [-89.8711, 34.9472], [-89.8721, 34.9478], [-89.8733, 34.9476], [-89.8749, 34.9476], [-89.8756, 34.9479], [-89.8765, 34.9478], [-89.877, 34.9472], [-89.8768, 34.9469], [-89.8763, 34.9469], [-89.876, 34.9465], [-89.8755, 34.9463], [-89.875, 34.9467], [-89.8753, 34.9469], [-89.8767, 34.9469], [-89.8763, 34.9473], [-89.8756, 34.9472], [-89.8757, 34.9477], [-89.875, 34.9476], [-89.8725, 34.9475], [-89.8722, 34.9478], [-89.871, 34.947], [-89.8705, 34.9471], [-89.8706, 34.9476], [-89.8702, 34.9477], [-89.8702, 34.9482], [-89.8709, 34.9482], [-89.871, 34.9486], [-89.8701, 34.9487], [-89.8695, 34.949], [-89.8687, 34.95], [-89.8684, 34.9499], [-89.8684, 34.9498], [-89.8682, 34.9496], [-89.8681, 34.9496], [-89.8676, 34.9496], [-89.8673, 34.9499], [-89.8667, 34.9501], [-89.8672, 34.9505], [-89.8671, 34.9511], [-89.8665, 34.9512], [-89.866, 34.9518], [-89.866, 34.9525], [-89.8655, 34.9521], [-89.8658, 34.9514], [-89.8657, 34.9507], [-89.8654, 34.9503], [-89.8649, 34.9506], [-89.8644, 34.9515], [-89.864, 34.9515], [-89.8638, 34.952], [-89.8631, 34.9524], [-89.8634, 34.9528], [-89.8633, 34.9532], [-89.8626, 34.9533], [-89.8627, 34.9535], [-89.8623, 34.9539], [-89.8629, 34.9543], [-89.8623, 34.9547], [-89.8614, 34.9551], [-89.8617, 34.9559], [-89.8608, 34.9561], [-89.8599, 34.956], [-89.8598, 34.9555], [-89.8591, 34.956], [-89.8599, 34.9563], [-89.8586, 34.9577], [-89.8592, 34.9577], [-89.8592, 34.9582], [-89.8585, 34.9582], [-89.8579, 34.958], [-89.8565, 34.9586], [-89.8571, 34.9587], [-89.8574, 34.9587], [-89.8575, 34.9589], [-89.8578, 34.9589], [-89.8582, 34.9591], [-89.8585, 34.9592], [-89.8593, 34.96], [-89.8588, 34.9602], [-89.8578, 34.9598], [-89.8577, 34.9598], [-89.8576, 34.9599], [-89.8573, 34.9601], [-89.8568, 34.9599], [-89.8565, 34.9601], [-89.8562, 34.9601], [-89.8561, 34.9598], [-89.8544, 34.9597], [-89.8541, 34.9592], [-89.8537, 34.9593], [-89.8536, 34.9595], [-89.8531, 34.9599], [-89.8527, 34.9602], [-89.8526, 34.9606], [-89.8531, 34.961], [-89.8538, 34.9613], [-89.8543, 34.9613], [-89.8544, 34.9616], [-89.8542, 34.9618], [-89.8536, 34.9617], [-89.8535, 34.9621], [-89.8542, 34.9623], [-89.8539, 34.9626], [-89.8533, 34.9623], [-89.8525, 34.9624], [-89.8524, 34.9625], [-89.8531, 34.9636], [-89.8537, 34.9641], [-89.8547, 34.9655], [-89.853, 34.9641], [-89.8517, 34.9632], [-89.8513, 34.9631], [-89.8509, 34.9626], [-89.8503, 34.9626], [-89.8503, 34.9629], [-89.8496, 34.9631], [-89.8489, 34.9635], [-89.8485, 34.9633], [-89.848, 34.9636], [-89.8475, 34.9636], [-89.8469, 34.9639], [-89.8467, 34.9643], [-89.8458, 34.9648], [-89.8455, 34.9654], [-89.8439, 34.9655], [-89.8421, 34.9664], [-89.8419, 34.9667], [-89.8409, 34.9672], [-89.8394, 34.9676], [-89.8386, 34.9675], [-89.8375, 34.9676]], [[-89.8626, 34.9541], [-89.8628, 34.9534], [-89.8634, 34.9533], [-89.8635, 34.9536], [-89.8631, 34.954], [-89.8626, 34.9541]], [[-89.8442, 34.9656], [-89.8451, 34.9658], [-89.8443, 34.9663], [-89.8439, 34.9663], [-89.8442, 34.9656]], [[-89.8471, 34.9648], [-89.8466, 34.9651], [-89.8459, 34.9652], [-89.8461, 34.9648], [-89.847, 34.9642], [-89.8471, 34.9648]], [[-89.8583, 34.9589], [-89.8581, 34.9591], [-89.8578, 34.9589], [-89.8574, 34.9588], [-89.8574, 34.9586], [-89.8571, 34.9587], [-89.857, 34.9585], [-89.8575, 34.9582], [-89.8583, 34.9583], [-89.8586, 34.9586], [-89.8583, 34.9589]], [[-89.8515, 34.964], [-89.8512, 34.9647], [-89.8508, 34.9649], [-89.8502, 34.9643], [-89.8486, 34.9644], [-89.8487, 34.9641], [-89.8495, 34.9636], [-89.8509, 34.9636], [-89.8514, 34.9633], [-89.8519, 34.9637], [-89.8515, 34.964]], [[-89.8447, 34.9669], [-89.8439, 34.967], [-89.8444, 34.9664], [-89.8454, 34.9659], [-89.8459, 34.966], [-89.8468, 34.9657], [-89.8479, 34.9645], [-89.848, 34.9658], [-89.8476, 34.9661], [-89.8455, 34.9664], [-89.8447, 34.9669]], [[-89.8434, 34.9686], [-89.8431, 34.9684], [-89.843, 34.9673], [-89.8427, 34.9671], [-89.8414, 34.967], [-89.8434, 34.966], [-89.8438, 34.9672], [-89.8442, 34.9671], [-89.8453, 34.9665], [-89.8458, 34.9664], [-89.8476, 34.9661], [-89.8481, 34.9663], [-89.8503, 34.9662], [-89.8512, 34.967], [-89.8512, 34.9676], [-89.8507, 34.9681], [-89.85, 34.9681], [-89.8495, 34.9678], [-89.8492, 34.9672], [-89.8474, 34.9673], [-89.8463, 34.9676], [-89.8459, 34.9674], [-89.8452, 34.9676], [-89.8449, 34.9674], [-89.8433, 34.9682], [-89.8434, 34.9686]]]}, "properties": {"zone": "X500"}}, {"type": "Feature", "geometry": {"type": "Polygon", "coordinates": [[[-89.8672, 34.9989], [-89.8669, 34.9989], [-89.8671, 34.9999], [-89.8674, 34.9996], [-89.8672, 34.9989]]]}, "properties": {"zone": "X500"}}, {"type": "Feature", "geometry": {"type": "Polygon", "coordinates": [[[-89.8675, 35.0054], [-89.8672, 35.0043], [-89.8669, 35.0045], [-89.8675, 35.0054]]]}, "properties": {"zone": "X500"}}, {"type": "Feature", "geometry": {"type": "Polygon", "coordinates": [[[-89.8448, 35.0649], [-89.8451, 35.0654], [-89.8457, 35.0655], [-89.8462, 35.0659], [-89.8473, 35.0663], [-89.8482, 35.0663], [-89.8494, 35.0671], [-89.8518, 35.068], [-89.8516, 35.0676], [-89.8512, 35.0676], [-89.8496, 35.0671], [-89.8508, 35.0669], [-89.8516, 35.0671], [-89.8526, 35.0678], [-89.8531, 35.0676], [-89.8535, 35.0664], [-89.8527, 35.0653], [-89.8516, 35.0654], [-89.8504, 35.0651], [-89.8502, 35.064], [-89.8512, 35.0633], [-89.8505, 35.0626], [-89.8502, 35.0633], [-89.8496, 35.0632], [-89.8492, 35.0629], [-89.8487, 35.0622], [-89.8469, 35.0615], [-89.8463, 35.061], [-89.8446, 35.0613], [-89.844, 35.0617], [-89.8439, 35.0623], [-89.8435, 35.0628], [-89.8427, 35.0628], [-89.842, 35.0624], [-89.8415, 35.0626], [-89.8407, 35.0622], [-89.8409, 35.0617], [-89.8413, 35.0615], [-89.8407, 35.061], [-89.8405, 35.0612], [-89.8406, 35.0626], [-89.8413, 35.063], [-89.8419, 35.0631], [-89.8433, 35.0631], [-89.8435, 35.0639], [-89.8439, 35.0639], [-89.8441, 35.0632], [-89.845, 35.0634], [-89.8448, 35.0641], [-89.8452, 35.0644], [-89.8456, 35.0643], [-89.8454, 35.0636], [-89.8456, 35.0632], [-89.8454, 35.0628], [-89.8458, 35.0623], [-89.8463, 35.0626], [-89.8461, 35.0632], [-89.8461, 35.0643], [-89.8465, 35.0638], [-89.8464, 35.0632], [-89.8464, 35.0623], [-89.8472, 35.0621], [-89.8475, 35.0625], [-89.8476, 35.0636], [-89.8474, 35.0645], [-89.8476, 35.0649], [-89.8483, 35.066], [-89.8478, 35.0659], [-89.8469, 35.0659], [-89.8464, 35.0655], [-89.8453, 35.0653], [-89.8448, 35.0649]]]}, "properties": {"zone": "X500"}}, {"type": "Feature", "geometry": {"type": "Polygon", "coordinates": [[[-89.836, 35.0621], [-89.8361, 35.0626], [-89.8366, 35.0626], [-89.837, 35.0632], [-89.839, 35.0646], [-89.8383, 35.0652], [-89.8389, 35.066], [-89.8402, 35.0671], [-89.8406, 35.0667], [-89.8412, 35.0665], [-89.8417, 35.0668], [-89.8421, 35.0673], [-89.8426, 35.0673], [-89.843, 35.0675], [-89.843, 35.0682], [-89.8434, 35.0683], [-89.8439, 35.0678], [-89.8458, 35.0683], [-89.8469, 35.0686], [-89.8471, 35.0689], [-89.8482, 35.0693], [-89.8486, 35.0698], [-89.8497, 35.0698], [-89.8497, 35.0703], [-89.8489, 35.0702], [-89.8478, 35.0705], [-89.8484, 35.071], [-89.849, 35.0713], [-89.8498, 35.0728], [-89.8512, 35.0725], [-89.8509, 35.0723], [-89.8517, 35.0717], [-89.8527, 35.0715], [-89.8532, 35.0717], [-89.8549, 35.0705], [-89.8526, 35.0697], [-89.8518, 35.0694], [-89.8504, 35.0691], [-89.8492, 35.0685], [-89.8485, 35.0681], [-89.848, 35.068], [-89.8452, 35.0668], [-89.8452, 35.067], [-89.8471, 35.0679], [-89.8483, 35.0682], [-89.8494, 35.0688], [-89.851, 35.0694], [-89.8516, 35.0695], [-89.8527, 35.0699], [-89.8541, 35.0703], [-89.8535, 35.071], [-89.8526, 35.0711], [-89.8515, 35.0715], [-89.8508, 35.0721], [-89.8498, 35.0723], [-89.8501, 35.0714], [-89.8503, 35.0712], [-89.85, 35.0708], [-89.8495, 35.0709], [-89.8487, 35.0707], [-89.8493, 35.0703], [-89.8496, 35.0705], [-89.85, 35.0702], [-89.8501, 35.0697], [-89.8489, 35.0696], [-89.8488, 35.0692], [-89.8475, 35.0687], [-89.845, 35.0678], [-89.8434, 35.067], [-89.8426, 35.0669], [-89.8416, 35.0663], [-89.8402, 35.0652], [-89.8396, 35.0645], [-89.8391, 35.0645], [-89.8373, 35.0632], [-89.8369, 35.0625], [-89.836, 35.0621]]]}, "properties": {"zone": "X500"}}, {"type": "Feature", "geometry": {"type": "Polygon", "coordinates": [[[-89.8599, 35.0702], [-89.8599, 35.0707], [-89.8611, 35.0695], [-89.8611, 35.0692], [-89.8622, 35.0689], [-89.8617, 35.0687], [-89.8617, 35.0682], [-89.8606, 35.068], [-89.8591, 35.0686], [-89.8587, 35.0687], [-89.8576, 35.0694], [-89.858, 35.07], [-89.8585, 35.0702], [-89.8589, 35.07], [-89.8591, 35.0693], [-89.8594, 35.0689], [-89.86, 35.0698], [-89.8599, 35.0702]]]}, "properties": {"zone": "X500"}}, {"type": "Feature", "geometry": {"type": "Polygon", "coordinates": [[[-89.8601, 35.0734], [-89.8615, 35.0739], [-89.8616, 35.0737], [-89.8608, 35.0735], [-89.8601, 35.0734]]]}, "properties": {"zone": "X500"}}, {"type": "Feature", "geometry": {"type": "Polygon", "coordinates": [[[-89.8631, 35.0734], [-89.8637, 35.0733], [-89.8644, 35.0736], [-89.8658, 35.074], [-89.8655, 35.0735], [-89.864, 35.0731], [-89.8631, 35.0734]]]}, "properties": {"zone": "X500"}}, {"type": "Feature", "geometry": {"type": "Polygon", "coordinates": [[[-89.8473, 35.0735], [-89.8475, 35.0733], [-89.8492, 35.073], [-89.8488, 35.0721], [-89.8481, 35.0711], [-89.8477, 35.0712], [-89.8469, 35.072], [-89.8464, 35.0719], [-89.8464, 35.0716], [-89.8469, 35.0708], [-89.8465, 35.0706], [-89.8463, 35.0711], [-89.8456, 35.0715], [-89.8454, 35.0728], [-89.8451, 35.0729], [-89.8445, 35.0729], [-89.8444, 35.0724], [-89.8432, 35.0733], [-89.8436, 35.0735], [-89.8438, 35.0744], [-89.8446, 35.074], [-89.8457, 35.0745], [-89.8452, 35.0752], [-89.8453, 35.076], [-89.8443, 35.0768], [-89.8437, 35.0778], [-89.8446, 35.0774], [-89.8465, 35.0763], [-89.8472, 35.0761], [-89.8476, 35.0757], [-89.8472, 35.0751], [-89.8471, 35.0742], [-89.8473, 35.0735]]]}, "properties": {"zone": "X500"}}, {"type": "Feature", "geometry": {"type": "Polygon", "coordinates": [[[-89.8544, 35.072], [-89.8538, 35.0719], [-89.8527, 35.0723], [-89.8529, 35.073], [-89.8533, 35.0731], [-89.8539, 35.0727], [-89.8541, 35.0722], [-89.8547, 35.0724], [-89.8547, 35.0729], [-89.8549, 35.0742], [-89.8545, 35.0745], [-89.8533, 35.0747], [-89.8528, 35.0749], [-89.8511, 35.0751], [-89.851, 35.0755], [-89.8517, 35.0757], [-89.8524, 35.0766], [-89.8535, 35.0774], [-89.8544, 35.0777], [-89.855, 35.0777], [-89.8556, 35.0775], [-89.857, 35.0775], [-89.8576, 35.0783], [-89.8577, 35.0777], [-89.8584, 35.0769], [-89.8593, 35.0767], [-89.8594, 35.0764], [-89.8587, 35.0757], [-89.8583, 35.0755], [-89.8579, 35.0761], [-89.8571, 35.0766], [-89.857, 35.0772], [-89.8563, 35.0756], [-89.8563, 35.075], [-89.857, 35.0739], [-89.8564, 35.0738], [-89.8563, 35.0734], [-89.8558, 35.0729], [-89.8562, 35.0723], [-89.8565, 35.0729], [-89.8569, 35.0733], [-89.8571, 35.0726], [-89.855, 35.0714], [-89.855, 35.0718], [-89.8544, 35.072]]]}, "properties": {"zone": "X500"}}, {"type": "Feature", "geometry": {"type": "Polygon", "coordinates": [[[-89.8491, 35.0746], [-89.849, 35.0741], [-89.8493, 35.0732], [-89.8482, 35.0735], [-89.8476, 35.0737], [-89.8475, 35.0741], [-89.8476, 35.0753], [-89.8479, 35.076], [-89.8475, 35.0763], [-89.8463, 35.0767], [-89.8467, 35.0768], [-89.8481, 35.0768], [-89.8489, 35.0766], [-89.8491, 35.0758], [-89.8478, 35.0755], [-89.8476, 35.0747], [-89.8486, 35.075], [-89.8491, 35.0746]]]}, "properties": {"zone": "X500"}}, {"type": "Feature", "geometry": {"type": "Polygon", "coordinates": [[[-89.8609, 35.0754], [-89.8604, 35.075], [-89.8597, 35.0748], [-89.8595, 35.0751], [-89.8596, 35.0757], [-89.8605, 35.0758], [-89.8609, 35.0754]]]}, "properties": {"zone": "X500"}}, {"type": "Feature", "geometry": {"type": "Polygon", "coordinates": [[[-89.8591, 35.0785], [-89.8601, 35.0788], [-89.8609, 35.0788], [-89.862, 35.0785], [-89.8623, 35.0787], [-89.8624, 35.0803], [-89.8627, 35.0805], [-89.8628, 35.0787], [-89.8632, 35.0783], [-89.8653, 35.078], [-89.8657, 35.0782], [-89.866, 35.0791], [-89.8669, 35.0788], [-89.8672, 35.0782], [-89.8676, 35.0781], [-89.8678, 35.0787], [-89.8678, 35.0793], [-89.8679, 35.0795], [-89.868, 35.0796], [-89.8684, 35.0797], [-89.8687, 35.0795], [-89.8688, 35.0782], [-89.8685, 35.0779], [-89.8678, 35.0776], [-89.8669, 35.0773], [-89.8655, 35.0769], [-89.8641, 35.0766], [-89.862, 35.0763], [-89.8614, 35.0762], [-89.8609, 35.0763], [-89.8604, 35.0768], [-89.8608, 35.0772], [-89.8607, 35.0776], [-89.86, 35.0782], [-89.8591, 35.0785]], [[-89.8648, 35.078], [-89.8631, 35.0783], [-89.8626, 35.0788], [-89.8619, 35.0784], [-89.8604, 35.0787], [-89.8607, 35.078], [-89.8619, 35.0777], [-89.8617, 35.0769], [-89.8609, 35.0764], [-89.8612, 35.0762], [-89.8621, 35.0763], [-89.8639, 35.0766], [-89.8656, 35.077], [-89.8667, 35.0773], [-89.8679, 35.0777], [-89.868, 35.0778], [-89.868, 35.0787], [-89.8686, 35.0793], [-89.868, 35.0795], [-89.8679, 35.0794], [-89.8678, 35.0783], [-89.8678, 35.078], [-89.8671, 35.0779], [-89.866, 35.0783], [-89.8656, 35.0779], [-89.8648, 35.078]]]}, "properties": {"zone": "X500"}}, {"type": "Feature", "geometry": {"type": "Polygon", "coordinates": [[[-89.8395, 35.1107], [-89.8413, 35.1089], [-89.8413, 35.1087], [-89.8402, 35.1099], [-89.8397, 35.1103], [-89.8395, 35.1107]]]}, "properties": {"zone": "X500"}}, {"type": "Feature", "geometry": {"type": "Polygon", "coordinates": [[[-89.8426, 35.1096], [-89.8423, 35.1095], [-89.8408, 35.1117], [-89.8409, 35.1121], [-89.8404, 35.1123], [-89.8399, 35.1134], [-89.8403, 35.1133], [-89.8405, 35.1124], [-89.841, 35.1121], [-89.841, 35.1116], [-89.8422, 35.1099], [-89.8426, 35.1096]]]}, "properties": {"zone": "X500"}}, {"type": "Feature", "geometry": {"type": "Polygon", "coordinates": [[[-89.8366, 35.1179], [-89.8372, 35.1172], [-89.8371, 35.117], [-89.8366, 35.1179]]]}, "properties": {"zone": "X500"}}, {"type": "Feature", "geometry": {"type": "Polygon", "coordinates": [[[-89.8552, 35.1303], [-89.8556, 35.13], [-89.8563, 35.1304], [-89.8574, 35.1304], [-89.858, 35.1307], [-89.8584, 35.1306], [-89.859, 35.1301], [-89.8584, 35.13], [-89.8582, 35.1297], [-89.8584, 35.1291], [-89.8577, 35.1282], [-89.8572, 35.1282], [-89.857, 35.1279], [-89.8563, 35.1274], [-89.8574, 35.1273], [-89.8577, 35.1272], [-89.8591, 35.1271], [-89.8597, 35.1273], [-89.86, 35.127], [-89.8612, 35.1262], [-89.8613, 35.1257], [-89.862, 35.125], [-89.8626, 35.125], [-89.863, 35.1263], [-89.8626, 35.1271], [-89.8626, 35.1284], [-89.8623, 35.1287], [-89.8615, 35.1286], [-89.8612, 35.1281], [-89.86, 35.1278], [-89.8595, 35.1285], [-89.8593, 35.1291], [-89.8596, 35.13], [-89.8599, 35.1299], [-89.8596, 35.1291], [-89.8598, 35.1287], [-89.8606, 35.1286], [-89.8619, 35.1288], [-89.8621, 35.1291], [-89.8628, 35.1292], [-89.8631, 35.1281], [-89.8639, 35.1272], [-89.8639, 35.1267], [-89.8637, 35.1264], [-89.8633, 35.1254], [-89.8633, 35.1249], [-89.863, 35.1245], [-89.8634, 35.1235], [-89.8628, 35.1239], [-89.862, 35.1231], [-89.8617, 35.1236], [-89.8608, 35.1242], [-89.8605, 35.1247], [-89.8597, 35.1252], [-89.8598, 35.1261], [-89.8601, 35.1264], [-89.8595, 35.1268], [-89.8591, 35.1267], [-89.8585, 35.127], [-89.8578, 35.127], [-89.857, 35.1265], [-89.8558, 35.1266], [-89.8549, 35.1255], [-89.8544, 35.1245], [-89.8542, 35.1238], [-89.8538, 35.1232], [-89.8525, 35.1231], [-89.8517, 35.1229], [-89.8513, 35.122], [-89.8501, 35.1223], [-89.8497, 35.1221], [-89.8498, 35.1212], [-89.8497, 35.1208], [-89.8487, 35.1201], [-89.8485, 35.1202], [-89.8481, 35.1211], [-89.8477, 35.121], [-89.8471, 35.1212], [-89.8452, 35.1204], [-89.8453, 35.1201], [-89.8461, 35.12], [-89.8464, 35.1193], [-89.8451, 35.1194], [-89.8445, 35.1191], [-89.8432, 35.1191], [-89.8429, 35.1188], [-89.8423, 35.1185], [-89.8414, 35.1185], [-89.841, 35.1183], [-89.8401, 35.1184], [-89.8404, 35.119], [-89.8411, 35.1194], [-89.8409, 35.1197], [-89.8387, 35.1193], [-89.838, 35.1189], [-89.8375, 35.1187], [-89.8373, 35.1191], [-89.8367, 35.1192], [-89.8368, 35.1198], [-89.8376, 35.1193], [-89.8406, 35.1197], [-89.8433, 35.1199], [-89.8451, 35.1205], [-89.8467, 35.1214], [-89.8477, 35.1225], [-89.8482, 35.1227], [-89.8488, 35.1225], [-89.8489, 35.123], [-89.8498, 35.1227], [-89.8499, 35.1235], [-89.8493, 35.1233], [-89.8488, 35.1234], [-89.8488, 35.1237], [-89.85, 35.1248], [-89.852, 35.1261], [-89.8525, 35.1266], [-89.8535, 35.1276], [-89.8547, 35.1292], [-89.8552, 35.1303]], [[-89.8459, 35.1198], [-89.8453, 35.12], [-89.8443, 35.1199], [-89.8447, 35.1196], [-89.8451, 35.1198], [-89.8459, 35.1198]]]}, "properties": {"zone": "X500"}}, {"type": "Feature", "geometry": {"type": "Polygon", "coordinates": [[[-89.8464, 35.1264], [-89.846, 35.126], [-89.8455, 35.1265], [-89.8465, 35.127], [-89.8468, 35.1279], [-89.8479, 35.1294], [-89.8483, 35.1299], [-89.8497, 35.131], [-89.85, 35.1325], [-89.8503, 35.1329], [-89.8512, 35.1335], [-89.8515, 35.1342], [-89.8513, 35.135], [-89.8517, 35.1352], [-89.8528, 35.1347], [-89.8541, 35.1339], [-89.8538, 35.1337], [-89.8525, 35.1345], [-89.852, 35.1345], [-89.8515, 35.1337], [-89.8503, 35.1327], [-89.85, 35.1321], [-89.85, 35.1313], [-89.8498, 35.1309], [-89.8483, 35.1298], [-89.847, 35.128], [-89.8468, 35.1269], [-89.847, 35.1265], [-89.8464, 35.1264]]]}, "properties": {"zone": "X500"}}, {"type": "Feature", "geometry": {"type": "Polygon", "coordinates": [[[-89.8579, 35.1321], [-89.8576, 35.1319], [-89.8571, 35.1321], [-89.8581, 35.1326], [-89.8579, 35.1321]]]}, "properties": {"zone": "X500"}}, {"type": "Feature", "geometry": {"type": "Polygon", "coordinates": [[[-89.8627, 35.1311], [-89.8628, 35.1322], [-89.8626, 35.1325], [-89.8616, 35.1331], [-89.8603, 35.1329], [-89.8599, 35.1331], [-89.8601, 35.1335], [-89.8611, 35.1341], [-89.862, 35.1345], [-89.8622, 35.1348], [-89.8628, 35.1351], [-89.8629, 35.1355], [-89.8636, 35.1359], [-89.8643, 35.136], [-89.8646, 35.1363], [-89.8653, 35.1359], [-89.8661, 35.1364], [-89.867, 35.1361], [-89.8673, 35.1353], [-89.867, 35.1352], [-89.866, 35.1354], [-89.8659, 35.1347], [-89.8662, 35.1343], [-89.8659, 35.1338], [-89.8659, 35.1329], [-89.8651, 35.1325], [-89.8645, 35.1326], [-89.8629, 35.1327], [-89.863, 35.1322], [-89.8627, 35.1311]]]}, "properties": {"zone": "X500"}}, {"type": "Feature", "geometry": {"type": "Polygon", "coordinates": [[[-89.8432, 35.1394], [-89.8429, 35.1391], [-89.8424, 35.1375], [-89.8418, 35.1365], [-89.8422, 35.1354], [-89.8425, 35.135], [-89.8416, 35.135], [-89.8413, 35.1352], [-89.8408, 35.1363], [-89.8404, 35.1366], [-89.8394, 35.1364], [-89.8387, 35.1366], [-89.8391, 35.1374], [-89.8395, 35.1379], [-89.8397, 35.1391], [-89.84, 35.1397], [-89.8407, 35.1402], [-89.8406, 35.1406], [-89.8411, 35.1411], [-89.8415, 35.141], [-89.8419, 35.1414], [-89.843, 35.1415], [-89.8442, 35.1421], [-89.8449, 35.142], [-89.8472, 35.1414], [-89.848, 35.1412], [-89.8501, 35.1414], [-89.8504, 35.1419], [-89.8495, 35.1419], [-89.8496, 35.1422], [-89.8506, 35.1427], [-89.8509, 35.1432], [-89.8513, 35.1435], [-89.8528, 35.1436], [-89.8533, 35.144], [-89.854, 35.144], [-89.8546, 35.1434], [-89.8547, 35.1429], [-89.8557, 35.1427], [-89.8559, 35.1419], [-89.8561, 35.1419], [-89.8575, 35.1433], [-89.8592, 35.1437], [-89.8589, 35.1442], [-89.8584, 35.1442], [-89.8573, 35.1439], [-89.856, 35.1443], [-89.856, 35.1445], [-89.8576, 35.1451], [-89.8577, 35.1454], [-89.8587, 35.1457], [-89.8592, 35.1461], [-89.859, 35.1468], [-89.8591, 35.1475], [-89.8597, 35.1486], [-89.8595, 35.1487], [-89.8586, 35.1481], [-89.8581, 35.1482], [-89.8576, 35.1479], [-89.8579, 35.1472], [-89.8579, 35.1467], [-89.857, 35.1461], [-89.8564, 35.1464], [-89.8569, 35.147], [-89.856, 35.1476], [-89.8561, 35.1483], [-89.8564, 35.1485], [-89.8576, 35.1487], [-89.858, 35.1496], [-89.8587, 35.1495], [-89.8595, 35.1498], [-89.86, 35.1502], [-89.8611, 35.1502], [-89.8619, 35.1503], [-89.8623, 35.1503], [-89.8624, 35.1503], [-89.8625, 35.1503], [-89.8627, 35.1501], [-89.8629, 35.1498], [-89.8635, 35.1499], [-89.8644, 35.1504], [-89.8648, 35.1509], [-89.8644, 35.1518], [-89.8645, 35.1523], [-89.867, 35.1522], [-89.8672, 35.1527], [-89.868, 35.1526], [-89.8682, 35.1528], [-89.8683, 35.1536], [-89.8685, 35.1539], [-89.8695, 35.154], [-89.8695, 35.155], [-89.8685, 35.1562], [-89.8683, 35.1569], [-89.8664, 35.157], [-89.8665, 35.1579], [-89.8677, 35.1595], [-89.8681, 35.1598], [-89.8695, 35.16], [-89.8698, 35.1594], [-89.8691, 35.1597], [-89.8681, 35.1597], [-89.867, 35.1585], [-89.8666, 35.1576], [-89.8673, 35.1571], [-89.8686, 35.1569], [-89.8688, 35.1564], [-89.8693, 35.156], [-89.8698, 35.1553], [-89.87, 35.1548], [-89.8698, 35.1541], [-89.8694, 35.1538], [-89.8684, 35.1538], [-89.8683, 35.1534], [-89.8686, 35.1527], [-89.8684, 35.1525], [-89.8677, 35.1524], [-89.8673, 35.152], [-89.8652, 35.1522], [-89.8648, 35.1521], [-89.8648, 35.1508], [-89.8645, 35.1504], [-89.8635, 35.1499], [-89.8628, 35.1497], [-89.8626, 35.15], [-89.8626, 35.1501], [-89.8625, 35.1502], [-89.8624, 35.1503], [-89.8623, 35.1503], [-89.8622, 35.1503], [-89.8619, 35.1503], [-89.8606, 35.15], [-89.8592, 35.1493], [-89.8582, 35.1491], [-89.8582, 35.1488], [-89.8592, 35.1489], [-89.8593, 35.1491], [-89.8607, 35.1496], [-89.8619, 35.1496], [-89.8618, 35.1492], [-89.8602, 35.1487], [-89.8594, 35.1479], [-89.8591, 35.1468], [-89.8593, 35.146], [-89.8588, 35.1456], [-89.8586, 35.1449], [-89.8583, 35.1447], [-89.8574, 35.1447], [-89.8573, 35.1444], [-89.8588, 35.1445], [-89.8591, 35.1444], [-89.8593, 35.1437], [-89.8591, 35.1436], [-89.8582, 35.1433], [-89.8569, 35.1425], [-89.8562, 35.1418], [-89.8557, 35.1418], [-89.8552, 35.1425], [-89.8537, 35.1432], [-89.8538, 35.1405], [-89.8534, 35.1428], [-89.853, 35.1434], [-89.8522, 35.1433], [-89.8517, 35.1431], [-89.8508, 35.1424], [-89.8509, 35.142], [-89.8502, 35.1414], [-89.8488, 35.1411], [-89.8482, 35.1408], [-89.8474, 35.141], [-89.8474, 35.1398], [-89.8471, 35.1396], [-89.8437, 35.1395], [-89.8432, 35.1394]]]}, "properties": {"zone": "X500"}}, {"type": "Feature", "geometry": {"type": "Polygon", "coordinates": [[[-89.8655, 35.1669], [-89.8658, 35.167], [-89.8662, 35.1666], [-89.8664, 35.1647], [-89.8659, 35.1652], [-89.8661, 35.1659], [-89.8653, 35.166], [-89.8646, 35.1659], [-89.8645, 35.165], [-89.8642, 35.165], [-89.864, 35.1658], [-89.8647, 35.166], [-89.8651, 35.1668], [-89.8655, 35.1669]]]}, "properties": {"zone": "X500"}}, {"type": "Feature", "geometry": {"type": "Polygon", "coordinates": [[[-89.867, 35.1664], [-89.867, 35.1658], [-89.8666, 35.1657], [-89.8664, 35.1661], [-89.867, 35.1664]]]}, "properties": {"zone": "X500"}}, {"type": "Feature", "geometry": {"type": "Polygon", "coordinates": [[[-89.8655, 35.1695], [-89.8646, 35.1689], [-89.8642, 35.1684], [-89.8635, 35.1684], [-89.8631, 35.1681], [-89.8633, 35.1676], [-89.8627, 35.1669], [-89.8622, 35.1668], [-89.8601, 35.1667], [-89.8591, 35.1667], [-89.8569, 35.1676], [-89.8535, 35.1688], [-89.8529, 35.169], [-89.8518, 35.1695], [-89.8517, 35.1698], [-89.8524, 35.1703], [-89.8536, 35.1699], [-89.8542, 35.1703], [-89.8547, 35.1702], [-89.8549, 35.1706], [-89.8548, 35.1716], [-89.8565, 35.1714], [-89.857, 35.1712], [-89.8578, 35.1712], [-89.8584, 35.1709], [-89.8587, 35.1705], [-89.8593, 35.1704], [-89.8593, 35.1694], [-89.8596, 35.1689], [-89.8607, 35.1688], [-89.8612, 35.1696], [-89.8613, 35.1701], [-89.862, 35.1703], [-89.8623, 35.17], [-89.8628, 35.1697], [-89.8635, 35.17], [-89.8655, 35.1695]]]}, "properties": {"zone": "X500"}}, {"type": "Feature", "geometry": {"type": "Polygon", "coordinates": [[[-89.85, 35.1737], [-89.8503, 35.1736], [-89.851, 35.1738], [-89.8516, 35.1738], [-89.8518, 35.1739], [-89.8518, 35.1754], [-89.8517, 35.1763], [-89.8524, 35.1766], [-89.8517, 35.177], [-89.851, 35.1769], [-89.8509, 35.1773], [-89.8508, 35.1789], [-89.8515, 35.1788], [-89.8516, 35.1785], [-89.8526, 35.1784], [-89.8532, 35.1781], [-89.8537, 35.1775], [-89.8542, 35.1776], [-89.8546, 35.1782], [-89.8547, 35.1779], [-89.8541, 35.1771], [-89.8539, 35.1765], [-89.854, 35.1762], [-89.8547, 35.1762], [-89.8548, 35.1765], [-89.8556, 35.176], [-89.8556, 35.1755], [-89.8579, 35.1755], [-89.8581, 35.1766], [-89.8585, 35.1768], [-89.8595, 35.1764], [-89.8596, 35.176], [-89.8601, 35.1756], [-89.8607, 35.1756], [-89.8614, 35.1753], [-89.8622, 35.1752], [-89.8625, 35.1749], [-89.8632, 35.1747], [-89.8641, 35.1747], [-89.8649, 35.1741], [-89.8661, 35.1741], [-89.8668, 35.174], [-89.867, 35.1737], [-89.8682, 35.1735], [-89.8686, 35.173], [-89.8691, 35.173], [-89.8691, 35.1724], [-89.8677, 35.1714], [-89.8672, 35.1712], [-89.8669, 35.1709], [-89.8659, 35.17], [-89.8658, 35.1697], [-89.8648, 35.1703], [-89.8643, 35.1704], [-89.8643, 35.171], [-89.8647, 35.1723], [-89.8658, 35.1724], [-89.8659, 35.1713], [-89.8665, 35.1717], [-89.8665, 35.1722], [-89.8657, 35.173], [-89.8652, 35.173], [-89.8651, 35.1725], [-89.8638, 35.1725], [-89.8635, 35.1722], [-89.863, 35.1721], [-89.8624, 35.1723], [-89.8618, 35.1722], [-89.8613, 35.1727], [-89.8618, 35.173], [-89.862, 35.1734], [-89.8612, 35.1737], [-89.8611, 35.1745], [-89.86, 35.1745], [-89.8601, 35.1749], [-89.8596, 35.1751], [-89.8592, 35.175], [-89.8586, 35.1755], [-89.8583, 35.175], [-89.8582, 35.174], [-89.8583, 35.1726], [-89.8557, 35.1723], [-89.8559, 35.1725], [-89.8571, 35.1727], [-89.8577, 35.1727], [-89.8582, 35.1731], [-89.8581, 35.1746], [-89.8579, 35.1747], [-89.8571, 35.1747], [-89.8566, 35.1751], [-89.8552, 35.1751], [-89.8555, 35.1741], [-89.8565, 35.1739], [-89.857, 35.1736], [-89.8559, 35.1735], [-89.8551, 35.1736], [-89.8545, 35.1731], [-89.8542, 35.1726], [-89.8538, 35.1727], [-89.854, 35.1734], [-89.8539, 35.1743], [-89.854, 35.1749], [-89.8538, 35.1754], [-89.854, 35.1758], [-89.8536, 35.176], [-89.8521, 35.1759], [-89.8518, 35.1755], [-89.8518, 35.1739], [-89.8517, 35.1737], [-89.8515, 35.1738], [-89.8499, 35.1735], [-89.8499, 35.174], [-89.8494, 35.1743], [-89.8476, 35.1743], [-89.8473, 35.1745], [-89.8462, 35.1745], [-89.8465, 35.1752], [-89.8462, 35.1757], [-89.8464, 35.1775], [-89.8456, 35.177], [-89.8429, 35.175], [-89.8429, 35.1751], [-89.8456, 35.1772], [-89.8428, 35.1773], [-89.843, 35.1777], [-89.8447, 35.1775], [-89.8457, 35.1775], [-89.8467, 35.1779], [-89.847, 35.1785], [-89.847, 35.1789], [-89.8462, 35.1792], [-89.8459, 35.1789], [-89.8453, 35.1789], [-89.8439, 35.1785], [-89.8427, 35.179], [-89.8425, 35.1795], [-89.8437, 35.1802], [-89.8438, 35.1805], [-89.8432, 35.1812], [-89.843, 35.1808], [-89.8426, 35.1808], [-89.8426, 35.1815], [-89.8431, 35.182], [-89.8446, 35.1816], [-89.8453, 35.1818], [-89.8456, 35.1815], [-89.8454, 35.1809], [-89.8455, 35.1799], [-89.8467, 35.1796], [-89.8472, 35.1792], [-89.8476, 35.1796], [-89.8465, 35.1799], [-89.846, 35.18], [-89.8458, 35.181], [-89.8463, 35.1812], [-89.8473, 35.1812], [-89.8471, 35.1815], [-89.8473, 35.1819], [-89.8472, 35.1826], [-89.8469, 35.1829], [-89.8458, 35.1821], [-89.8453, 35.1832], [-89.8462, 35.1833], [-89.8462, 35.1839], [-89.8455, 35.1842], [-89.8455, 35.1846], [-89.8449, 35.1851], [-89.8447, 35.1855], [-89.844, 35.1857], [-89.8435, 35.1851], [-89.8436, 35.1844], [-89.8435, 35.1836], [-89.8432, 35.1836], [-89.8432, 35.1867], [-89.8424, 35.1867], [-89.8422, 35.1864], [-89.8421, 35.1853], [-89.8423, 35.1837], [-89.8415, 35.1839], [-89.8413, 35.1845], [-89.8415, 35.1856], [-89.841, 35.1851], [-89.8411, 35.1843], [-89.8406, 35.1844], [-89.8405, 35.1852], [-89.8402, 35.1867], [-89.8402, 35.1871], [-89.8417, 35.1872], [-89.8416, 35.1875], [-89.8409, 35.1875], [-89.84, 35.1873], [-89.8401, 35.1867], [-89.8401, 35.1853], [-89.8397, 35.1852], [-89.8396, 35.1868], [-89.8389, 35.1873], [-89.8385, 35.187], [-89.8379, 35.1873], [-89.8374, 35.1873], [-89.8367, 35.1878], [-89.8365, 35.1882], [-89.837, 35.1883], [-89.8374, 35.188], [-89.8375, 35.1875], [-89.8382, 35.1874], [-89.8387, 35.1878], [-89.8397, 35.1878], [-89.8398, 35.1882], [-89.8403, 35.188], [-89.841, 35.188], [-89.8414, 35.1878], [-89.8428, 35.1876], [-89.8435, 35.1873], [-89.8438, 35.1867], [-89.8444, 35.1863], [-89.8445, 35.1857], [-89.845, 35.1856], [-89.8456, 35.1849], [-89.8457, 35.1843], [-89.846, 35.1841], [-89.8463, 35.1839], [-89.8464, 35.1837], [-89.847, 35.1835], [-89.8474, 35.1827], [-89.8473, 35.1824], [-89.8475, 35.1818], [-89.8481, 35.1819], [-89.848, 35.1808], [-89.8486, 35.1804], [-89.8489, 35.1806], [-89.8492, 35.1801], [-89.8492, 35.1792], [-89.8484, 35.179], [-89.8484, 35.1785], [-89.8479, 35.1778], [-89.8484, 35.1775], [-89.8488, 35.1777], [-89.8494, 35.1767], [-89.8487, 35.1763], [-89.8468, 35.1763], [-89.8464, 35.1761], [-89.8466, 35.1746], [-89.8468, 35.1745], [-89.8484, 35.1744], [-89.8495, 35.1745], [-89.8502, 35.1739], [-89.85, 35.1737]], [[-89.8544, 35.1779], [-89.8539, 35.1771], [-89.8536, 35.1768], [-89.8539, 35.1765], [-89.854, 35.177], [-89.8542, 35.1774], [-89.8544, 35.1779]], [[-89.8425, 35.1794], [-89.8427, 35.1791], [-89.8435, 35.1795], [-89.8432, 35.1799], [-89.8425, 35.1794]], [[-89.8408, 35.1866], [-89.8403, 35.1865], [-89.8406, 35.1859], [-89.8409, 35.1859], [-89.8408, 35.1866]], [[-89.8413, 35.1867], [-89.8416, 35.1861], [-89.8421, 35.1863], [-89.8419, 35.1867], [-89.8413, 35.1867]], [[-89.844, 35.1773], [-89.8453, 35.1772], [-89.8459, 35.1775], [-89.8447, 35.1775], [-89.844, 35.1776], [-89.844, 35.1773]]]}, "properties": {"zone": "X500"}}, {"type": "Feature", "geometry": {"type": "Polygon", "coordinates": [[[-89.8396, 35.1742], [-89.8387, 35.1748], [-89.8367, 35.1772], [-89.8365, 35.178], [-89.8376, 35.1779], [-89.8378, 35.1777], [-89.8378, 35.1769], [-89.8382, 35.1771], [-89.8382, 35.1764], [-89.8379, 35.1761], [-89.8387, 35.1749], [-89.8396, 35.1742]]]}, "properties": {"zone": "X500"}}, {"type": "Feature", "geometry": {"type": "Polygon", "coordinates": [[[-89.839, 35.1815], [-89.8392, 35.1809], [-89.8396, 35.181], [-89.8396, 35.1816], [-89.8392, 35.1828], [-89.8387, 35.183], [-89.8384, 35.1831], [-89.8375, 35.1822], [-89.837, 35.1821], [-89.8369, 35.183], [-89.837, 35.1836], [-89.8367, 35.1841], [-89.8368, 35.1849], [-89.8367, 35.1853], [-89.8373, 35.1852], [-89.8374, 35.1863], [-89.838, 35.1859], [-89.8384, 35.1852], [-89.8389, 35.1845], [-89.8389, 35.1838], [-89.8391, 35.1835], [-89.8391, 35.1829], [-89.8399, 35.1814], [-89.8401, 35.1802], [-89.8401, 35.1796], [-89.8403, 35.1791], [-89.8401, 35.1785], [-89.8394, 35.1785], [-89.8371, 35.179], [-89.8371, 35.1793], [-89.838, 35.1801], [-89.8384, 35.1802], [-89.8388, 35.1806], [-89.8388, 35.1814], [-89.8384, 35.1819], [-89.8389, 35.1821], [-89.839, 35.1815]], [[-89.8391, 35.1792], [-89.8388, 35.1796], [-89.8383, 35.1796], [-89.8381, 35.179], [-89.8386, 35.1789], [-89.8391, 35.1792]], [[-89.8378, 35.1836], [-89.8376, 35.1835], [-89.8373, 35.1826], [-89.8379, 35.1826], [-89.838, 35.1832], [-89.8378, 35.1836]], [[-89.8392, 35.1804], [-89.8388, 35.18], [-89.8396, 35.1795], [-89.84, 35.1797], [-89.8399, 35.1802], [-89.8392, 35.1804]]]}, "properties": {"zone": "X500"}}, {"type": "Feature", "geometry": {"type": "Polygon", "coordinates": [[[-89.8411, 35.1843], [-89.8412, 35.1836], [-89.8406, 35.1836], [-89.8404, 35.1828], [-89.8411, 35.1825], [-89.8413, 35.1828], [-89.842, 35.1827], [-89.8414, 35.1819], [-89.8411, 35.1819], [-89.8407, 35.1816], [-89.8405, 35.1817], [-89.84, 35.1832], [-89.8398, 35.1848], [-89.8402, 35.1849], [-89.8406, 35.1844], [-89.8411, 35.1843]], [[-89.8403, 35.1825], [-89.8406, 35.1817], [-89.8413, 35.182], [-89.8403, 35.1825]]]}, "properties": {"zone": "X500"}}, {"type": "Feature", "geometry": {"type": "Polygon", "coordinates": [[[-89.8423, 35.1863], [-89.8429, 35.1864], [-89.8431, 35.1857], [-89.8432, 35.1841], [-89.8424, 35.1839], [-89.8424, 35.1854], [-89.8423, 35.1863]]]}, "properties": {"zone": "X500"}}, {"type": "Feature", "geometry": {"type": "Polygon", "coordinates": [[[-89.8363, 35.1897], [-89.8371, 35.1887], [-89.8363, 35.1884], [-89.8363, 35.1897]]]}, "properties": {"zone": "X500"}}, {"type": "Feature", "geometry": {"type": "Polygon", "coordinates": [[[-89.8576, 35.1989], [-89.8575, 35.1986], [-89.8574, 35.1979], [-89.8575, 35.1967], [-89.8564, 35.1969], [-89.8562, 35.1977], [-89.8563, 35.198], [-89.8569, 35.1982], [-89.8576, 35.1989]]]}, "properties": {"zone": "X500"}}, {"type": "Feature", "geometry": {"type": "Polygon", "coordinates": [[[-89.8583, 35.1984], [-89.8576, 35.1977], [-89.8574, 35.1979], [-89.8575, 35.1986], [-89.8582, 35.1991], [-89.8584, 35.199], [-89.8583, 35.1984]]]}, "properties": {"zone": "X500"}}, {"type": "Feature", "geometry": {"type": "Polygon", "coordinates": [[[-89.8672, 35.2029], [-89.8665, 35.2035], [-89.8672, 35.2036], [-89.8677, 35.2034], [-89.8679, 35.203], [-89.8672, 35.2029]]]}, "properties": {"zone": "X500"}}, {"type": "Feature", "geometry": {"type": "Polygon", "coordinates": [[[-89.866, 35.2093], [-89.8656, 35.2096], [-89.8651, 35.2095], [-89.8651, 35.2101], [-89.8655, 35.2111], [-89.866, 35.2102], [-89.866, 35.2093]]]}, "properties": {"zone": "X500"}}, {"type": "Feature", "geometry": {"type": "Polygon", "coordinates": [[[-89.8422, 35.2632], [-89.8419, 35.2618], [-89.8416, 35.2622], [-89.8422, 35.2632]]]}, "properties": {"zone": "X500"}}, {"type": "Feature", "geometry": {"type": "Polygon", "coordinates": [[[-89.8467, 35.2682], [-89.8472, 35.2682], [-89.8475, 35.2694], [-89.8479, 35.2693], [-89.8484, 35.2696], [-89.8487, 35.2702], [-89.8489, 35.2703], [-89.85, 35.2704], [-89.8505, 35.2704], [-89.8516, 35.2707], [-89.8507, 35.2699], [-89.8503, 35.2704], [-89.8492, 35.2703], [-89.8488, 35.2702], [-89.8486, 35.2698], [-89.8484, 35.2692], [-89.8477, 35.2692], [-89.8473, 35.2685], [-89.8473, 35.268], [-89.8467, 35.2682]]]}, "properties": {"zone": "X500"}}, {"type": "Feature", "geometry": {"type": "Polygon", "coordinates": [[[-89.8454, 35.3084], [-89.8443, 35.3078], [-89.8426, 35.3082], [-89.8424, 35.3087], [-89.8426, 35.309], [-89.8448, 35.3092], [-89.8455, 35.3092], [-89.8454, 35.3084]]]}, "properties": {"zone": "X500"}}, {"type": "Feature", "geometry": {"type": "Polygon", "coordinates": [[[-89.8419, 35.3135], [-89.8426, 35.3139], [-89.8442, 35.3145], [-89.8449, 35.3137], [-89.8445, 35.3136], [-89.8436, 35.3136], [-89.8432, 35.3128], [-89.8429, 35.3127], [-89.8424, 35.3118], [-89.8416, 35.3118], [-89.8413, 35.312], [-89.8409, 35.3116], [-89.8405, 35.3128], [-89.8417, 35.313], [-89.8419, 35.3135]]]}, "properties": {"zone": "X500"}}, {"type": "Feature", "geometry": {"type": "Polygon", "coordinates": [[[-89.8398, 35.3093], [-89.8355, 35.3091], [-89.834, 35.309], [-89.834, 35.3093], [-89.8349, 35.3101], [-89.835, 35.3104], [-89.8348, 35.3116], [-89.8343, 35.3149], [-89.8338, 35.3195], [-89.8339, 35.3193], [-89.8341, 35.3177], [-89.8344, 35.3166], [-89.8344, 35.3157], [-89.8348, 35.3151], [-89.8346, 35.3143], [-89.8348, 35.3131], [-89.8351, 35.312], [-89.8367, 35.3124], [-89.8372, 35.3121], [-89.8377, 35.3125], [-89.8383, 35.3127], [-89.8386, 35.3131], [-89.8388, 35.3137], [-89.8396, 35.3138], [-89.8399, 35.3136], [-89.839, 35.313], [-89.837, 35.3117], [-89.8366, 35.3111], [-89.8367, 35.3108], [-89.8353, 35.3102], [-89.8356, 35.3099], [-89.8384, 35.3092], [-89.8384, 35.3095], [-89.8391, 35.3095], [-89.8399, 35.3098], [-89.8401, 35.3104], [-89.8405, 35.3102], [-89.8406, 35.3097], [-89.8416, 35.3101], [-89.8422, 35.3106], [-89.8423, 35.31], [-89.8433, 35.3096], [-89.844, 35.3098], [-89.8448, 35.3103], [-89.8455, 35.3101], [-89.8454, 35.3106], [-89.8455, 35.3112], [-89.8461, 35.3112], [-89.8463, 35.3117], [-89.8467, 35.3109], [-89.8481, 35.3112], [-89.8487, 35.3117], [-89.8487, 35.3125], [-89.8489, 35.313], [-89.8487, 35.3144], [-89.849, 35.3145], [-89.8488, 35.315], [-89.8488, 35.3163], [-89.8487, 35.3169], [-89.849, 35.3182], [-89.8492, 35.3186], [-89.8512, 35.3191], [-89.8512, 35.3183], [-89.8515, 35.3178], [-89.8514, 35.3175], [-89.8508, 35.3174], [-89.8513, 35.3165], [-89.8521, 35.3161], [-89.8535, 35.316], [-89.8533, 35.3153], [-89.854, 35.3153], [-89.8541, 35.316], [-89.8546, 35.3161], [-89.8551, 35.3157], [-89.8557, 35.3158], [-89.8573, 35.3163], [-89.8574, 35.3164], [-89.8574, 35.3171], [-89.8577, 35.3162], [-89.859, 35.3152], [-89.8595, 35.3151], [-89.86, 35.3153], [-89.8604, 35.3159], [-89.8611, 35.3161], [-89.8611, 35.3166], [-89.8607, 35.3172], [-89.8611, 35.3178], [-89.8618, 35.3176], [-89.8619, 35.317], [-89.8617, 35.3168], [-89.8621, 35.3163], [-89.8625, 35.3159], [-89.8622, 35.3156], [-89.8621, 35.3148], [-89.8625, 35.3146], [-89.863, 35.3147], [-89.8635, 35.3145], [-89.8645, 35.315], [-89.8648, 35.3148], [-89.8647, 35.316], [-89.8655, 35.3156], [-89.8657, 35.3161], [-89.8661, 35.316], [-89.8665, 35.3165], [-89.8667, 35.3159], [-89.868, 35.3165], [-89.8683, 35.3169], [-89.8691, 35.3173], [-89.8687, 35.3183], [-89.8693, 35.3182], [-89.8699, 35.3183], [-89.8702, 35.3181], [-89.8696, 35.3175], [-89.8684, 35.3167], [-89.8663, 35.3154], [-89.8645, 35.3144], [-89.8629, 35.3135], [-89.8623, 35.3134], [-89.8616, 35.3135], [-89.8599, 35.3128], [-89.8581, 35.3123], [-89.8577, 35.3125], [-89.8576, 35.3131], [-89.8577, 35.3151], [-89.8577, 35.3157], [-89.8576, 35.3164], [-89.8572, 35.3162], [-89.8573, 35.3156], [-89.8568, 35.3148], [-89.857, 35.3142], [-89.8573, 35.3139], [-89.8574, 35.3132], [-89.8573, 35.3123], [-89.8554, 35.3118], [-89.8542, 35.3117], [-89.8527, 35.3114], [-89.8519, 35.3124], [-89.851, 35.3117], [-89.8507, 35.311], [-89.8502, 35.3107], [-89.8498, 35.311], [-89.8496, 35.3104], [-89.8492, 35.3104], [-89.8487, 35.3108], [-89.8483, 35.3108], [-89.8481, 35.3101], [-89.8462, 35.3101], [-89.8453, 35.3098], [-89.843, 35.3095], [-89.8417, 35.3096], [-89.8398, 35.3093]]]}, "properties": {"zone": "X500"}}, {"type": "Feature", "geometry": {"type": "Polygon", "coordinates": [[[-89.8626, 35.3237], [-89.8624, 35.3238], [-89.8627, 35.3246], [-89.863, 35.3247], [-89.8636, 35.3243], [-89.8644, 35.3244], [-89.8648, 35.3242], [-89.8654, 35.3244], [-89.8661, 35.3251], [-89.8668, 35.3251], [-89.8669, 35.3241], [-89.8671, 35.3234], [-89.8662, 35.3231], [-89.8653, 35.3232], [-89.8649, 35.3237], [-89.8643, 35.3241], [-89.8628, 35.3244], [-89.8626, 35.3237]]]}, "properties": {"zone": "X500"}}, {"type": "Feature", "geometry": {"type": "Polygon", "coordinates": [[[-89.8509, 35.3326], [-89.8514, 35.3325], [-89.8524, 35.3325], [-89.854, 35.3328], [-89.8545, 35.3327], [-89.8559, 35.3318], [-89.8561, 35.3305], [-89.8566, 35.3301], [-89.8566, 35.3309], [-89.8573, 35.3307], [-89.8576, 35.33], [-89.8584, 35.3298], [-89.8587, 35.3299], [-89.8584, 35.3329], [-89.8581, 35.3333], [-89.8574, 35.3334], [-89.8575, 35.3337], [-89.8583, 35.3337], [-89.8586, 35.3329], [-89.8587, 35.3318], [-89.8586, 35.331], [-89.8589, 35.3291], [-89.8581, 35.3294], [-89.8563, 35.3297], [-89.8549, 35.3296], [-89.8534, 35.3293], [-89.852, 35.3296], [-89.8517, 35.3298], [-89.8511, 35.3313], [-89.8509, 35.3326]]]}, "properties": {"zone": "X500"}}, {"type": "Feature", "geometry": {"type": "Polygon", "coordinates": [[[-89.8337, 35.3467], [-89.8332, 35.3472], [-89.8335, 35.3475], [-89.8343, 35.3473], [-89.8351, 35.3474], [-89.8355, 35.3478], [-89.8356, 35.3492], [-89.8359, 35.3496], [-89.837, 35.35], [-89.8388, 35.3499], [-89.8399, 35.3497], [-89.8406, 35.3499], [-89.8415, 35.3498], [-89.8416, 35.3493], [-89.8419, 35.349], [-89.8429, 35.3491], [-89.8435, 35.3489], [-89.8437, 35.3486], [-89.8436, 35.3478], [-89.8429, 35.347], [-89.8434, 35.3467], [-89.8434, 35.3463], [-89.8432, 35.3449], [-89.8427, 35.3444], [-89.843, 35.344], [-89.8437, 35.3439], [-89.8441, 35.3437], [-89.8442, 35.3432], [-89.8447, 35.3422], [-89.845, 35.3418], [-89.8459, 35.341], [-89.8459, 35.3405], [-89.8457, 35.3402], [-89.8452, 35.3413], [-89.8437, 35.3422], [-89.8437, 35.3429], [-89.8433, 35.3428], [-89.843, 35.3433], [-89.8417, 35.3435], [-89.8412, 35.3434], [-89.8412, 35.3444], [-89.8415, 35.3454], [-89.8412, 35.3457], [-89.8407, 35.3458], [-89.8397, 35.3457], [-89.8395, 35.3464], [-89.8398, 35.3469], [-89.8399, 35.3473], [-89.8397, 35.349], [-89.8395, 35.3496], [-89.8389, 35.3496], [-89.8389, 35.3486], [-89.8392, 35.3478], [-89.8381, 35.3475], [-89.8383, 35.347], [-89.8386, 35.3457], [-89.8376, 35.3456], [-89.8378, 35.346], [-89.8379, 35.3465], [-89.8375, 35.3473], [-89.8369, 35.3478], [-89.8365, 35.3486], [-89.8358, 35.3491], [-89.836, 35.3476], [-89.8355, 35.3472], [-89.8353, 35.3466], [-89.8349, 35.3469], [-89.8345, 35.3467], [-89.8337, 35.3467]]]}, "properties": {"zone": "X500"}}, {"type": "Feature", "geometry": {"type": "Polygon", "coordinates": [[[-89.8272, 34.932], [-89.8276, 34.9316], [-89.8282, 34.9315], [-89.8288, 34.9314], [-89.8289, 34.9314], [-89.8293, 34.9314], [-89.8295, 34.9314], [-89.83, 34.9315], [-89.83, 34.9321], [-89.8304, 34.9325], [-89.8304, 34.9314], [-89.8301, 34.9311], [-89.8293, 34.9313], [-89.8289, 34.9314], [-89.8288, 34.9314], [-89.8281, 34.9315], [-89.8276, 34.9316], [-89.8272, 34.932]]]}, "properties": {"zone": "X500"}}, {"type": "Feature", "geometry": {"type": "Polygon", "coordinates": [[[-89.8273, 34.9327], [-89.8277, 34.9331], [-89.8282, 34.9329], [-89.8284, 34.9332], [-89.8275, 34.9333], [-89.8272, 34.9332], [-89.8268, 34.933], [-89.8265, 34.933], [-89.8261, 34.9332], [-89.8261, 34.9331], [-89.8252, 34.9331], [-89.8251, 34.9332], [-89.8249, 34.9333], [-89.8247, 34.9333], [-89.8246, 34.9331], [-89.8242, 34.9332], [-89.8242, 34.9334], [-89.8236, 34.9333], [-89.8231, 34.9334], [-89.8221, 34.9335], [-89.8222, 34.9339], [-89.8212, 34.9346], [-89.8224, 34.9349], [-89.823, 34.9356], [-89.8231, 34.9361], [-89.8224, 34.9369], [-89.8212, 34.937], [-89.8204, 34.9378], [-89.821, 34.9378], [-89.8219, 34.937], [-89.8224, 34.937], [-89.8233, 34.9358], [-89.8233, 34.9353], [-89.823, 34.9347], [-89.8226, 34.9343], [-89.8226, 34.9338], [-89.8232, 34.9338], [-89.8235, 34.9335], [-89.8241, 34.9335], [-89.8243, 34.9334], [-89.8243, 34.9332], [-89.8249, 34.9333], [-89.825, 34.9333], [-89.825, 34.9332], [-89.8252, 34.9331], [-89.826, 34.9331], [-89.8261, 34.9332], [-89.8262, 34.9332], [-89.8265, 34.933], [-89.8272, 34.9332], [-89.8275, 34.9333], [-89.8284, 34.9333], [-89.829, 34.9329], [-89.828, 34.9323], [-89.8275, 34.9323], [-89.8273, 34.9327]]]}, "properties": {"zone": "X500"}}, {"type": "Feature", "geometry": {"type": "Polygon", "coordinates": [[[-89.8114, 34.9439], [-89.8111, 34.9438], [-89.8108, 34.9443], [-89.8118, 34.9443], [-89.8121, 34.9439], [-89.8124, 34.9441], [-89.8127, 34.944], [-89.8144, 34.9429], [-89.8147, 34.9426], [-89.816, 34.9422], [-89.8165, 34.9414], [-89.8158, 34.9406], [-89.8155, 34.9419], [-89.8138, 34.9432], [-89.8126, 34.944], [-89.8123, 34.9438], [-89.8119, 34.9437], [-89.8114, 34.9439]]]}, "properties": {"zone": "X500"}}, {"type": "Feature", "geometry": {"type": "Polygon", "coordinates": [[[-89.8075, 34.9485], [-89.8076, 34.9478], [-89.8093, 34.9477], [-89.8097, 34.9471], [-89.8101, 34.947], [-89.8115, 34.947], [-89.812, 34.9468], [-89.8127, 34.9461], [-89.8128, 34.9453], [-89.8128, 34.9447], [-89.8129, 34.9446], [-89.8148, 34.9441], [-89.816, 34.9437], [-89.8167, 34.9429], [-89.8175, 34.9432], [-89.8175, 34.9427], [-89.8181, 34.9424], [-89.8186, 34.9424], [-89.8188, 34.9427], [-89.8192, 34.9419], [-89.8196, 34.9416], [-89.8211, 34.9413], [-89.8215, 34.9409], [-89.8209, 34.9404], [-89.8197, 34.9405], [-89.8198, 34.9409], [-89.8193, 34.9413], [-89.8189, 34.9407], [-89.8184, 34.9412], [-89.8183, 34.9418], [-89.8175, 34.942], [-89.816, 34.9437], [-89.815, 34.944], [-89.8147, 34.9432], [-89.8144, 34.9433], [-89.8142, 34.944], [-89.8139, 34.9443], [-89.8129, 34.9446], [-89.8128, 34.9446], [-89.8128, 34.9447], [-89.8126, 34.9461], [-89.812, 34.9467], [-89.8113, 34.9467], [-89.811, 34.9469], [-89.81, 34.947], [-89.8096, 34.9471], [-89.8094, 34.9476], [-89.8075, 34.9478], [-89.8075, 34.9485]]]}, "properties": {"zone": "X500"}}, {"type": "Feature", "geometry": {"type": "Polygon", "coordinates": [[[-89.8059, 34.9522], [-89.807, 34.9513], [-89.8078, 34.9505], [-89.8082, 34.9495], [-89.8076, 34.9496], [-89.8078, 34.95], [-89.8072, 34.951], [-89.8066, 34.9515], [-89.8059, 34.9522]]]}, "properties": {"zone": "X500"}}, {"type": "Feature", "geometry": {"type": "Polygon", "coordinates": [[[-89.831, 34.9697], [-89.8311, 34.9693], [-89.8312, 34.9688], [-89.8311, 34.9684], [-89.831, 34.968], [-89.8309, 34.9677], [-89.8307, 34.9685], [-89.8306, 34.9698], [-89.8304, 34.9696], [-89.8303, 34.969], [-89.8302, 34.9691], [-89.8303, 34.9693], [-89.8304, 34.9697], [-89.8306, 34.9698], [-89.8307, 34.9687], [-89.8308, 34.9683], [-89.831, 34.9679], [-89.8311, 34.9684], [-89.8312, 34.9688], [-89.8311, 34.9694], [-89.831, 34.9697]]]}, "properties": {"zone": "X500"}}, {"type": "Feature", "geometry": {"type": "Polygon", "coordinates": [[[-89.8053, 35.0415], [-89.8065, 35.0417], [-89.807, 35.0415], [-89.8074, 35.0418], [-89.8089, 35.0425], [-89.8095, 35.0424], [-89.8096, 35.0417], [-89.8099, 35.0412], [-89.8103, 35.041], [-89.8113, 35.0411], [-89.8127, 35.0411], [-89.813, 35.0399], [-89.8126, 35.0402], [-89.8128, 35.0405], [-89.8126, 35.0409], [-89.8119, 35.0406], [-89.8115, 35.0407], [-89.8111, 35.0411], [-89.8103, 35.0405], [-89.8093, 35.0401], [-89.808, 35.0392], [-89.8074, 35.0394], [-89.8083, 35.04], [-89.8085, 35.0404], [-89.808, 35.0417], [-89.8076, 35.0417], [-89.8069, 35.041], [-89.8065, 35.0394], [-89.8066, 35.0387], [-89.8071, 35.0384], [-89.8067, 35.0378], [-89.8076, 35.0373], [-89.808, 35.0375], [-89.8077, 35.038], [-89.8084, 35.0379], [-89.8093, 35.0386], [-89.8095, 35.038], [-89.8089, 35.038], [-89.8086, 35.0375], [-89.8077, 35.0372], [-89.8074, 35.0367], [-89.8068, 35.037], [-89.8069, 35.0362], [-89.8068, 35.0359], [-89.8058, 35.0354], [-89.8044, 35.0357], [-89.8038, 35.0355], [-89.8035, 35.036], [-89.8029, 35.0354], [-89.8023, 35.0355], [-89.8016, 35.0351], [-89.801, 35.0351], [-89.8011, 35.0357], [-89.8004, 35.0359], [-89.8, 35.0353], [-89.7992, 35.0352], [-89.799, 35.0355], [-89.7982, 35.0356], [-89.7979, 35.0354], [-89.7981, 35.0349], [-89.7978, 35.0338], [-89.7972, 35.034], [-89.797, 35.0338], [-89.7961, 35.0343], [-89.7967, 35.0344], [-89.7967, 35.0348], [-89.7961, 35.0353], [-89.7961, 35.0371], [-89.797, 35.0372], [-89.7981, 35.0378], [-89.7995, 35.0386], [-89.8005, 35.0394], [-89.8005, 35.0398], [-89.7996, 35.0396], [-89.799, 35.0393], [-89.7966, 35.0384], [-89.7964, 35.0385], [-89.7966, 35.039], [-89.7973, 35.0391], [-89.7975, 35.0394], [-89.7981, 35.0394], [-89.7995, 35.0398], [-89.8006, 35.0399], [-89.8009, 35.0395], [-89.8003, 35.039], [-89.8007, 35.0387], [-89.8006, 35.0381], [-89.7996, 35.0376], [-89.799, 35.0379], [-89.7986, 35.0375], [-89.799, 35.0369], [-89.7991, 35.0363], [-89.7996, 35.0365], [-89.8, 35.0358], [-89.8004, 35.0361], [-89.801, 35.036], [-89.8016, 35.0352], [-89.8021, 35.0355], [-89.8031, 35.0365], [-89.8039, 35.0366], [-89.8044, 35.0364], [-89.8046, 35.0359], [-89.8051, 35.036], [-89.8053, 35.0364], [-89.8058, 35.0362], [-89.806, 35.0367], [-89.8056, 35.037], [-89.8054, 35.0377], [-89.8049, 35.0382], [-89.8044, 35.0392], [-89.8036, 35.0392], [-89.8039, 35.0398], [-89.8039, 35.0404], [-89.8046, 35.0403], [-89.8047, 35.0399], [-89.8055, 35.0399], [-89.8061, 35.0401], [-89.8062, 35.0408], [-89.8059, 35.0413], [-89.8051, 35.0412], [-89.8049, 35.0408], [-89.8045, 35.0407], [-89.8041, 35.041], [-89.8053, 35.0415]], [[-89.7984, 35.037], [-89.7977, 35.0371], [-89.7974, 35.0367], [-89.7981, 35.036], [-89.7984, 35.0364], [-89.7984, 35.037]], [[-89.8092, 35.0423], [-89.8083, 35.0419], [-89.8082, 35.0416], [-89.8085, 35.0409], [-89.8088, 35.0404], [-89.8099, 35.0406], [-89.81, 35.041], [-89.8096, 35.0418], [-89.8094, 35.0423], [-89.8092, 35.0423]]]}, "properties": {"zone": "X500"}}, {"type": "Feature", "geometry": {"type": "Polygon", "coordinates": [[[-89.8134, 35.0394], [-89.8132, 35.0399], [-89.8139, 35.0406], [-89.8148, 35.0409], [-89.8152, 35.042], [-89.8148, 35.0422], [-89.8147, 35.0424], [-89.8155, 35.0435], [-89.8155, 35.0444], [-89.8145, 35.0452], [-89.8143, 35.046], [-89.8146, 35.0465], [-89.8165, 35.0473], [-89.8165, 35.0472], [-89.8148, 35.0465], [-89.8145, 35.0461], [-89.8147, 35.0453], [-89.8157, 35.0442], [-89.8156, 35.0434], [-89.8153, 35.0431], [-89.8148, 35.0423], [-89.8149, 35.0422], [-89.8155, 35.0419], [-89.816, 35.0414], [-89.8169, 35.0412], [-89.8169, 35.0404], [-89.8167, 35.0402], [-89.8149, 35.0403], [-89.814, 35.0401], [-89.8138, 35.0397], [-89.8134, 35.0394]]]}, "properties": {"zone": "X500"}}, {"type": "Feature", "geometry": {"type": "Polygon", "coordinates": [[[-89.8184, 35.0487], [-89.8194, 35.0493], [-89.8196, 35.0491], [-89.8196, 35.048], [-89.82, 35.0477], [-89.8211, 35.0482], [-89.8214, 35.0479], [-89.821, 35.0474], [-89.8189, 35.0479], [-89.8176, 35.0485], [-89.8184, 35.0487]]]}, "properties": {"zone": "X500"}}, {"type": "Feature", "geometry": {"type": "Polygon", "coordinates": [[[-89.8099, 35.0486], [-89.81, 35.0496], [-89.811, 35.0507], [-89.8117, 35.0513], [-89.8133, 35.0521], [-89.8151, 35.0521], [-89.8162, 35.052], [-89.8185, 35.052], [-89.8183, 35.0515], [-89.8176, 35.0516], [-89.8171, 35.052], [-89.8158, 35.0519], [-89.8154, 35.0516], [-89.8151, 35.052], [-89.8142, 35.0519], [-89.8135, 35.0514], [-89.8135, 35.0509], [-89.8147, 35.0507], [-89.8144, 35.0503], [-89.8143, 35.0484], [-89.8134, 35.0478], [-89.8122, 35.0473], [-89.8104, 35.0466], [-89.8098, 35.0475], [-89.8103, 35.0481], [-89.8114, 35.0485], [-89.8119, 35.0488], [-89.8115, 35.0494], [-89.8108, 35.0494], [-89.8105, 35.0493], [-89.8099, 35.0486]]]}, "properties": {"zone": "X500"}}, {"type": "Feature", "geometry": {"type": "Polygon", "coordinates": [[[-89.8243, 35.052], [-89.824, 35.0514], [-89.8241, 35.0509], [-89.8246, 35.0494], [-89.8226, 35.0497], [-89.8223, 35.0494], [-89.822, 35.0498], [-89.8212, 35.0499], [-89.8205, 35.0496], [-89.8202, 35.0499], [-89.8209, 35.0502], [-89.8217, 35.051], [-89.8231, 35.0507], [-89.8231, 35.0512], [-89.8236, 35.0518], [-89.8243, 35.052]]]}, "properties": {"zone": "X500"}}, {"type": "Feature", "geometry": {"type": "Polygon", "coordinates": [[[-89.8126, 35.0528], [-89.8121, 35.0528], [-89.8106, 35.0524], [-89.8117, 35.0532], [-89.8123, 35.0539], [-89.8128, 35.0532], [-89.8126, 35.0528]]]}, "properties": {"zone": "X500"}}, {"type": "Feature", "geometry": {"type": "Polygon", "coordinates": [[[-89.8147, 35.0557], [-89.8152, 35.0564], [-89.8155, 35.0563], [-89.8157, 35.0555], [-89.8165, 35.055], [-89.8176, 35.0537], [-89.8185, 35.0529], [-89.8191, 35.0529], [-89.8182, 35.0528], [-89.8166, 35.0528], [-89.8134, 35.0529], [-89.813, 35.0531], [-89.8133, 35.0545], [-89.8145, 35.0552], [-89.8151, 35.0554], [-89.8159, 35.0547], [-89.8165, 35.0545], [-89.8171, 35.0539], [-89.8167, 35.0532], [-89.8162, 35.0533], [-89.8156, 35.0531], [-89.8164, 35.0528], [-89.8183, 35.0528], [-89.8183, 35.0529], [-89.8177, 35.0535], [-89.8165, 35.0549], [-89.8156, 35.0555], [-89.8155, 35.0558], [-89.8147, 35.0557]]]}, "properties": {"zone": "X500"}}, {"type": "Feature", "geometry": {"type": "Polygon", "coordinates": [[[-89.8369, 35.0604], [-89.8377, 35.0598], [-89.8368, 35.0587], [-89.837, 35.0585], [-89.8379, 35.0583], [-89.8393, 35.0583], [-89.8398, 35.0586], [-89.8394, 35.0589], [-89.84, 35.0596], [-89.8401, 35.0586], [-89.8402, 35.0565], [-89.8397, 35.0562], [-89.8396, 35.0568], [-89.8393, 35.057], [-89.8384, 35.0571], [-89.838, 35.0569], [-89.8374, 35.0575], [-89.8375, 35.0559], [-89.8373, 35.0553], [-89.8367, 35.0552], [-89.8353, 35.0552], [-89.833, 35.0551], [-89.8328, 35.0549], [-89.8327, 35.0538], [-89.8322, 35.0538], [-89.8319, 35.0549], [-89.831, 35.0546], [-89.8308, 35.0536], [-89.8304, 35.0535], [-89.8298, 35.0531], [-89.8292, 35.0531], [-89.8286, 35.0534], [-89.8266, 35.0522], [-89.8264, 35.0526], [-89.8277, 35.0532], [-89.8289, 35.0542], [-89.8299, 35.0546], [-89.8326, 35.0563], [-89.8344, 35.0577], [-89.836, 35.0591], [-89.8364, 35.0589], [-89.8369, 35.0594], [-89.8365, 35.0596], [-89.8369, 35.0604]], [[-89.8338, 35.0571], [-89.8333, 35.0566], [-89.8337, 35.0564], [-89.8351, 35.0574], [-89.8338, 35.0571]], [[-89.8366, 35.0577], [-89.8365, 35.0573], [-89.8353, 35.0571], [-89.8339, 35.0562], [-89.8335, 35.0561], [-89.8327, 35.0564], [-89.8301, 35.0546], [-89.8295, 35.0539], [-89.8296, 35.0533], [-89.8304, 35.0539], [-89.8307, 35.0547], [-89.8311, 35.0551], [-89.8318, 35.0553], [-89.8324, 35.0551], [-89.833, 35.0552], [-89.837, 35.0553], [-89.8374, 35.0556], [-89.8374, 35.0561], [-89.8373, 35.057], [-89.8366, 35.0577]]]}, "properties": {"zone": "X500"}}, {"type": "Feature", "geometry": {"type": "Polygon", "coordinates": [[[-89.8352, 35.0595], [-89.8348, 35.0589], [-89.8338, 35.058], [-89.8328, 35.0575], [-89.8333, 35.0583], [-89.8344, 35.0586], [-89.8352, 35.0595]]]}, "properties": {"zone": "X500"}}, {"type": "Feature", "geometry": {"type": "Polygon", "coordinates": [[[-89.8292, 35.0577], [-89.8282, 35.0572], [-89.8278, 35.0572], [-89.827, 35.058], [-89.8277, 35.0582], [-89.8283, 35.0582], [-89.8282, 35.0589], [-89.8279, 35.0594], [-89.8268, 35.06], [-89.8264, 35.0604], [-89.8261, 35.0614], [-89.8265, 35.0617], [-89.8277, 35.0608], [-89.8279, 35.0605], [-89.8283, 35.0602], [-89.8286, 35.0602], [-89.8285, 35.0618], [-89.8287, 35.0632], [-89.8298, 35.0635], [-89.8311, 35.064], [-89.8317, 35.0642], [-89.8323, 35.0647], [-89.8323, 35.0638], [-89.8305, 35.0631], [-89.8291, 35.0629], [-89.8289, 35.0628], [-89.8289, 35.0609], [-89.8292, 35.06], [-89.8302, 35.0601], [-89.8302, 35.0606], [-89.8308, 35.0605], [-89.8312, 35.0608], [-89.8308, 35.0612], [-89.8303, 35.0613], [-89.8299, 35.061], [-89.8293, 35.0612], [-89.8294, 35.0619], [-89.8306, 35.0616], [-89.8308, 35.0622], [-89.8312, 35.0619], [-89.8312, 35.0615], [-89.8317, 35.0614], [-89.832, 35.0617], [-89.8319, 35.0626], [-89.8316, 35.063], [-89.8322, 35.0634], [-89.8326, 35.0631], [-89.8336, 35.0631], [-89.8334, 35.0627], [-89.8328, 35.0627], [-89.8324, 35.0633], [-89.8321, 35.0628], [-89.8321, 35.0616], [-89.8318, 35.0612], [-89.8313, 35.0612], [-89.8313, 35.0608], [-89.831, 35.0604], [-89.8304, 35.0604], [-89.8301, 35.0599], [-89.8292, 35.0599], [-89.8289, 35.0604], [-89.8288, 35.0624], [-89.8286, 35.0624], [-89.8287, 35.0609], [-89.8287, 35.0602], [-89.8286, 35.0601], [-89.8283, 35.0602], [-89.8279, 35.0604], [-89.827, 35.061], [-89.8267, 35.0615], [-89.8262, 35.0613], [-89.8264, 35.0609], [-89.8272, 35.0599], [-89.8284, 35.059], [-89.8287, 35.0581], [-89.8279, 35.0577], [-89.828, 35.0572], [-89.8292, 35.0577]]]}, "properties": {"zone": "X500"}}, {"type": "Feature", "geometry": {"type": "Polygon", "coordinates": [[[-89.8358, 35.0637], [-89.8359, 35.0642], [-89.8366, 35.0645], [-89.8369, 35.0652], [-89.8367, 35.0657], [-89.8378, 35.0662], [-89.8382, 35.0657], [-89.8381, 35.065], [-89.8368, 35.0638], [-89.8367, 35.064], [-89.8376, 35.0651], [-89.837, 35.0651], [-89.8368, 35.0645], [-89.836, 35.064], [-89.8358, 35.0637]]]}, "properties": {"zone": "X500"}}, {"type": "Feature", "geometry": {"type": "Polygon", "coordinates": [[[-89.8313, 35.0838], [-89.831, 35.0842], [-89.8315, 35.0846], [-89.8321, 35.0847], [-89.8324, 35.0842], [-89.833, 35.0842], [-89.8338, 35.083], [-89.8339, 35.0821], [-89.8353, 35.0813], [-89.8362, 35.0806], [-89.8376, 35.0796], [-89.8386, 35.0795], [-89.8405, 35.0787], [-89.8411, 35.0787], [-89.8412, 35.0791], [-89.8419, 35.0786], [-89.8412, 35.0784], [-89.841, 35.0778], [-89.8403, 35.0779], [-89.8402, 35.0787], [-89.839, 35.079], [-89.8386, 35.0794], [-89.8376, 35.0796], [-89.8356, 35.0808], [-89.8352, 35.0812], [-89.8342, 35.0815], [-89.8338, 35.0821], [-89.8336, 35.0831], [-89.833, 35.0835], [-89.8329, 35.0838], [-89.8321, 35.084], [-89.8313, 35.0838]]]}, "properties": {"zone": "X500"}}, {"type": "Feature", "geometry": {"type": "Polygon", "coordinates": [[[-89.8279, 35.0866], [-89.8283, 35.0859], [-89.8286, 35.0861], [-89.8289, 35.0862], [-89.8298, 35.0862], [-89.8305, 35.0866], [-89.8307, 35.0866], [-89.8309, 35.0863], [-89.8314, 35.0864], [-89.8315, 35.0866], [-89.8314, 35.0869], [-89.8318, 35.0868], [-89.8324, 35.087], [-89.8328, 35.0873], [-89.8329, 35.0877], [-89.8334, 35.0882], [-89.8335, 35.0876], [-89.8339, 35.0871], [-89.8343, 35.0862], [-89.8344, 35.0857], [-89.8346, 35.0859], [-89.835, 35.0861], [-89.8352, 35.0861], [-89.8353, 35.0857], [-89.8359, 35.085], [-89.8363, 35.0849], [-89.8364, 35.0848], [-89.8364, 35.084], [-89.8368, 35.0833], [-89.8384, 35.0825], [-89.8389, 35.0823], [-89.8401, 35.0821], [-89.8406, 35.0815], [-89.8394, 35.0814], [-89.8385, 35.0818], [-89.837, 35.083], [-89.8364, 35.084], [-89.8363, 35.0842], [-89.8363, 35.0848], [-89.8359, 35.085], [-89.8352, 35.0857], [-89.8352, 35.086], [-89.835, 35.0861], [-89.8347, 35.086], [-89.8344, 35.0857], [-89.8338, 35.086], [-89.8341, 35.086], [-89.8342, 35.0863], [-89.8339, 35.0869], [-89.8336, 35.0869], [-89.8334, 35.0881], [-89.8329, 35.0877], [-89.8327, 35.0872], [-89.8324, 35.087], [-89.8318, 35.0868], [-89.8316, 35.0868], [-89.8316, 35.0865], [-89.8314, 35.0864], [-89.8309, 35.0862], [-89.8307, 35.0865], [-89.8298, 35.0862], [-89.8289, 35.0862], [-89.8292, 35.0858], [-89.8284, 35.0858], [-89.8283, 35.086], [-89.8279, 35.0866]]]}, "properties": {"zone": "X500"}}, {"type": "Feature", "geometry": {"type": "Polygon", "coordinates": [[[-89.8135, 35.1029], [-89.8129, 35.103], [-89.8131, 35.1035], [-89.8136, 35.1033], [-89.8135, 35.1029]]]}, "properties": {"zone": "X500"}}, {"type": "Feature", "geometry": {"type": "Polygon", "coordinates": [[[-89.8124, 35.1049], [-89.8121, 35.1047], [-89.8123, 35.1035], [-89.8125, 35.1031], [-89.812, 35.1028], [-89.812, 35.1048], [-89.8124, 35.1049]]]}, "properties": {"zone": "X500"}}, {"type": "Feature", "geometry": {"type": "Polygon", "coordinates": [[[-89.812, 35.1077], [-89.8116, 35.1088], [-89.812, 35.1089], [-89.8122, 35.1081], [-89.8127, 35.1082], [-89.8134, 35.1081], [-89.8139, 35.1074], [-89.8143, 35.1064], [-89.8143, 35.106], [-89.8132, 35.1055], [-89.8139, 35.1052], [-89.8142, 35.1049], [-89.8143, 35.1047], [-89.814, 35.1042], [-89.8144, 35.1035], [-89.8137, 35.1036], [-89.8136, 35.1037], [-89.8138, 35.1041], [-89.8141, 35.105], [-89.813, 35.1053], [-89.8129, 35.1057], [-89.8134, 35.106], [-89.8131, 35.1063], [-89.8132, 35.1076], [-89.8127, 35.1081], [-89.812, 35.1077]]]}, "properties": {"zone": "X500"}}, {"type": "Feature", "geometry": {"type": "Polygon", "coordinates": [[[-89.8106, 35.1072], [-89.8103, 35.1076], [-89.8106, 35.1078], [-89.8115, 35.1075], [-89.8106, 35.1072]]]}, "properties": {"zone": "X500"}}, {"type": "Feature", "geometry": {"type": "Polygon", "coordinates": [[[-89.8022, 35.1154], [-89.8018, 35.1156], [-89.8019, 35.1161], [-89.8032, 35.116], [-89.8047, 35.1158], [-89.8061, 35.1149], [-89.8055, 35.1147], [-89.8034, 35.1152], [-89.8029, 35.1148], [-89.8043, 35.1146], [-89.8059, 35.1143], [-89.8078, 35.114], [-89.8089, 35.1129], [-89.8084, 35.1128], [-89.8084, 35.1123], [-89.8078, 35.1119], [-89.8061, 35.1118], [-89.8056, 35.1115], [-89.805, 35.1118], [-89.8048, 35.1115], [-89.8056, 35.111], [-89.8059, 35.1106], [-89.8058, 35.1099], [-89.8056, 35.1094], [-89.8047, 35.1089], [-89.8037, 35.1091], [-89.8036, 35.1093], [-89.8033, 35.1104], [-89.8036, 35.1109], [-89.8032, 35.1115], [-89.8038, 35.1118], [-89.8037, 35.1123], [-89.805, 35.1128], [-89.8062, 35.1122], [-89.8077, 35.1122], [-89.8081, 35.1129], [-89.8078, 35.1133], [-89.8071, 35.1134], [-89.8065, 35.1132], [-89.8062, 35.1129], [-89.8058, 35.1131], [-89.8058, 35.1136], [-89.8047, 35.1139], [-89.8042, 35.1144], [-89.8033, 35.1146], [-89.8028, 35.1146], [-89.8023, 35.1141], [-89.802, 35.1149], [-89.8022, 35.1154]]]}, "properties": {"zone": "X500"}}, {"type": "Feature", "geometry": {"type": "Polygon", "coordinates": [[[-89.8119, 35.1114], [-89.8112, 35.1121], [-89.8101, 35.1128], [-89.8093, 35.1139], [-89.8095, 35.1144], [-89.814, 35.1151], [-89.8151, 35.1152], [-89.8163, 35.1154], [-89.8183, 35.1157], [-89.8211, 35.1162], [-89.8222, 35.1163], [-89.826, 35.117], [-89.8271, 35.1174], [-89.8296, 35.118], [-89.8338, 35.1188], [-89.8341, 35.1186], [-89.8317, 35.1182], [-89.8299, 35.1177], [-89.8298, 35.1174], [-89.8289, 35.1167], [-89.8273, 35.1169], [-89.8266, 35.1168], [-89.826, 35.1166], [-89.8252, 35.1166], [-89.824, 35.1162], [-89.8246, 35.1157], [-89.8244, 35.1153], [-89.8234, 35.1157], [-89.8229, 35.1161], [-89.8219, 35.1158], [-89.8217, 35.1153], [-89.8207, 35.1155], [-89.8205, 35.1153], [-89.8196, 35.1156], [-89.8194, 35.1154], [-89.8192, 35.1139], [-89.819, 35.1136], [-89.8175, 35.1132], [-89.8187, 35.1122], [-89.819, 35.1117], [-89.8185, 35.1116], [-89.8177, 35.1106], [-89.8174, 35.1115], [-89.8159, 35.1118], [-89.8153, 35.1122], [-89.8148, 35.1131], [-89.8146, 35.1147], [-89.8144, 35.1148], [-89.8133, 35.1141], [-89.8123, 35.1145], [-89.811, 35.1142], [-89.8105, 35.1142], [-89.8095, 35.1138], [-89.8099, 35.1133], [-89.8108, 35.1126], [-89.8114, 35.1124], [-89.8119, 35.1121], [-89.8119, 35.1114]]]}, "properties": {"zone": "X500"}}, {"type": "Feature", "geometry": {"type": "Polygon", "coordinates": [[[-89.8002, 35.1215], [-89.7996, 35.1229], [-89.7991, 35.1252], [-89.7992, 35.1257], [-89.7996, 35.126], [-89.8007, 35.1262], [-89.8011, 35.1265], [-89.8026, 35.1264], [-89.8036, 35.127], [-89.8043, 35.1273], [-89.806, 35.1268], [-89.8064, 35.1262], [-89.8071, 35.1261], [-89.8087, 35.1278], [-89.8106, 35.1284], [-89.811, 35.1284], [-89.8118, 35.1285], [-89.8124, 35.1294], [-89.8131, 35.13], [-89.8135, 35.13], [-89.8145, 35.1298], [-89.8148, 35.1299], [-89.8154, 35.1307], [-89.8171, 35.1313], [-89.8177, 35.1312], [-89.8187, 35.1313], [-89.8192, 35.1315], [-89.8198, 35.1311], [-89.8208, 35.132], [-89.8218, 35.1325], [-89.8228, 35.1329], [-89.8236, 35.1329], [-89.8243, 35.1325], [-89.8249, 35.1326], [-89.8254, 35.133], [-89.8263, 35.1335], [-89.8269, 35.1336], [-89.8277, 35.1332], [-89.8287, 35.1326], [-89.8288, 35.1333], [-89.8293, 35.1339], [-89.8292, 35.1344], [-89.8324, 35.1346], [-89.8339, 35.1346], [-89.8345, 35.1349], [-89.8354, 35.1347], [-89.8358, 35.1352], [-89.8363, 35.135], [-89.8371, 35.1353], [-89.8375, 35.1359], [-89.8379, 35.1361], [-89.8386, 35.1359], [-89.8394, 35.136], [-89.8402, 35.1351], [-89.8405, 35.1345], [-89.8411, 35.1345], [-89.8407, 35.1338], [-89.8409, 35.1327], [-89.8406, 35.1325], [-89.8406, 35.1338], [-89.84, 35.1344], [-89.8397, 35.1343], [-89.8387, 35.1338], [-89.8381, 35.1342], [-89.8361, 35.1342], [-89.8351, 35.1337], [-89.8349, 35.1332], [-89.8351, 35.1324], [-89.8342, 35.133], [-89.8334, 35.133], [-89.8326, 35.1325], [-89.8318, 35.1325], [-89.8314, 35.1321], [-89.8311, 35.1331], [-89.8308, 35.1334], [-89.83, 35.133], [-89.8295, 35.1324], [-89.8291, 35.1311], [-89.8282, 35.1309], [-89.8276, 35.1311], [-89.8271, 35.1315], [-89.8268, 35.1311], [-89.826, 35.1312], [-89.826, 35.1305], [-89.8254, 35.1304], [-89.8252, 35.1309], [-89.8248, 35.1309], [-89.8244, 35.1313], [-89.8238, 35.1315], [-89.8236, 35.1319], [-89.8224, 35.1315], [-89.8217, 35.1315], [-89.821, 35.1308], [-89.8196, 35.13], [-89.8196, 35.1282], [-89.8192, 35.1287], [-89.8192, 35.1295], [-89.8189, 35.1298], [-89.8177, 35.1299], [-89.817, 35.1302], [-89.8164, 35.1295], [-89.8159, 35.1294], [-89.8153, 35.1295], [-89.8146, 35.1289], [-89.8152, 35.1287], [-89.8142, 35.1283], [-89.814, 35.1287], [-89.8131, 35.1279], [-89.8123, 35.1274], [-89.8115, 35.1266], [-89.8105, 35.1263], [-89.8099, 35.126], [-89.809, 35.1258], [-89.8079, 35.1249], [-89.8076, 35.1235], [-89.8074, 35.1257], [-89.8071, 35.1252], [-89.8067, 35.1256], [-89.8061, 35.1258], [-89.8049, 35.126], [-89.8037, 35.1257], [-89.8033, 35.1254], [-89.8025, 35.1256], [-89.8014, 35.1253], [-89.8004, 35.1253], [-89.7998, 35.1248], [-89.7998, 35.1243], [-89.7995, 35.1237], [-89.7998, 35.1225], [-89.8002, 35.1215]]]}, "properties": {"zone": "X500"}}, {"type": "Feature", "geometry": {"type": "Polygon", "coordinates": [[[-89.8082, 35.1465], [-89.8087, 35.1471], [-89.8091, 35.1471], [-89.8099, 35.1477], [-89.8117, 35.1485], [-89.8112, 35.1488], [-89.8112, 35.149], [-89.8119, 35.1492], [-89.8125, 35.1497], [-89.8122, 35.1504], [-89.8128, 35.1504], [-89.8129, 35.15], [-89.8125, 35.1494], [-89.812, 35.1491], [-89.8113, 35.149], [-89.8114, 35.1487], [-89.8118, 35.1486], [-89.8117, 35.1483], [-89.8112, 35.1482], [-89.8105, 35.1478], [-89.8096, 35.1474], [-89.8091, 35.1468], [-89.8087, 35.1469], [-89.8082, 35.1465]]]}, "properties": {"zone": "X500"}}, {"type": "Feature", "geometry": {"type": "Polygon", "coordinates": [[[-89.8179, 35.1575], [-89.8183, 35.1581], [-89.8187, 35.158], [-89.8179, 35.1575]]]}, "properties": {"zone": "X500"}}, {"type": "Feature", "geometry": {"type": "Polygon", "coordinates": [[[-89.8114, 35.159], [-89.8135, 35.1584], [-89.8128, 35.158], [-89.8123, 35.158], [-89.812, 35.1583], [-89.8108, 35.1583], [-89.8095, 35.1588], [-89.8087, 35.1593], [-89.8095, 35.1595], [-89.8114, 35.159]]]}, "properties": {"zone": "X500"}}, {"type": "Feature", "geometry": {"type": "Polygon", "coordinates": [[[-89.8246, 35.1684], [-89.8241, 35.1675], [-89.8237, 35.1671], [-89.8229, 35.1652], [-89.8226, 35.164], [-89.8222, 35.1631], [-89.8211, 35.1621], [-89.8212, 35.1617], [-89.8219, 35.161], [-89.8208, 35.1608], [-89.82, 35.16], [-89.8196, 35.1603], [-89.819, 35.1601], [-89.8194, 35.1611], [-89.8196, 35.1611], [-89.8197, 35.1602], [-89.8204, 35.1604], [-89.8207, 35.1608], [-89.8216, 35.1611], [-89.8211, 35.1616], [-89.8209, 35.1622], [-89.8214, 35.1628], [-89.822, 35.1632], [-89.8222, 35.164], [-89.8225, 35.1646], [-89.8226, 35.1652], [-89.823, 35.1662], [-89.8234, 35.1669], [-89.8235, 35.1674], [-89.824, 35.1675], [-89.8242, 35.1682], [-89.8246, 35.1684]]]}, "properties": {"zone": "X500"}}, {"type": "Feature", "geometry": {"type": "Polygon", "coordinates": [[[-89.8187, 35.1639], [-89.8188, 35.1656], [-89.8193, 35.166], [-89.8194, 35.1641], [-89.8205, 35.1641], [-89.8209, 35.1645], [-89.8207, 35.165], [-89.821, 35.1663], [-89.8215, 35.1668], [-89.8213, 35.1672], [-89.8215, 35.1678], [-89.8214, 35.168], [-89.8221, 35.1691], [-89.8222, 35.169], [-89.8216, 35.1681], [-89.8217, 35.1677], [-89.8215, 35.1673], [-89.8218, 35.1669], [-89.8212, 35.1662], [-89.821, 35.165], [-89.821, 35.1643], [-89.8204, 35.164], [-89.8198, 35.1639], [-89.8196, 35.1636], [-89.8197, 35.1621], [-89.8194, 35.1619], [-89.8193, 35.1656], [-89.819, 35.1656], [-89.8187, 35.1639]]]}, "properties": {"zone": "X500"}}, {"type": "Feature", "geometry": {"type": "Polygon", "coordinates": [[[-89.8275, 35.1725], [-89.8273, 35.1723], [-89.8271, 35.1721], [-89.8264, 35.1721], [-89.8258, 35.1725], [-89.8269, 35.1723], [-89.8273, 35.1723], [-89.8275, 35.1725]]]}, "properties": {"zone": "X500"}}, {"type": "Feature", "geometry": {"type": "Polygon", "coordinates": [[[-89.8352, 35.1861], [-89.8347, 35.1846], [-89.834, 35.184], [-89.8344, 35.1836], [-89.8349, 35.1838], [-89.8361, 35.1837], [-89.8357, 35.1834], [-89.8348, 35.1833], [-89.8343, 35.1825], [-89.8338, 35.1826], [-89.8338, 35.1835], [-89.8333, 35.1849], [-89.8331, 35.1851], [-89.8325, 35.185], [-89.8319, 35.1853], [-89.8316, 35.1852], [-89.8311, 35.1851], [-89.8307, 35.1855], [-89.83, 35.1855], [-89.8297, 35.1859], [-89.8292, 35.1862], [-89.8285, 35.1864], [-89.8272, 35.186], [-89.8267, 35.186], [-89.8267, 35.1864], [-89.8263, 35.1867], [-89.8275, 35.1878], [-89.8277, 35.1876], [-89.8284, 35.1879], [-89.8291, 35.1876], [-89.8293, 35.1872], [-89.8306, 35.187], [-89.8309, 35.1884], [-89.8319, 35.1886], [-89.831, 35.189], [-89.8314, 35.1894], [-89.8326, 35.1893], [-89.8334, 35.1891], [-89.8346, 35.1885], [-89.8357, 35.1878], [-89.8357, 35.1871], [-89.8353, 35.1867], [-89.8352, 35.1861]], [[-89.8317, 35.1855], [-89.8327, 35.1858], [-89.8335, 35.1862], [-89.8323, 35.1866], [-89.8318, 35.1862], [-89.8317, 35.1855]]]}, "properties": {"zone": "X500"}}, {"type": "Feature", "geometry": {"type": "Polygon", "coordinates": [[[-89.8031, 35.187], [-89.8031, 35.1868], [-89.8034, 35.1866], [-89.8035, 35.1865], [-89.8037, 35.1866], [-89.8066, 35.1872], [-89.8061, 35.1876], [-89.8055, 35.1876], [-89.8055, 35.188], [-89.8061, 35.188], [-89.8066, 35.1883], [-89.8085, 35.1873], [-89.808, 35.1872], [-89.8077, 35.1868], [-89.8071, 35.1871], [-89.8064, 35.1867], [-89.8057, 35.1869], [-89.8037, 35.1866], [-89.8035, 35.1864], [-89.8033, 35.1865], [-89.8034, 35.1866], [-89.8032, 35.1867], [-89.8031, 35.1869], [-89.8031, 35.187]]]}, "properties": {"zone": "X500"}}, {"type": "Feature", "geometry": {"type": "Polygon", "coordinates": [[[-89.808, 35.1898], [-89.8092, 35.1897], [-89.8108, 35.1898], [-89.8106, 35.1893], [-89.8098, 35.1894], [-89.8088, 35.1889], [-89.8075, 35.1886], [-89.8083, 35.1883], [-89.8091, 35.1882], [-89.8095, 35.1883], [-89.8108, 35.1881], [-89.8114, 35.1882], [-89.8119, 35.1874], [-89.8119, 35.1872], [-89.811, 35.1871], [-89.8093, 35.1877], [-89.8067, 35.189], [-89.8072, 35.1897], [-89.8076, 35.1895], [-89.808, 35.1898]]]}, "properties": {"zone": "X500"}}, {"type": "Feature", "geometry": {"type": "Polygon", "coordinates": [[[-89.8227, 35.1909], [-89.8236, 35.1912], [-89.8242, 35.1917], [-89.8246, 35.1916], [-89.825, 35.1918], [-89.8251, 35.1914], [-89.8257, 35.1914], [-89.8259, 35.191], [-89.8265, 35.1914], [-89.8269, 35.1906], [-89.8275, 35.1902], [-89.828, 35.189], [-89.8283, 35.1888], [-89.8272, 35.188], [-89.8261, 35.1877], [-89.8261, 35.1884], [-89.8267, 35.1884], [-89.8272, 35.1888], [-89.8269, 35.1897], [-89.8262, 35.1906], [-89.8255, 35.1908], [-89.8249, 35.1915], [-89.8242, 35.1915], [-89.824, 35.1905], [-89.8236, 35.191], [-89.8227, 35.1909]]]}, "properties": {"zone": "X500"}}, {"type": "Feature", "geometry": {"type": "Polygon", "coordinates": [[[-89.8203, 35.1903], [-89.8197, 35.1894], [-89.8192, 35.1897], [-89.8193, 35.1902], [-89.8179, 35.1908], [-89.8188, 35.1909], [-89.8202, 35.1908], [-89.8212, 35.1907], [-89.8212, 35.1904], [-89.8203, 35.1903]]]}, "properties": {"zone": "X500"}}, {"type": "Feature", "geometry": {"type": "Polygon", "coordinates": [[[-89.8078, 35.19], [-89.8079, 35.1904], [-89.8086, 35.1906], [-89.8086, 35.191], [-89.8091, 35.1912], [-89.8096, 35.1907], [-89.8109, 35.1905], [-89.8109, 35.19], [-89.809, 35.1899], [-89.8078, 35.19]]]}, "properties": {"zone": "X500"}}, {"type": "Feature", "geometry": {"type": "Polygon", "coordinates": [[[-89.8293, 35.1934], [-89.8293, 35.1947], [-89.8294, 35.1947], [-89.8296, 35.1938], [-89.8302, 35.194], [-89.8316, 35.1938], [-89.832, 35.1936], [-89.8323, 35.193], [-89.833, 35.193], [-89.8339, 35.1927], [-89.8349, 35.1928], [-89.8353, 35.1933], [-89.8359, 35.1933], [-89.8361, 35.1931], [-89.8361, 35.1919], [-89.836, 35.1901], [-89.8354, 35.1902], [-89.8355, 35.191], [-89.8351, 35.1915], [-89.8353, 35.1922], [-89.8349, 35.1925], [-89.8345, 35.1925], [-89.8342, 35.1919], [-89.8347, 35.1907], [-89.834, 35.1902], [-89.8344, 35.1898], [-89.8355, 35.19], [-89.836, 35.1898], [-89.8358, 35.189], [-89.8357, 35.1883], [-89.8349, 35.1887], [-89.8348, 35.189], [-89.8355, 35.1891], [-89.8358, 35.1893], [-89.8359, 35.1898], [-89.8352, 35.1896], [-89.8352, 35.1891], [-89.8338, 35.1893], [-89.8333, 35.1896], [-89.8321, 35.19], [-89.8327, 35.191], [-89.8318, 35.1911], [-89.8315, 35.1916], [-89.8316, 35.192], [-89.8314, 35.1927], [-89.8317, 35.1931], [-89.8311, 35.1933], [-89.8298, 35.1932], [-89.8293, 35.1934]], [[-89.8312, 35.1937], [-89.8308, 35.1934], [-89.83, 35.1935], [-89.8298, 35.1933], [-89.8313, 35.1933], [-89.8312, 35.1937]]]}, "properties": {"zone": "X500"}}, {"type": "Feature", "geometry": {"type": "Polygon", "coordinates": [[[-89.8195, 35.1921], [-89.8184, 35.192], [-89.8189, 35.1928], [-89.8181, 35.1929], [-89.8178, 35.1928], [-89.8175, 35.1929], [-89.8175, 35.1942], [-89.8174, 35.1942], [-89.8175, 35.1933], [-89.8175, 35.1931], [-89.8174, 35.1929], [-89.8177, 35.1927], [-89.8185, 35.1928], [-89.8188, 35.1927], [-89.8183, 35.1921], [-89.8182, 35.1923], [-89.8184, 35.1924], [-89.8186, 35.1928], [-89.818, 35.1927], [-89.818, 35.1926], [-89.8171, 35.1928], [-89.817, 35.1923], [-89.8162, 35.1921], [-89.8161, 35.1925], [-89.8168, 35.1927], [-89.817, 35.1929], [-89.8174, 35.193], [-89.8175, 35.1933], [-89.8174, 35.1939], [-89.8174, 35.1942], [-89.8174, 35.1943], [-89.8175, 35.1944], [-89.8175, 35.1929], [-89.8179, 35.1929], [-89.819, 35.1928], [-89.8187, 35.1923], [-89.8195, 35.1921]]]}, "properties": {"zone": "X500"}}, {"type": "Feature", "geometry": {"type": "Polygon", "coordinates": [[[-89.8233, 35.1975], [-89.825, 35.1965], [-89.8249, 35.1963], [-89.8236, 35.1971], [-89.8233, 35.1975]]]}, "properties": {"zone": "X500"}}, {"type": "Feature", "geometry": {"type": "Polygon", "coordinates": [[[-89.8262, 35.1968], [-89.8256, 35.1972], [-89.8265, 35.1974], [-89.8269, 35.1967], [-89.8262, 35.1968]]]}, "properties": {"zone": "X500"}}, {"type": "Feature", "geometry": {"type": "Polygon", "coordinates": [[[-89.8207, 35.2203], [-89.8208, 35.2212], [-89.8213, 35.2215], [-89.8219, 35.2226], [-89.8217, 35.2231], [-89.8218, 35.2243], [-89.8221, 35.2242], [-89.8222, 35.2233], [-89.8218, 35.2218], [-89.8207, 35.2203]]]}, "properties": {"zone": "X500"}}, {"type": "Feature", "geometry": {"type": "Polygon", "coordinates": [[[-89.82, 35.2222], [-89.8197, 35.2216], [-89.8188, 35.2213], [-89.8184, 35.2217], [-89.8196, 35.2223], [-89.8201, 35.2233], [-89.8204, 35.2232], [-89.8199, 35.2224], [-89.82, 35.2222]]]}, "properties": {"zone": "X500"}}, {"type": "Feature", "geometry": {"type": "Polygon", "coordinates": [[[-89.7954, 35.2673], [-89.7958, 35.2675], [-89.7971, 35.2672], [-89.7968, 35.2686], [-89.7974, 35.2692], [-89.7982, 35.2692], [-89.7981, 35.2676], [-89.7981, 35.2668], [-89.7986, 35.2667], [-89.7993, 35.2681], [-89.8002, 35.2684], [-89.8006, 35.2677], [-89.8007, 35.2663], [-89.801, 35.2663], [-89.8022, 35.2669], [-89.8024, 35.2667], [-89.8015, 35.266], [-89.8017, 35.2657], [-89.8015, 35.2645], [-89.8008, 35.2639], [-89.8009, 35.2636], [-89.8, 35.2636], [-89.7999, 35.2626], [-89.8001, 35.2621], [-89.8015, 35.262], [-89.8019, 35.2622], [-89.8021, 35.263], [-89.8024, 35.263], [-89.8026, 35.2623], [-89.8028, 35.2621], [-89.8038, 35.2621], [-89.8043, 35.2623], [-89.8053, 35.264], [-89.8055, 35.2646], [-89.8058, 35.2651], [-89.8067, 35.2657], [-89.8071, 35.2663], [-89.8075, 35.2667], [-89.8078, 35.2674], [-89.8084, 35.2674], [-89.8082, 35.2678], [-89.8089, 35.2683], [-89.8091, 35.2702], [-89.8094, 35.2701], [-89.8104, 35.2691], [-89.8105, 35.2686], [-89.811, 35.2685], [-89.8115, 35.2687], [-89.8117, 35.2697], [-89.8125, 35.2699], [-89.8139, 35.2697], [-89.8144, 35.269], [-89.8151, 35.2692], [-89.8155, 35.2697], [-89.8162, 35.2696], [-89.8166, 35.2692], [-89.8167, 35.2684], [-89.817, 35.2675], [-89.8175, 35.2681], [-89.8182, 35.2674], [-89.8186, 35.2673], [-89.8193, 35.2666], [-89.8213, 35.2665], [-89.8214, 35.2663], [-89.8214, 35.2659], [-89.8214, 35.2641], [-89.8216, 35.2633], [-89.8213, 35.2631], [-89.8214, 35.2622], [-89.8224, 35.2619], [-89.8226, 35.2621], [-89.8228, 35.2627], [-89.8231, 35.2631], [-89.8234, 35.2619], [-89.8227, 35.262], [-89.8224, 35.2616], [-89.8221, 35.2604], [-89.8219, 35.2602], [-89.8222, 35.2594], [-89.8218, 35.2593], [-89.8213, 35.2596], [-89.8206, 35.2595], [-89.8201, 35.2598], [-89.8199, 35.2604], [-89.8205, 35.2615], [-89.8209, 35.2618], [-89.821, 35.2623], [-89.8215, 35.2635], [-89.8213, 35.264], [-89.8214, 35.2661], [-89.8212, 35.2665], [-89.8195, 35.2664], [-89.8189, 35.2668], [-89.8184, 35.2668], [-89.8178, 35.2676], [-89.8174, 35.2679], [-89.817, 35.2674], [-89.8164, 35.268], [-89.816, 35.2687], [-89.8164, 35.2692], [-89.8162, 35.2695], [-89.8157, 35.2696], [-89.8152, 35.269], [-89.8142, 35.2682], [-89.8137, 35.2686], [-89.8141, 35.2694], [-89.8137, 35.2696], [-89.8126, 35.2699], [-89.8119, 35.2697], [-89.8117, 35.2693], [-89.812, 35.2689], [-89.8117, 35.2687], [-89.8115, 35.2681], [-89.8109, 35.268], [-89.8104, 35.2683], [-89.8103, 35.269], [-89.8096, 35.2696], [-89.8093, 35.2692], [-89.8092, 35.2684], [-89.8093, 35.2681], [-89.8081, 35.2668], [-89.8073, 35.2663], [-89.8069, 35.2656], [-89.8063, 35.2652], [-89.8059, 35.2651], [-89.8057, 35.2644], [-89.8049, 35.2632], [-89.8046, 35.2622], [-89.8044, 35.2621], [-89.8029, 35.262], [-89.802, 35.2622], [-89.8017, 35.262], [-89.7998, 35.262], [-89.7995, 35.2624], [-89.7998, 35.2631], [-89.799, 35.2637], [-89.8003, 35.2637], [-89.8005, 35.2643], [-89.8003, 35.2651], [-89.7998, 35.2655], [-89.8004, 35.2657], [-89.8007, 35.2654], [-89.8005, 35.265], [-89.8015, 35.2652], [-89.8016, 35.2657], [-89.8007, 35.2663], [-89.8006, 35.2668], [-89.7997, 35.2666], [-89.7996, 35.2673], [-89.7992, 35.2674], [-89.7992, 35.2665], [-89.799, 35.2661], [-89.7986, 35.2661], [-89.7978, 35.2668], [-89.798, 35.2682], [-89.7979, 35.2688], [-89.7974, 35.269], [-89.7971, 35.2684], [-89.7974, 35.2672], [-89.7971, 35.2668], [-89.7964, 35.2672], [-89.7954, 35.2673]], [[-89.8204, 35.2613], [-89.8204, 35.2603], [-89.8212, 35.2605], [-89.8214, 35.2603], [-89.8208, 35.2597], [-89.8218, 35.2597], [-89.8218, 35.26], [-89.8221, 35.2605], [-89.8222, 35.2615], [-89.8216, 35.2621], [-89.8212, 35.2621], [-89.8204, 35.2613]]]}, "properties": {"zone": "X500"}}, {"type": "Feature", "geometry": {"type": "Polygon", "coordinates": [[[-89.8239, 35.2659], [-89.8237, 35.2657], [-89.8232, 35.266], [-89.8235, 35.2665], [-89.8236, 35.2672], [-89.8249, 35.2673], [-89.8257, 35.2679], [-89.8266, 35.2688], [-89.827, 35.2687], [-89.8279, 35.2678], [-89.8281, 35.2673], [-89.8287, 35.2672], [-89.8287, 35.2669], [-89.8292, 35.2649], [-89.8288, 35.265], [-89.8285, 35.2657], [-89.8284, 35.2669], [-89.827, 35.2686], [-89.8265, 35.2686], [-89.8261, 35.2681], [-89.8251, 35.2671], [-89.8234, 35.2662], [-89.8239, 35.2659]]]}, "properties": {"zone": "X500"}}, {"type": "Feature", "geometry": {"type": "Polygon", "coordinates": [[[-89.8321, 35.2718], [-89.8325, 35.2717], [-89.8334, 35.2718], [-89.8341, 35.2718], [-89.8345, 35.2719], [-89.8358, 35.2723], [-89.8359, 35.2722], [-89.8358, 35.2713], [-89.8359, 35.2714], [-89.8363, 35.2721], [-89.8364, 35.2722], [-89.8366, 35.2723], [-89.8368, 35.2723], [-89.8372, 35.2723], [-89.8377, 35.2721], [-89.8381, 35.2718], [-89.8386, 35.2718], [-89.8391, 35.2719], [-89.8393, 35.2718], [-89.8396, 35.2715], [-89.8397, 35.2711], [-89.8396, 35.2709], [-89.8398, 35.2707], [-89.8398, 35.27], [-89.8398, 35.2696], [-89.8399, 35.2692], [-89.8397, 35.269], [-89.8399, 35.2687], [-89.8396, 35.2683], [-89.8395, 35.2683], [-89.8396, 35.2689], [-89.8398, 35.2692], [-89.8397, 35.2696], [-89.8398, 35.27], [-89.8397, 35.2706], [-89.8395, 35.2709], [-89.8396, 35.2712], [-89.8395, 35.2716], [-89.8391, 35.2719], [-89.8386, 35.2718], [-89.8384, 35.2717], [-89.8382, 35.2718], [-89.8372, 35.2723], [-89.8368, 35.2723], [-89.8365, 35.2722], [-89.8361, 35.2718], [-89.8359, 35.271], [-89.8357, 35.2713], [-89.8358, 35.272], [-89.8356, 35.2722], [-89.8342, 35.2718], [-89.8324, 35.2716], [-89.8321, 35.2718]]]}, "properties": {"zone": "X500"}}, {"type": "Feature", "geometry": {"type": "Polygon", "coordinates": [[[-89.8137, 35.287], [-89.8134, 35.2872], [-89.8128, 35.2871], [-89.8129, 35.2876], [-89.8137, 35.2874], [-89.8146, 35.288], [-89.8153, 35.2881], [-89.8174, 35.2882], [-89.8185, 35.2885], [-89.8198, 35.2886], [-89.8199, 35.2889], [-89.8205, 35.2891], [-89.822, 35.2888], [-89.8223, 35.2886], [-89.8236, 35.2885], [-89.8238, 35.2881], [-89.8245, 35.2878], [-89.8251, 35.2878], [-89.8255, 35.2882], [-89.8263, 35.2879], [-89.8271, 35.288], [-89.8276, 35.2885], [-89.8294, 35.2888], [-89.8297, 35.2888], [-89.8304, 35.2884], [-89.8309, 35.2884], [-89.8316, 35.2877], [-89.8321, 35.2875], [-89.8332, 35.2875], [-89.8338, 35.2873], [-89.8343, 35.2879], [-89.8344, 35.2884], [-89.835, 35.2881], [-89.8357, 35.2882], [-89.836, 35.2878], [-89.8365, 35.2878], [-89.8367, 35.287], [-89.8379, 35.2871], [-89.8385, 35.2875], [-89.8389, 35.2876], [-89.8396, 35.2882], [-89.8399, 35.289], [-89.8402, 35.2891], [-89.8407, 35.2888], [-89.8415, 35.289], [-89.842, 35.2887], [-89.8433, 35.2874], [-89.8426, 35.2875], [-89.844, 35.2861], [-89.8441, 35.2858], [-89.8437, 35.2857], [-89.8424, 35.2862], [-89.8409, 35.2866], [-89.8387, 35.2862], [-89.8374, 35.2861], [-89.8372, 35.286], [-89.8371, 35.285], [-89.8368, 35.2848], [-89.8366, 35.2866], [-89.8361, 35.2865], [-89.8358, 35.287], [-89.8355, 35.287], [-89.8347, 35.2875], [-89.8342, 35.2872], [-89.8332, 35.2869], [-89.832, 35.2868], [-89.8314, 35.2872], [-89.8306, 35.2875], [-89.8299, 35.2882], [-89.8283, 35.288], [-89.8278, 35.2877], [-89.8263, 35.2875], [-89.8255, 35.2879], [-89.8253, 35.2874], [-89.8239, 35.2877], [-89.8229, 35.2884], [-89.8222, 35.2885], [-89.8211, 35.2889], [-89.82, 35.2887], [-89.82, 35.2881], [-89.8195, 35.2884], [-89.8179, 35.2881], [-89.8156, 35.288], [-89.815, 35.2876], [-89.8137, 35.287]], [[-89.8409, 35.2878], [-89.8404, 35.2878], [-89.8397, 35.2876], [-89.8397, 35.2871], [-89.8402, 35.2868], [-89.8409, 35.2869], [-89.843, 35.286], [-89.8438, 35.2858], [-89.8439, 35.2861], [-89.8433, 35.2866], [-89.8418, 35.2875], [-89.8409, 35.2878]]]}, "properties": {"zone": "X500"}}, {"type": "Feature", "geometry": {"type": "Polygon", "coordinates": [[[-89.8112, 35.3099], [-89.8103, 35.3101], [-89.8101, 35.3102], [-89.8099, 35.3107], [-89.8093, 35.3108], [-89.809, 35.3105], [-89.8089, 35.3105], [-89.8087, 35.3107], [-89.8076, 35.3106], [-89.8074, 35.3104], [-89.8075, 35.3098], [-89.808, 35.3092], [-89.8078, 35.3091], [-89.807, 35.3093], [-89.8063, 35.3096], [-89.8062, 35.3094], [-89.8061, 35.3087], [-89.8058, 35.3085], [-89.8052, 35.3084], [-89.8045, 35.3084], [-89.804, 35.3087], [-89.8043, 35.3091], [-89.8044, 35.3091], [-89.8044, 35.3086], [-89.8056, 35.3085], [-89.806, 35.3088], [-89.806, 35.3096], [-89.8062, 35.3097], [-89.8068, 35.3094], [-89.8076, 35.3093], [-89.8077, 35.3094], [-89.8073, 35.3102], [-89.8074, 35.3106], [-89.8081, 35.3107], [-89.8086, 35.3107], [-89.8089, 35.3106], [-89.8091, 35.3106], [-89.8093, 35.3108], [-89.8098, 35.3109], [-89.8101, 35.3106], [-89.8103, 35.3102], [-89.8112, 35.3099]]]}, "properties": {"zone": "X500"}}, {"type": "Feature", "geometry": {"type": "Polygon", "coordinates": [[[-89.8325, 35.3272], [-89.8327, 35.3264], [-89.832, 35.3264], [-89.831, 35.3263], [-89.8307, 35.3269], [-89.8307, 35.3276], [-89.8309, 35.3282], [-89.8318, 35.3278], [-89.8323, 35.3278], [-89.8326, 35.3284], [-89.8331, 35.3283], [-89.8332, 35.3277], [-89.8338, 35.3275], [-89.8342, 35.3269], [-89.8356, 35.3269], [-89.8359, 35.3271], [-89.837, 35.3267], [-89.8368, 35.3263], [-89.8351, 35.3263], [-89.8336, 35.3263], [-89.8337, 35.3266], [-89.8334, 35.3269], [-89.833, 35.3282], [-89.8326, 35.3282], [-89.8325, 35.3272]]]}, "properties": {"zone": "X500"}}, {"type": "Feature", "geometry": {"type": "Polygon", "coordinates": [[[-89.8374, 35.3376], [-89.8375, 35.3374], [-89.836, 35.3375], [-89.8358, 35.3376], [-89.8351, 35.3388], [-89.8348, 35.3398], [-89.8351, 35.3402], [-89.8359, 35.3388], [-89.8355, 35.3385], [-89.8361, 35.3381], [-89.8365, 35.3376], [-89.8374, 35.3376]]]}, "properties": {"zone": "X500"}}, {"type": "Feature", "geometry": {"type": "Polygon", "coordinates": [[[-89.8076, 35.342], [-89.807, 35.3419], [-89.8067, 35.3422], [-89.8095, 35.3425], [-89.8076, 35.342]]]}, "properties": {"zone": "X500"}}, {"type": "Feature", "geometry": {"type": "Polygon", "coordinates": [[[-89.8077, 35.359], [-89.8084, 35.3585], [-89.8087, 35.358], [-89.8092, 35.3576], [-89.809, 35.3572], [-89.8092, 35.3568], [-89.8096, 35.357], [-89.8099, 35.3565], [-89.8096, 35.3563], [-89.8085, 35.3559], [-89.8084, 35.3553], [-89.8085, 35.3542], [-89.8094, 35.354], [-89.8098, 35.3536], [-89.8095, 35.3528], [-89.8097, 35.3521], [-89.81, 35.3515], [-89.81, 35.3498], [-89.8096, 35.3494], [-89.81, 35.3482], [-89.8107, 35.348], [-89.8095, 35.3476], [-89.8097, 35.3472], [-89.8102, 35.3469], [-89.8107, 35.346], [-89.8113, 35.3454], [-89.8116, 35.3447], [-89.8119, 35.3443], [-89.8126, 35.3441], [-89.8133, 35.3434], [-89.8131, 35.3428], [-89.8149, 35.3429], [-89.8164, 35.3429], [-89.8164, 35.3422], [-89.8169, 35.3412], [-89.816, 35.3402], [-89.8157, 35.3401], [-89.8153, 35.3397], [-89.8152, 35.34], [-89.8146, 35.3406], [-89.8138, 35.3409], [-89.8129, 35.341], [-89.8126, 35.3405], [-89.8126, 35.3397], [-89.8122, 35.3398], [-89.8117, 35.3405], [-89.811, 35.3404], [-89.8109, 35.3395], [-89.8114, 35.3392], [-89.8126, 35.339], [-89.8124, 35.3386], [-89.8127, 35.3383], [-89.8124, 35.3373], [-89.8129, 35.3367], [-89.8135, 35.3366], [-89.8144, 35.3367], [-89.8149, 35.3381], [-89.8154, 35.3385], [-89.8157, 35.3378], [-89.8157, 35.337], [-89.8164, 35.3367], [-89.8169, 35.3361], [-89.8172, 35.3353], [-89.8181, 35.3351], [-89.8182, 35.3346], [-89.8179, 35.3345], [-89.8174, 35.3348], [-89.8172, 35.334], [-89.8174, 35.3338], [-89.8183, 35.3338], [-89.819, 35.3341], [-89.8191, 35.3335], [-89.819, 35.3326], [-89.8197, 35.3322], [-89.82, 35.3327], [-89.8193, 35.3333], [-89.8198, 35.3337], [-89.8206, 35.3332], [-89.8205, 35.3328], [-89.8212, 35.3327], [-89.822, 35.3324], [-89.8233, 35.3316], [-89.8237, 35.331], [-89.8229, 35.3307], [-89.823, 35.3304], [-89.8242, 35.3303], [-89.8247, 35.3294], [-89.8252, 35.3291], [-89.8255, 35.3292], [-89.8259, 35.3289], [-89.8265, 35.3289], [-89.8274, 35.3286], [-89.8281, 35.329], [-89.8282, 35.3283], [-89.8287, 35.3286], [-89.8288, 35.328], [-89.8294, 35.3278], [-89.8298, 35.3274], [-89.8301, 35.328], [-89.8305, 35.3278], [-89.8306, 35.3262], [-89.8294, 35.3264], [-89.8295, 35.3268], [-89.8293, 35.3272], [-89.8287, 35.3274], [-89.8286, 35.3281], [-89.8282, 35.3282], [-89.8275, 35.3281], [-89.8273, 35.3286], [-89.8265, 35.3283], [-89.8241, 35.3296], [-89.8231, 35.3303], [-89.8224, 35.3301], [-89.8219, 35.3303], [-89.8215, 35.3309], [-89.8218, 35.3311], [-89.8217, 35.3317], [-89.8213, 35.332], [-89.821, 35.3317], [-89.8203, 35.3322], [-89.8195, 35.3316], [-89.8187, 35.332], [-89.8186, 35.3324], [-89.8178, 35.3313], [-89.8171, 35.332], [-89.8172, 35.3325], [-89.8167, 35.3327], [-89.8169, 35.333], [-89.8167, 35.3335], [-89.8169, 35.3342], [-89.8166, 35.3346], [-89.8162, 35.3354], [-89.8165, 35.3366], [-89.8162, 35.3365], [-89.8154, 35.3368], [-89.8153, 35.3375], [-89.8148, 35.3374], [-89.8146, 35.3366], [-89.8139, 35.3364], [-89.8129, 35.3365], [-89.8123, 35.337], [-89.8114, 35.3373], [-89.8112, 35.3375], [-89.811, 35.3383], [-89.8106, 35.3386], [-89.8103, 35.3392], [-89.8106, 35.3405], [-89.8112, 35.3416], [-89.812, 35.3414], [-89.8123, 35.341], [-89.8129, 35.3413], [-89.8136, 35.3413], [-89.8144, 35.3411], [-89.8148, 35.3409], [-89.8155, 35.3401], [-89.8163, 35.3417], [-89.816, 35.3423], [-89.8151, 35.3428], [-89.8139, 35.3427], [-89.8127, 35.3427], [-89.8116, 35.3426], [-89.8121, 35.3433], [-89.8105, 35.3448], [-89.8108, 35.3455], [-89.8103, 35.3457], [-89.8101, 35.3463], [-89.8096, 35.3461], [-89.809, 35.3464], [-89.8088, 35.3478], [-89.8089, 35.3482], [-89.8085, 35.3493], [-89.8091, 35.3501], [-89.8092, 35.3505], [-89.8089, 35.3508], [-89.8081, 35.3509], [-89.8078, 35.3508], [-89.8079, 35.3523], [-89.8085, 35.3522], [-89.8088, 35.3526], [-89.8089, 35.3533], [-89.8086, 35.3539], [-89.8081, 35.354], [-89.8081, 35.3545], [-89.8084, 35.3549], [-89.8083, 35.3557], [-89.8087, 35.3563], [-89.8085, 35.3569], [-89.8086, 35.3575], [-89.8078, 35.3586], [-89.8077, 35.359]], [[-89.8174, 35.3326], [-89.8177, 35.3319], [-89.818, 35.332], [-89.8183, 35.3326], [-89.8173, 35.3334], [-89.817, 35.3326], [-89.8174, 35.3326]]]}, "properties": {"zone": "X500"}}, {"type": "Feature", "geometry": {"type": "Polygon", "coordinates": [[[-89.8308, 35.3434], [-89.8306, 35.3431], [-89.8302, 35.3428], [-89.8297, 35.343], [-89.8306, 35.3437], [-89.8307, 35.3445], [-89.8312, 35.3445], [-89.8313, 35.3438], [-89.8308, 35.3434]]]}, "properties": {"zone": "X500"}}, {"type": "Feature", "geometry": {"type": "Polygon", "coordinates": [[[-89.8253, 35.3525], [-89.8249, 35.353], [-89.8252, 35.3533], [-89.8253, 35.3525]]]}, "properties": {"zone": "X500"}}, {"type": "Feature", "geometry": {"type": "Polygon", "coordinates": [[[-89.8286, 35.3587], [-89.8284, 35.3576], [-89.8285, 35.3562], [-89.8283, 35.3562], [-89.8282, 35.3577], [-89.8284, 35.3586], [-89.8286, 35.3587]]]}, "properties": {"zone": "X500"}}, {"type": "Feature", "geometry": {"type": "Polygon", "coordinates": [[[-89.807, 35.361], [-89.8058, 35.363], [-89.8073, 35.3629], [-89.8075, 35.3627], [-89.807, 35.361]]]}, "properties": {"zone": "X500"}}, {"type": "Feature", "geometry": {"type": "Polygon", "coordinates": [[[-89.8263, 35.3623], [-89.8268, 35.3633], [-89.8276, 35.3632], [-89.8283, 35.3641], [-89.8295, 35.3648], [-89.8298, 35.3649], [-89.8303, 35.3655], [-89.8305, 35.3662], [-89.8305, 35.3671], [-89.8309, 35.3676], [-89.8312, 35.3667], [-89.8308, 35.3658], [-89.8309, 35.3655], [-89.8299, 35.3644], [-89.8293, 35.3645], [-89.8284, 35.364], [-89.8276, 35.3629], [-89.8266, 35.3622], [-89.8263, 35.3623]]]}, "properties": {"zone": "X500"}}, {"type": "Feature", "geometry": {"type": "Polygon", "coordinates": [[[-89.8045, 35.365], [-89.804, 35.3656], [-89.8051, 35.3662], [-89.8057, 35.3664], [-89.8075, 35.3666], [-89.8079, 35.366], [-89.8074, 35.3659], [-89.8079, 35.3653], [-89.8083, 35.3652], [-89.8083, 35.3646], [-89.8081, 35.3642], [-89.8067, 35.3636], [-89.8064, 35.3638], [-89.8054, 35.3635], [-89.8046, 35.3645], [-89.8045, 35.365]]]}, "properties": {"zone": "X500"}}, {"type": "Feature", "geometry": {"type": "Polygon", "coordinates": [[[-89.8056, 35.3703], [-89.8061, 35.3701], [-89.8067, 35.3703], [-89.8067, 35.3707], [-89.8076, 35.3703], [-89.8076, 35.37], [-89.807, 35.3696], [-89.807, 35.3687], [-89.8069, 35.3679], [-89.8065, 35.3675], [-89.8068, 35.3672], [-89.8067, 35.3668], [-89.8052, 35.3665], [-89.8052, 35.3669], [-89.8058, 35.367], [-89.8056, 35.3678], [-89.8048, 35.3684], [-89.8054, 35.369], [-89.8056, 35.3703]]]}, "properties": {"zone": "X500"}}, {"type": "Feature", "geometry": {"type": "Polygon", "coordinates": [[[-89.808, 35.3787], [-89.8085, 35.3785], [-89.8091, 35.3778], [-89.8086, 35.3775], [-89.8084, 35.3768], [-89.8072, 35.3756], [-89.8079, 35.3751], [-89.808, 35.3747], [-89.8069, 35.3741], [-89.807, 35.3733], [-89.8064, 35.3732], [-89.8062, 35.3737], [-89.8065, 35.3752], [-89.8071, 35.376], [-89.8077, 35.3762], [-89.8082, 35.3769], [-89.8085, 35.3783], [-89.8078, 35.3784], [-89.808, 35.3787]]]}, "properties": {"zone": "X500"}}, {"type": "Feature", "geometry": {"type": "Polygon", "coordinates": [[[-89.8062, 35.3799], [-89.8059, 35.3795], [-89.805, 35.3796], [-89.8045, 35.38], [-89.8062, 35.3799]]]}, "properties": {"zone": "X500"}}, {"type": "Feature", "geometry": {"type": "Polygon", "coordinates": [[[-89.7988, 34.946], [-89.7986, 34.9461], [-89.799, 34.9466], [-89.7993, 34.9461], [-89.7998, 34.9459], [-89.8015, 34.9456], [-89.8023, 34.9457], [-89.8029, 34.9455], [-89.8024, 34.9451], [-89.8018, 34.9451], [-89.8011, 34.9448], [-89.8006, 34.9451], [-89.7996, 34.9448], [-89.7988, 34.946]]]}, "properties": {"zone": "X500"}}, {"type": "Feature", "geometry": {"type": "Polygon", "coordinates": [[[-89.7989, 34.9469], [-89.7993, 34.947], [-89.7997, 34.9469], [-89.7997, 34.9474], [-89.8005, 34.9477], [-89.8027, 34.9478], [-89.8033, 34.9484], [-89.804, 34.9485], [-89.8048, 34.9487], [-89.8055, 34.9494], [-89.8058, 34.9494], [-89.8068, 34.95], [-89.8076, 34.9493], [-89.8066, 34.9483], [-89.8059, 34.9478], [-89.8054, 34.9477], [-89.804, 34.9467], [-89.8021, 34.9463], [-89.8012, 34.9466], [-89.7998, 34.9464], [-89.7992, 34.9469], [-89.7989, 34.9469]], [[-89.8064, 34.9487], [-89.8057, 34.9488], [-89.8058, 34.9484], [-89.8065, 34.9483], [-89.8064, 34.9487]]]}, "properties": {"zone": "X500"}}, {"type": "Feature", "geometry": {"type": "Polygon", "coordinates": [[[-89.76, 35.0282], [-89.7606, 35.0281], [-89.7633, 35.0281], [-89.7639, 35.0283], [-89.7646, 35.028], [-89.7655, 35.0282], [-89.7683, 35.0284], [-89.7688, 35.0288], [-89.7695, 35.0284], [-89.7703, 35.0284], [-89.7706, 35.029], [-89.7714, 35.0286], [-89.7718, 35.0293], [-89.7721, 35.0286], [-89.7737, 35.0293], [-89.7736, 35.0287], [-89.774, 35.0286], [-89.7749, 35.0287], [-89.7762, 35.0307], [-89.7769, 35.0307], [-89.7759, 35.0297], [-89.7755, 35.0289], [-89.7756, 35.0283], [-89.7761, 35.0284], [-89.7765, 35.0289], [-89.7768, 35.0287], [-89.7788, 35.0295], [-89.7842, 35.032], [-89.7874, 35.0335], [-89.7911, 35.0352], [-89.7911, 35.0348], [-89.7897, 35.0341], [-89.7883, 35.0333], [-89.7864, 35.0326], [-89.7844, 35.0316], [-89.7811, 35.0299], [-89.7792, 35.0289], [-89.7779, 35.0284], [-89.7772, 35.028], [-89.7775, 35.0272], [-89.7791, 35.0274], [-89.7798, 35.028], [-89.7807, 35.0281], [-89.7815, 35.029], [-89.7818, 35.0289], [-89.7835, 35.0299], [-89.7843, 35.0299], [-89.7841, 35.0306], [-89.7843, 35.0309], [-89.7851, 35.0314], [-89.7857, 35.0315], [-89.7862, 35.0314], [-89.787, 35.0306], [-89.7873, 35.0313], [-89.788, 35.0318], [-89.7892, 35.0318], [-89.7895, 35.0312], [-89.7909, 35.03], [-89.7912, 35.0296], [-89.7918, 35.0291], [-89.791, 35.0289], [-89.791, 35.0297], [-89.7905, 35.0302], [-89.7896, 35.0308], [-89.789, 35.0308], [-89.789, 35.0313], [-89.7885, 35.0316], [-89.7877, 35.0312], [-89.787, 35.0304], [-89.7867, 35.0308], [-89.786, 35.0313], [-89.7854, 35.0313], [-89.7848, 35.031], [-89.7843, 35.0306], [-89.7844, 35.0298], [-89.7836, 35.0298], [-89.7821, 35.029], [-89.7821, 35.0285], [-89.7815, 35.0285], [-89.7811, 35.0275], [-89.7799, 35.0274], [-89.7794, 35.0265], [-89.7787, 35.026], [-89.778, 35.0245], [-89.7778, 35.0251], [-89.7772, 35.0256], [-89.7762, 35.0263], [-89.7753, 35.0261], [-89.7748, 35.0249], [-89.7744, 35.0235], [-89.7741, 35.0236], [-89.7743, 35.0247], [-89.7741, 35.0253], [-89.7743, 35.0262], [-89.774, 35.0269], [-89.7734, 35.0273], [-89.7735, 35.0276], [-89.7756, 35.0277], [-89.777, 35.028], [-89.778, 35.0285], [-89.7793, 35.029], [-89.7811, 35.03], [-89.7835, 35.0312], [-89.7842, 35.0316], [-89.7841, 35.0319], [-89.7831, 35.0314], [-89.777, 35.0286], [-89.7759, 35.0282], [-89.7754, 35.0283], [-89.7752, 35.0285], [-89.7737, 35.0285], [-89.7724, 35.0287], [-89.7721, 35.0285], [-89.7708, 35.0285], [-89.7703, 35.0283], [-89.769, 35.0283], [-89.7689, 35.028], [-89.7684, 35.0279], [-89.766, 35.0279], [-89.7621, 35.0281], [-89.7604, 35.0281], [-89.76, 35.0282]], [[-89.79, 35.0345], [-89.7897, 35.0345], [-89.7885, 35.034], [-89.7854, 35.0325], [-89.7858, 35.0323], [-89.7882, 35.0333], [-89.7899, 35.0343], [-89.79, 35.0345]]]}, "properties": {"zone": "X500"}}, {"type": "Feature", "geometry": {"type": "Polygon", "coordinates": [[[-89.7609, 35.0341], [-89.7602, 35.0346], [-89.76, 35.0351], [-89.7602, 35.0364], [-89.7608, 35.0364], [-89.7621, 35.0368], [-89.7631, 35.0362], [-89.7639, 35.0359], [-89.7667, 35.0353], [-89.7682, 35.0352], [-89.769, 35.0353], [-89.7702, 35.0352], [-89.7706, 35.0356], [-89.7707, 35.0361], [-89.7704, 35.0364], [-89.7697, 35.0367], [-89.7706, 35.0369], [-89.771, 35.0364], [-89.7712, 35.0358], [-89.7715, 35.0353], [-89.7723, 35.035], [-89.7729, 35.0351], [-89.7727, 35.0367], [-89.7723, 35.037], [-89.7718, 35.0377], [-89.7714, 35.038], [-89.7713, 35.0386], [-89.7714, 35.0391], [-89.7708, 35.0403], [-89.7712, 35.0407], [-89.7706, 35.041], [-89.7706, 35.0421], [-89.7716, 35.0417], [-89.7719, 35.0412], [-89.773, 35.0411], [-89.7732, 35.0401], [-89.774, 35.0396], [-89.7744, 35.0395], [-89.7747, 35.0391], [-89.7742, 35.0389], [-89.7748, 35.0382], [-89.7758, 35.0375], [-89.7755, 35.0369], [-89.776, 35.0365], [-89.7765, 35.0368], [-89.7767, 35.0357], [-89.7761, 35.0356], [-89.7765, 35.0349], [-89.7768, 35.0346], [-89.7775, 35.0345], [-89.7777, 35.0349], [-89.7781, 35.0349], [-89.7792, 35.0347], [-89.7793, 35.0353], [-89.7788, 35.0357], [-89.7784, 35.037], [-89.7792, 35.0367], [-89.7794, 35.0369], [-89.7795, 35.0379], [-89.7801, 35.038], [-89.7806, 35.0383], [-89.7805, 35.0389], [-89.7828, 35.0386], [-89.7832, 35.0392], [-89.7838, 35.0394], [-89.7841, 35.0392], [-89.784, 35.0388], [-89.7832, 35.0374], [-89.7824, 35.0376], [-89.7814, 35.0375], [-89.7813, 35.0372], [-89.7819, 35.037], [-89.7819, 35.0367], [-89.781, 35.0363], [-89.7814, 35.035], [-89.7819, 35.0349], [-89.783, 35.0353], [-89.7829, 35.0364], [-89.7826, 35.0367], [-89.7832, 35.0371], [-89.7835, 35.0369], [-89.7836, 35.036], [-89.7838, 35.0359], [-89.7855, 35.0368], [-89.7864, 35.037], [-89.7867, 35.0386], [-89.7871, 35.0389], [-89.7884, 35.0391], [-89.7888, 35.0385], [-89.7892, 35.0388], [-89.7886, 35.0393], [-89.7887, 35.0397], [-89.7879, 35.0401], [-89.7872, 35.04], [-89.7875, 35.041], [-89.7879, 35.0407], [-89.7883, 35.0409], [-89.789, 35.0408], [-89.7891, 35.0414], [-89.7906, 35.0419], [-89.7906, 35.041], [-89.791, 35.0409], [-89.7905, 35.0403], [-89.7907, 35.0392], [-89.7914, 35.0396], [-89.7912, 35.0401], [-89.7915, 35.0413], [-89.7913, 35.0417], [-89.7915, 35.0422], [-89.7921, 35.0429], [-89.7921, 35.0419], [-89.7918, 35.0417], [-89.7916, 35.0408], [-89.7918, 35.0402], [-89.7928, 35.0403], [-89.7925, 35.0411], [-89.7929, 35.0415], [-89.7926, 35.0419], [-89.7929, 35.0422], [-89.7925, 35.0428], [-89.793, 35.0431], [-89.7932, 35.0436], [-89.7942, 35.0432], [-89.7935, 35.0427], [-89.793, 35.0408], [-89.7937, 35.0402], [-89.7937, 35.0398], [-89.7924, 35.0395], [-89.7921, 35.0392], [-89.7905, 35.0384], [-89.7896, 35.0383], [-89.7878, 35.0378], [-89.7871, 35.037], [-89.7865, 35.0368], [-89.7856, 35.0366], [-89.7855, 35.0364], [-89.7845, 35.0358], [-89.7836, 35.0357], [-89.7821, 35.0348], [-89.7814, 35.0347], [-89.7811, 35.0352], [-89.7809, 35.0366], [-89.7805, 35.0369], [-89.7802, 35.0366], [-89.7797, 35.0367], [-89.7793, 35.0364], [-89.7797, 35.0362], [-89.7805, 35.0361], [-89.7799, 35.0357], [-89.7794, 35.0355], [-89.7793, 35.0344], [-89.7779, 35.0344], [-89.7762, 35.0345], [-89.7751, 35.0344], [-89.775, 35.0345], [-89.775, 35.0358], [-89.7753, 35.0372], [-89.7752, 35.0377], [-89.7742, 35.0382], [-89.7739, 35.0385], [-89.7739, 35.039], [-89.7735, 35.0397], [-89.772, 35.0409], [-89.7718, 35.0408], [-89.7728, 35.04], [-89.7729, 35.0395], [-89.7727, 35.0389], [-89.7731, 35.0385], [-89.7729, 35.0381], [-89.7735, 35.0378], [-89.7736, 35.0372], [-89.7726, 35.0371], [-89.7732, 35.036], [-89.7748, 35.036], [-89.7744, 35.0351], [-89.7744, 35.0347], [-89.7737, 35.0345], [-89.7713, 35.0353], [-89.7707, 35.0363], [-89.7707, 35.0355], [-89.7703, 35.0352], [-89.7695, 35.035], [-89.769, 35.0352], [-89.7681, 35.0351], [-89.7667, 35.0353], [-89.7645, 35.0356], [-89.763, 35.036], [-89.7625, 35.0363], [-89.7617, 35.0363], [-89.7603, 35.0361], [-89.7601, 35.0355], [-89.7602, 35.0348], [-89.7607, 35.0346], [-89.7609, 35.0341]]]}, "properties": {"zone": "X500"}}, {"type": "Feature", "geometry": {"type": "Polygon", "coordinates": [[[-89.7971, 35.0414], [-89.7991, 35.0418], [-89.8004, 35.0424], [-89.8007, 35.0429], [-89.8014, 35.0434], [-89.8018, 35.0433], [-89.8021, 35.0437], [-89.8033, 35.0442], [-89.8035, 35.0446], [-89.8033, 35.0452], [-89.8036, 35.0457], [-89.8036, 35.0464], [-89.8033, 35.0469], [-89.8042, 35.0471], [-89.8044, 35.0476], [-89.8052, 35.0474], [-89.8054, 35.0479], [-89.8062, 35.0482], [-89.8075, 35.0482], [-89.807, 35.0476], [-89.8068, 35.0479], [-89.8062, 35.0481], [-89.8057, 35.0472], [-89.8064, 35.0469], [-89.8077, 35.0469], [-89.8078, 35.0466], [-89.8078, 35.0459], [-89.8073, 35.0454], [-89.805, 35.0444], [-89.8048, 35.0455], [-89.8049, 35.0462], [-89.8053, 35.046], [-89.8052, 35.0472], [-89.8035, 35.0467], [-89.8039, 35.0462], [-89.8037, 35.0452], [-89.804, 35.0438], [-89.8032, 35.0434], [-89.8021, 35.0435], [-89.8018, 35.0431], [-89.8014, 35.0432], [-89.8008, 35.0428], [-89.8004, 35.0423], [-89.7992, 35.0418], [-89.7971, 35.0414]]]}, "properties": {"zone": "X500"}}, {"type": "Feature", "geometry": {"type": "Polygon", "coordinates": [[[-89.7645, 35.0721], [-89.7649, 35.0727], [-89.7652, 35.0738], [-89.7651, 35.074], [-89.7659, 35.075], [-89.7662, 35.0755], [-89.7654, 35.0765], [-89.7662, 35.0764], [-89.767, 35.0761], [-89.768, 35.0766], [-89.7682, 35.0771], [-89.7683, 35.0778], [-89.7691, 35.0783], [-89.7698, 35.0778], [-89.7701, 35.0773], [-89.7697, 35.0769], [-89.7694, 35.077], [-89.768, 35.0765], [-89.7674, 35.076], [-89.7668, 35.0752], [-89.7669, 35.0741], [-89.7672, 35.0735], [-89.7667, 35.0734], [-89.7663, 35.0727], [-89.7654, 35.0721], [-89.7652, 35.0724], [-89.7663, 35.0729], [-89.7669, 35.0737], [-89.7669, 35.0739], [-89.7655, 35.0738], [-89.7652, 35.0728], [-89.7645, 35.0721]]]}, "properties": {"zone": "X500"}}, {"type": "Feature", "geometry": {"type": "Polygon", "coordinates": [[[-89.7557, 35.0789], [-89.7564, 35.0785], [-89.7561, 35.0778], [-89.7557, 35.0778], [-89.7557, 35.0789]]]}, "properties": {"zone": "X500"}}, {"type": "Feature", "geometry": {"type": "Polygon", "coordinates": [[[-89.755, 35.0854], [-89.7557, 35.0851], [-89.7556, 35.0847], [-89.7553, 35.0848], [-89.7549, 35.0851], [-89.755, 35.0854]], [[-89.755, 35.0854], [-89.7551, 35.0851], [-89.7553, 35.0848], [-89.7556, 35.0851], [-89.755, 35.0854]]]}, "properties": {"zone": "X500"}}, {"type": "Feature", "geometry": {"type": "Polygon", "coordinates": [[[-89.7828, 35.0858], [-89.7837, 35.0854], [-89.7836, 35.0846], [-89.7842, 35.0841], [-89.7841, 35.0839], [-89.7846, 35.0833], [-89.7847, 35.0824], [-89.7861, 35.082], [-89.7864, 35.0817], [-89.786, 35.0814], [-89.7849, 35.0819], [-89.7841, 35.083], [-89.7839, 35.0836], [-89.7828, 35.0846], [-89.7828, 35.0858]]]}, "properties": {"zone": "X500"}}, {"type": "Feature", "geometry": {"type": "Polygon", "coordinates": [[[-89.7807, 35.0868], [-89.7814, 35.0858], [-89.7815, 35.0852], [-89.7823, 35.0839], [-89.7827, 35.0835], [-89.7818, 35.0833], [-89.7819, 35.0837], [-89.7812, 35.084], [-89.7808, 35.0848], [-89.7808, 35.0858], [-89.7803, 35.0864], [-89.7802, 35.087], [-89.7807, 35.0868]]]}, "properties": {"zone": "X500"}}, {"type": "Feature", "geometry": {"type": "Polygon", "coordinates": [[[-89.7608, 35.0991], [-89.7598, 35.0991], [-89.7594, 35.0996], [-89.7612, 35.0995], [-89.7615, 35.0992], [-89.7616, 35.0985], [-89.7623, 35.0996], [-89.7627, 35.0997], [-89.7632, 35.0993], [-89.7625, 35.0989], [-89.7623, 35.0986], [-89.7629, 35.0978], [-89.7622, 35.0978], [-89.7618, 35.0975], [-89.7613, 35.0973], [-89.7611, 35.0983], [-89.7612, 35.0988], [-89.7608, 35.0991]]]}, "properties": {"zone": "X500"}}, {"type": "Feature", "geometry": {"type": "Polygon", "coordinates": [[[-89.7542, 35.1002], [-89.7546, 35.0999], [-89.7541, 35.0991], [-89.7542, 35.1002]]]}, "properties": {"zone": "X500"}}, {"type": "Feature", "geometry": {"type": "Polygon", "coordinates": [[[-89.7658, 35.1001], [-89.7669, 35.0995], [-89.7678, 35.0993], [-89.7683, 35.0991], [-89.7688, 35.0991], [-89.7692, 35.0994], [-89.7695, 35.099], [-89.7684, 35.099], [-89.7668, 35.0995], [-89.7658, 35.1001]]]}, "properties": {"zone": "X500"}}, {"type": "Feature", "geometry": {"type": "Polygon", "coordinates": [[[-89.7898, 35.0994], [-89.7894, 35.0995], [-89.7901, 35.1005], [-89.7905, 35.0997], [-89.7905, 35.0988], [-89.7902, 35.0988], [-89.7898, 35.0994]]]}, "properties": {"zone": "X500"}}, {"type": "Feature", "geometry": {"type": "Polygon", "coordinates": [[[-89.7745, 35.0994], [-89.7748, 35.0996], [-89.7751, 35.1004], [-89.7756, 35.1008], [-89.7753, 35.1014], [-89.7764, 35.1017], [-89.777, 35.1016], [-89.7772, 35.1005], [-89.7779, 35.1004], [-89.778, 35.1], [-89.7776, 35.0994], [-89.7775, 35.099], [-89.7769, 35.0992], [-89.7761, 35.0997], [-89.7762, 35.1], [-89.7757, 35.1001], [-89.7754, 35.0998], [-89.7753, 35.099], [-89.775, 35.0987], [-89.7737, 35.0991], [-89.7726, 35.0992], [-89.7719, 35.0991], [-89.7711, 35.0993], [-89.7705, 35.099], [-89.771, 35.1001], [-89.7713, 35.1], [-89.7714, 35.0995], [-89.7717, 35.0991], [-89.7726, 35.0995], [-89.7732, 35.0995], [-89.7738, 35.0991], [-89.774, 35.0995], [-89.7745, 35.0994]]]}, "properties": {"zone": "X500"}}, {"type": "Feature", "geometry": {"type": "Polygon", "coordinates": [[[-89.7783, 35.1007], [-89.7782, 35.1018], [-89.778, 35.1021], [-89.778, 35.1026], [-89.779, 35.1027], [-89.7795, 35.1033], [-89.7804, 35.1037], [-89.7816, 35.1035], [-89.7821, 35.1041], [-89.7823, 35.1028], [-89.7826, 35.1026], [-89.7832, 35.1027], [-89.7839, 35.1026], [-89.7844, 35.1024], [-89.7848, 35.1019], [-89.785, 35.1025], [-89.7854, 35.1026], [-89.787, 35.1027], [-89.7876, 35.1021], [-89.7878, 35.1024], [-89.7871, 35.1031], [-89.7873, 35.1035], [-89.7881, 35.1035], [-89.7883, 35.1031], [-89.7888, 35.1029], [-89.7887, 35.1023], [-89.7892, 35.1021], [-89.79, 35.102], [-89.7905, 35.1022], [-89.7907, 35.1017], [-89.7904, 35.1013], [-89.7897, 35.1008], [-89.7895, 35.101], [-89.789, 35.1003], [-89.7887, 35.1003], [-89.7889, 35.0997], [-89.7894, 35.0997], [-89.7888, 35.0988], [-89.7884, 35.0997], [-89.7883, 35.1003], [-89.788, 35.1004], [-89.7889, 35.1014], [-89.7895, 35.1014], [-89.7893, 35.1018], [-89.7886, 35.1021], [-89.7879, 35.1016], [-89.7878, 35.1012], [-89.7869, 35.1016], [-89.7865, 35.1014], [-89.7852, 35.1014], [-89.784, 35.1025], [-89.7834, 35.1025], [-89.7826, 35.1024], [-89.782, 35.1025], [-89.7818, 35.1017], [-89.7813, 35.1018], [-89.7814, 35.1032], [-89.7812, 35.1035], [-89.7803, 35.1036], [-89.7794, 35.1031], [-89.7794, 35.1027], [-89.7781, 35.1026], [-89.7781, 35.102], [-89.7794, 35.102], [-89.7783, 35.1007]]]}, "properties": {"zone": "X500"}}, {"type": "Feature", "geometry": {"type": "Polygon", "coordinates": [[[-89.7917, 35.1025], [-89.7909, 35.1018], [-89.7908, 35.1023], [-89.7915, 35.1031], [-89.7917, 35.1025]]]}, "properties": {"zone": "X500"}}, {"type": "Feature", "geometry": {"type": "Polygon", "coordinates": [[[-89.7892, 35.104], [-89.7887, 35.1044], [-89.7882, 35.1052], [-89.7876, 35.1055], [-89.7872, 35.106], [-89.7866, 35.1058], [-89.7861, 35.1064], [-89.7863, 35.1068], [-89.7877, 35.106], [-89.7883, 35.1062], [-89.7883, 35.1068], [-89.7905, 35.1072], [-89.7916, 35.1084], [-89.7914, 35.1088], [-89.7909, 35.1094], [-89.7912, 35.1097], [-89.7918, 35.1093], [-89.7922, 35.1085], [-89.793, 35.1083], [-89.7938, 35.1083], [-89.7939, 35.1092], [-89.7941, 35.1098], [-89.7936, 35.1104], [-89.7959, 35.1109], [-89.797, 35.1115], [-89.797, 35.1106], [-89.7974, 35.109], [-89.7976, 35.1092], [-89.7984, 35.109], [-89.7989, 35.1096], [-89.7981, 35.1099], [-89.7978, 35.1103], [-89.7973, 35.1116], [-89.7974, 35.1121], [-89.7979, 35.1128], [-89.7984, 35.1132], [-89.7985, 35.1139], [-89.7995, 35.1149], [-89.8003, 35.1151], [-89.8003, 35.1155], [-89.8011, 35.1162], [-89.8011, 35.1152], [-89.8015, 35.1146], [-89.8017, 35.114], [-89.8008, 35.1135], [-89.801, 35.1128], [-89.8006, 35.1126], [-89.8009, 35.112], [-89.8018, 35.1124], [-89.8021, 35.1117], [-89.8017, 35.1113], [-89.8021, 35.111], [-89.8028, 35.1108], [-89.8028, 35.1101], [-89.8029, 35.1085], [-89.8024, 35.1084], [-89.8019, 35.1088], [-89.8011, 35.1083], [-89.8008, 35.1076], [-89.8009, 35.1073], [-89.7997, 35.107], [-89.7993, 35.1074], [-89.7989, 35.1069], [-89.7975, 35.1067], [-89.7972, 35.1071], [-89.797, 35.1092], [-89.7964, 35.1099], [-89.7967, 35.1105], [-89.7965, 35.1107], [-89.7951, 35.1105], [-89.7948, 35.1104], [-89.7942, 35.1094], [-89.7945, 35.1083], [-89.7937, 35.1079], [-89.7933, 35.1081], [-89.7918, 35.1082], [-89.7912, 35.1079], [-89.7906, 35.1071], [-89.7901, 35.1069], [-89.7896, 35.107], [-89.7885, 35.1068], [-89.7884, 35.106], [-89.7882, 35.1053], [-89.7895, 35.1041], [-89.7894, 35.105], [-89.7912, 35.1053], [-89.7919, 35.1052], [-89.7919, 35.1048], [-89.7913, 35.1047], [-89.7914, 35.1035], [-89.7909, 35.1037], [-89.7907, 35.1034], [-89.7901, 35.1035], [-89.7893, 35.1036], [-89.7892, 35.104]]]}, "properties": {"zone": "X500"}}, {"type": "Feature", "geometry": {"type": "Polygon", "coordinates": [[[-89.7776, 35.1035], [-89.7765, 35.1036], [-89.7768, 35.1047], [-89.7773, 35.105], [-89.7781, 35.1043], [-89.7784, 35.1043], [-89.7792, 35.1047], [-89.7795, 35.1044], [-89.779, 35.1036], [-89.7776, 35.1035]]]}, "properties": {"zone": "X500"}}, {"type": "Feature", "geometry": {"type": "Polygon", "coordinates": [[[-89.7503, 35.1177], [-89.7508, 35.1171], [-89.7512, 35.117], [-89.7527, 35.1156], [-89.7534, 35.1151], [-89.7541, 35.1143], [-89.7546, 35.1129], [-89.7547, 35.1124], [-89.756, 35.1112], [-89.7566, 35.1108], [-89.7578, 35.1104], [-89.7591, 35.11], [-89.7595, 35.1095], [-89.7617, 35.1089], [-89.7625, 35.1087], [-89.763, 35.1088], [-89.7636, 35.1086], [-89.765, 35.1086], [-89.7653, 35.1091], [-89.7651, 35.1095], [-89.7652, 35.11], [-89.7643, 35.11], [-89.7643, 35.1102], [-89.7655, 35.1102], [-89.7661, 35.11], [-89.7666, 35.1094], [-89.7682, 35.1099], [-89.7687, 35.1102], [-89.7686, 35.111], [-89.7695, 35.1108], [-89.77, 35.1109], [-89.7704, 35.1114], [-89.7698, 35.1116], [-89.7709, 35.1125], [-89.7719, 35.1138], [-89.7727, 35.1134], [-89.7735, 35.1148], [-89.7742, 35.1145], [-89.7748, 35.1143], [-89.7752, 35.1145], [-89.7758, 35.1151], [-89.7762, 35.1162], [-89.777, 35.1159], [-89.7785, 35.1159], [-89.7789, 35.1164], [-89.7796, 35.1165], [-89.7801, 35.1169], [-89.7802, 35.1173], [-89.7809, 35.1168], [-89.7817, 35.117], [-89.7819, 35.1178], [-89.7834, 35.1182], [-89.7841, 35.1186], [-89.7855, 35.1191], [-89.7862, 35.119], [-89.7864, 35.1193], [-89.7859, 35.1201], [-89.7857, 35.1208], [-89.7862, 35.121], [-89.7873, 35.1209], [-89.7885, 35.121], [-89.7889, 35.1206], [-89.7893, 35.1211], [-89.7894, 35.1216], [-89.7888, 35.1218], [-89.7896, 35.1225], [-89.7897, 35.1228], [-89.7904, 35.1229], [-89.7898, 35.1222], [-89.7899, 35.122], [-89.7922, 35.1234], [-89.7925, 35.1237], [-89.7934, 35.1234], [-89.7944, 35.1234], [-89.7949, 35.124], [-89.7955, 35.1235], [-89.7968, 35.1244], [-89.7966, 35.1235], [-89.7972, 35.1235], [-89.7973, 35.1239], [-89.7979, 35.1243], [-89.7987, 35.1245], [-89.799, 35.1236], [-89.7993, 35.1229], [-89.7992, 35.1221], [-89.7987, 35.1214], [-89.7993, 35.1204], [-89.8, 35.1199], [-89.8001, 35.1194], [-89.7999, 35.1189], [-89.8002, 35.1185], [-89.7988, 35.1187], [-89.7986, 35.1195], [-89.7989, 35.1203], [-89.7988, 35.1207], [-89.7983, 35.1211], [-89.7974, 35.1215], [-89.7967, 35.1221], [-89.7954, 35.1225], [-89.795, 35.122], [-89.7961, 35.1211], [-89.7959, 35.1206], [-89.7947, 35.1205], [-89.7937, 35.1201], [-89.7933, 35.1202], [-89.7926, 35.1213], [-89.7922, 35.1216], [-89.7916, 35.1215], [-89.7905, 35.1216], [-89.7901, 35.1213], [-89.7905, 35.121], [-89.7902, 35.1201], [-89.7904, 35.1192], [-89.7898, 35.1187], [-89.7901, 35.1183], [-89.7889, 35.1183], [-89.7873, 35.1193], [-89.7861, 35.1204], [-89.7861, 35.12], [-89.787, 35.1187], [-89.7864, 35.1188], [-89.7846, 35.1185], [-89.7836, 35.1177], [-89.7827, 35.1177], [-89.7821, 35.1172], [-89.7819, 35.1167], [-89.7808, 35.1161], [-89.7803, 35.1155], [-89.7799, 35.1153], [-89.7789, 35.1152], [-89.7782, 35.115], [-89.7768, 35.1148], [-89.7765, 35.115], [-89.7759, 35.1149], [-89.7752, 35.1143], [-89.774, 35.1141], [-89.7738, 35.1139], [-89.7737, 35.1133], [-89.7742, 35.113], [-89.7745, 35.1122], [-89.7748, 35.1112], [-89.7747, 35.1108], [-89.774, 35.1106], [-89.7722, 35.1104], [-89.7702, 35.1103], [-89.7691, 35.1101], [-89.7675, 35.1095], [-89.7663, 35.1087], [-89.7658, 35.1082], [-89.7647, 35.1084], [-89.7628, 35.1086], [-89.762, 35.1083], [-89.7608, 35.1089], [-89.7603, 35.1089], [-89.7595, 35.1091], [-89.7587, 35.1098], [-89.7563, 35.1109], [-89.7555, 35.1116], [-89.7545, 35.1124], [-89.7543, 35.1128], [-89.7538, 35.1131], [-89.7536, 35.1137], [-89.7536, 35.1145], [-89.753, 35.1152], [-89.7519, 35.1161], [-89.7514, 35.1168], [-89.7507, 35.1171], [-89.7503, 35.1177]]]}, "properties": {"zone": "X500"}}, {"type": "Feature", "geometry": {"type": "Polygon", "coordinates": [[[-89.7959, 35.1198], [-89.7958, 35.1201], [-89.7964, 35.1204], [-89.7968, 35.1211], [-89.7971, 35.1212], [-89.798, 35.121], [-89.7982, 35.1207], [-89.798, 35.1202], [-89.797, 35.1197], [-89.7968, 35.1189], [-89.7968, 35.1182], [-89.796, 35.1182], [-89.7957, 35.1183], [-89.7945, 35.1199], [-89.7949, 35.1202], [-89.7957, 35.12], [-89.7959, 35.1198]]]}, "properties": {"zone": "X500"}}, {"type": "Feature", "geometry": {"type": "Polygon", "coordinates": [[[-89.7703, 35.1814], [-89.7715, 35.1806], [-89.772, 35.1795], [-89.7725, 35.1794], [-89.7727, 35.1789], [-89.7723, 35.1788], [-89.7715, 35.1805], [-89.7703, 35.1814]]]}, "properties": {"zone": "X500"}}, {"type": "Feature", "geometry": {"type": "Polygon", "coordinates": [[[-89.7935, 35.1813], [-89.7934, 35.1811], [-89.7942, 35.1807], [-89.7933, 35.1799], [-89.7931, 35.181], [-89.7935, 35.1813]]]}, "properties": {"zone": "X500"}}, {"type": "Feature", "geometry": {"type": "Polygon", "coordinates": [[[-89.7673, 35.1863], [-89.767, 35.1872], [-89.7674, 35.1872], [-89.7677, 35.1878], [-89.7671, 35.1888], [-89.7679, 35.1894], [-89.7684, 35.1893], [-89.7686, 35.1884], [-89.7693, 35.1877], [-89.7691, 35.1868], [-89.7692, 35.1861], [-89.7691, 35.1857], [-89.7692, 35.1852], [-89.7697, 35.1848], [-89.7704, 35.1846], [-89.7696, 35.1836], [-89.7685, 35.1838], [-89.7691, 35.1844], [-89.7686, 35.1849], [-89.7684, 35.1854], [-89.7678, 35.1852], [-89.7668, 35.1853], [-89.7665, 35.1855], [-89.7658, 35.1853], [-89.7656, 35.1855], [-89.7653, 35.1861], [-89.7644, 35.1859], [-89.7644, 35.1862], [-89.764, 35.1867], [-89.7642, 35.1871], [-89.7649, 35.1867], [-89.7652, 35.1862], [-89.7656, 35.1855], [-89.7664, 35.1856], [-89.7665, 35.1861], [-89.7658, 35.1867], [-89.7656, 35.1872], [-89.7658, 35.188], [-89.7648, 35.188], [-89.7654, 35.1885], [-89.7663, 35.1883], [-89.7666, 35.1878], [-89.7666, 35.187], [-89.7673, 35.1863]]]}, "properties": {"zone": "X500"}}, {"type": "Feature", "geometry": {"type": "Polygon", "coordinates": [[[-89.803, 35.1895], [-89.8019, 35.1888], [-89.8015, 35.188], [-89.8012, 35.1884], [-89.803, 35.1895]]]}, "properties": {"zone": "X500"}}, {"type": "Feature", "geometry": {"type": "Polygon", "coordinates": [[[-89.7603, 35.2504], [-89.7618, 35.2498], [-89.7613, 35.2497], [-89.7613, 35.2493], [-89.7607, 35.2491], [-89.7603, 35.2499], [-89.7603, 35.2504]]]}, "properties": {"zone": "X500"}}, {"type": "Feature", "geometry": {"type": "Polygon", "coordinates": [[[-89.7613, 35.2569], [-89.7616, 35.257], [-89.7619, 35.256], [-89.7612, 35.2566], [-89.7613, 35.2569]]]}, "properties": {"zone": "X500"}}, {"type": "Feature", "geometry": {"type": "Polygon", "coordinates": [[[-89.7998, 35.2617], [-89.7997, 35.2618], [-89.803, 35.262], [-89.8041, 35.2619], [-89.8039, 35.2611], [-89.8036, 35.2607], [-89.8038, 35.2598], [-89.8036, 35.2595], [-89.8041, 35.2588], [-89.8035, 35.2584], [-89.8035, 35.2568], [-89.8028, 35.257], [-89.8024, 35.2567], [-89.8029, 35.2561], [-89.8029, 35.2555], [-89.8025, 35.2541], [-89.8018, 35.2542], [-89.8013, 35.2539], [-89.8005, 35.2541], [-89.7999, 35.2556], [-89.7994, 35.2582], [-89.7997, 35.2588], [-89.7996, 35.2598], [-89.8, 35.2608], [-89.8001, 35.2614], [-89.7998, 35.2617]], [[-89.8035, 35.2616], [-89.8037, 35.2619], [-89.8006, 35.2619], [-89.8002, 35.2612], [-89.8001, 35.2603], [-89.8003, 35.2599], [-89.8004, 35.2583], [-89.8011, 35.2574], [-89.8012, 35.2562], [-89.8015, 35.256], [-89.8022, 35.256], [-89.8023, 35.2563], [-89.8017, 35.2564], [-89.8016, 35.2572], [-89.8022, 35.2577], [-89.8027, 35.2577], [-89.8033, 35.2582], [-89.8033, 35.2589], [-89.8036, 35.2592], [-89.803, 35.2606], [-89.8031, 35.261], [-89.8035, 35.2616]]]}, "properties": {"zone": "X500"}}, {"type": "Feature", "geometry": {"type": "Polygon", "coordinates": [[[-89.7652, 35.261], [-89.7657, 35.261], [-89.7663, 35.2602], [-89.7663, 35.2587], [-89.7664, 35.2581], [-89.7661, 35.2577], [-89.7651, 35.2578], [-89.7651, 35.2593], [-89.7649, 35.2598], [-89.7648, 35.2608], [-89.7652, 35.261]]]}, "properties": {"zone": "X500"}}, {"type": "Feature", "geometry": {"type": "Polygon", "coordinates": [[[-89.7651, 35.264], [-89.7653, 35.2639], [-89.7653, 35.2636], [-89.7652, 35.2632], [-89.7653, 35.2629], [-89.7656, 35.2626], [-89.7663, 35.2622], [-89.7671, 35.2622], [-89.7673, 35.2622], [-89.7674, 35.2621], [-89.7674, 35.2619], [-89.7673, 35.2618], [-89.7675, 35.2615], [-89.7675, 35.2611], [-89.7673, 35.2609], [-89.7668, 35.2611], [-89.7675, 35.2614], [-89.7674, 35.2617], [-89.7672, 35.2618], [-89.7673, 35.2619], [-89.7673, 35.2621], [-89.7672, 35.2622], [-89.7667, 35.2622], [-89.7666, 35.2621], [-89.7663, 35.2622], [-89.7656, 35.2626], [-89.7653, 35.2628], [-89.7652, 35.2632], [-89.7652, 35.2634], [-89.7653, 35.2638], [-89.7651, 35.264]]]}, "properties": {"zone": "X500"}}, {"type": "Feature", "geometry": {"type": "Polygon", "coordinates": [[[-89.7685, 35.2672], [-89.7675, 35.2673], [-89.7675, 35.2676], [-89.7683, 35.2676], [-89.7691, 35.2671], [-89.7714, 35.2666], [-89.7715, 35.2665], [-89.7738, 35.2657], [-89.7743, 35.2656], [-89.7749, 35.2657], [-89.7762, 35.2649], [-89.777, 35.2647], [-89.778, 35.2646], [-89.7787, 35.2649], [-89.7792, 35.2645], [-89.7796, 35.2648], [-89.7808, 35.2648], [-89.7815, 35.2644], [-89.7822, 35.2645], [-89.7832, 35.2643], [-89.7841, 35.2642], [-89.7844, 35.264], [-89.7861, 35.264], [-89.7864, 35.2642], [-89.7867, 35.2649], [-89.7865, 35.2653], [-89.7865, 35.2664], [-89.7869, 35.2665], [-89.7876, 35.2659], [-89.7875, 35.2652], [-89.7878, 35.2644], [-89.7877, 35.2637], [-89.788, 35.2631], [-89.7882, 35.2631], [-89.7884, 35.2633], [-89.7885, 35.2638], [-89.7881, 35.2648], [-89.788, 35.2659], [-89.7874, 35.2661], [-89.787, 35.2671], [-89.7871, 35.2681], [-89.7889, 35.2682], [-89.792, 35.2682], [-89.7919, 35.2673], [-89.7926, 35.2671], [-89.792, 35.2666], [-89.7916, 35.2669], [-89.7907, 35.2668], [-89.7908, 35.2663], [-89.7898, 35.266], [-89.7891, 35.2656], [-89.7889, 35.2651], [-89.7891, 35.2645], [-89.7894, 35.2644], [-89.7891, 35.2639], [-89.7884, 35.2651], [-89.7881, 35.2649], [-89.7885, 35.2638], [-89.7885, 35.2634], [-89.7883, 35.2632], [-89.7882, 35.2631], [-89.7881, 35.2631], [-89.787, 35.2634], [-89.7868, 35.2645], [-89.7863, 35.2639], [-89.7855, 35.2636], [-89.7845, 35.2635], [-89.7837, 35.2641], [-89.7833, 35.2638], [-89.782, 35.2638], [-89.7817, 35.2636], [-89.7812, 35.2639], [-89.7807, 35.2645], [-89.7798, 35.2644], [-89.7792, 35.2639], [-89.7789, 35.264], [-89.7787, 35.2646], [-89.7784, 35.2645], [-89.7768, 35.2646], [-89.7759, 35.2649], [-89.775, 35.2654], [-89.7743, 35.2655], [-89.7706, 35.2667], [-89.7685, 35.2672]]]}, "properties": {"zone": "X500"}}, {"type": "Feature", "geometry": {"type": "Polygon", "coordinates": [[[-89.7703, 35.2657], [-89.7701, 35.2651], [-89.7696, 35.265], [-89.7694, 35.2657], [-89.769, 35.2663], [-89.769, 35.2667], [-89.7695, 35.2667], [-89.7714, 35.2663], [-89.7716, 35.266], [-89.771, 35.2657], [-89.7703, 35.2657]]]}, "properties": {"zone": "X500"}}, {"type": "Feature", "geometry": {"type": "Polygon", "coordinates": [[[-89.7533, 35.2705], [-89.7533, 35.2709], [-89.7541, 35.2708], [-89.7551, 35.2702], [-89.757, 35.2702], [-89.7578, 35.2696], [-89.7577, 35.2692], [-89.7569, 35.27], [-89.7563, 35.2697], [-89.756, 35.27], [-89.7545, 35.2698], [-89.754, 35.2704], [-89.7533, 35.2705]]]}, "properties": {"zone": "X500"}}, {"type": "Feature", "geometry": {"type": "Polygon", "coordinates": [[[-89.7665, 35.279], [-89.7663, 35.2795], [-89.7666, 35.2798], [-89.7668, 35.2791], [-89.7665, 35.279]]]}, "properties": {"zone": "X500"}}, {"type": "Feature", "geometry": {"type": "Polygon", "coordinates": [[[-89.7601, 35.2912], [-89.7602, 35.2915], [-89.7616, 35.2917], [-89.7608, 35.291], [-89.7609, 35.2903], [-89.7612, 35.2902], [-89.7616, 35.2895], [-89.762, 35.2892], [-89.7647, 35.2891], [-89.7648, 35.2889], [-89.7649, 35.2886], [-89.765, 35.2889], [-89.7651, 35.289], [-89.7652, 35.2891], [-89.7653, 35.2891], [-89.7655, 35.2891], [-89.7664, 35.289], [-89.7681, 35.289], [-89.7689, 35.2887], [-89.7703, 35.2888], [-89.7711, 35.2888], [-89.7717, 35.2893], [-89.7732, 35.2892], [-89.774, 35.2893], [-89.7748, 35.2888], [-89.7754, 35.2887], [-89.7765, 35.289], [-89.7775, 35.2891], [-89.7784, 35.2891], [-89.779, 35.2888], [-89.779, 35.2883], [-89.7798, 35.2882], [-89.7807, 35.2883], [-89.7818, 35.2887], [-89.7834, 35.2889], [-89.7844, 35.2883], [-89.7853, 35.288], [-89.7864, 35.2879], [-89.7874, 35.2881], [-89.7881, 35.2885], [-89.7889, 35.2886], [-89.7896, 35.2889], [-89.7906, 35.2889], [-89.7912, 35.2887], [-89.7889, 35.2879], [-89.7882, 35.2882], [-89.7875, 35.2878], [-89.7865, 35.2877], [-89.7847, 35.2879], [-89.7833, 35.2887], [-89.783, 35.2884], [-89.7823, 35.2882], [-89.7816, 35.2883], [-89.7809, 35.288], [-89.7799, 35.288], [-89.7794, 35.2878], [-89.7787, 35.2882], [-89.7781, 35.2889], [-89.7774, 35.2889], [-89.7765, 35.2888], [-89.7754, 35.2885], [-89.7749, 35.2886], [-89.7743, 35.2891], [-89.7739, 35.2892], [-89.7723, 35.2891], [-89.7718, 35.2892], [-89.7714, 35.2888], [-89.7711, 35.2887], [-89.7694, 35.2887], [-89.7692, 35.2885], [-89.7681, 35.289], [-89.7671, 35.289], [-89.766, 35.289], [-89.7653, 35.2891], [-89.7652, 35.2891], [-89.7651, 35.289], [-89.765, 35.2889], [-89.765, 35.2888], [-89.765, 35.2883], [-89.7652, 35.2849], [-89.7653, 35.2841], [-89.7659, 35.2823], [-89.7655, 35.2823], [-89.7651, 35.2838], [-89.765, 35.2845], [-89.765, 35.2855], [-89.7649, 35.2882], [-89.7648, 35.2887], [-89.7647, 35.2889], [-89.7645, 35.2888], [-89.7636, 35.2887], [-89.763, 35.2888], [-89.7625, 35.2891], [-89.7621, 35.2891], [-89.7618, 35.2893], [-89.761, 35.2899], [-89.7603, 35.2901], [-89.7607, 35.291], [-89.7601, 35.2912]]]}, "properties": {"zone": "X500"}}, {"type": "Feature", "geometry": {"type": "Polygon", "coordinates": [[[-89.7966, 35.2898], [-89.7968, 35.2901], [-89.7971, 35.2898], [-89.7966, 35.2898]]]}, "properties": {"zone": "X500"}}, {"type": "Feature", "geometry": {"type": "Polygon", "coordinates": [[[-89.7541, 35.2907], [-89.7552, 35.292], [-89.7558, 35.2924], [-89.7558, 35.2932], [-89.7552, 35.2941], [-89.7559, 35.2942], [-89.7567, 35.2935], [-89.7567, 35.2942], [-89.7565, 35.2948], [-89.7576, 35.2942], [-89.7584, 35.294], [-89.7593, 35.2939], [-89.7595, 35.2938], [-89.7597, 35.2929], [-89.7594, 35.2927], [-89.7582, 35.2932], [-89.7585, 35.2934], [-89.7577, 35.294], [-89.757, 35.2941], [-89.7568, 35.294], [-89.7568, 35.2935], [-89.7566, 35.2935], [-89.7564, 35.2937], [-89.7558, 35.2936], [-89.7564, 35.2932], [-89.7565, 35.2926], [-89.756, 35.2921], [-89.7551, 35.2917], [-89.7541, 35.2907]]]}, "properties": {"zone": "X500"}}, {"type": "Feature", "geometry": {"type": "Polygon", "coordinates": [[[-89.7977, 35.3146], [-89.7984, 35.3143], [-89.7986, 35.314], [-89.7987, 35.3138], [-89.7986, 35.3132], [-89.7982, 35.3134], [-89.7982, 35.3135], [-89.7985, 35.3137], [-89.7986, 35.314], [-89.7977, 35.3146]]]}, "properties": {"zone": "X500"}}, {"type": "Feature", "geometry": {"type": "Polygon", "coordinates": [[[-89.7907, 35.3156], [-89.7896, 35.3156], [-89.7912, 35.3162], [-89.7907, 35.3156]]]}, "properties": {"zone": "X500"}}, {"type": "Feature", "geometry": {"type": "Polygon", "coordinates": [[[-89.7811, 35.3196], [-89.7809, 35.3203], [-89.7816, 35.32], [-89.782, 35.3193], [-89.7813, 35.3193], [-89.7811, 35.3196]]]}, "properties": {"zone": "X500"}}, {"type": "Feature", "geometry": {"type": "Polygon", "coordinates": [[[-89.7911, 35.3341], [-89.7911, 35.3355], [-89.7913, 35.3355], [-89.7919, 35.3345], [-89.7927, 35.3338], [-89.7929, 35.3334], [-89.793, 35.3326], [-89.7926, 35.3317], [-89.7929, 35.331], [-89.7932, 35.331], [-89.794, 35.33], [-89.7948, 35.3296], [-89.7951, 35.33], [-89.796, 35.3304], [-89.7966, 35.3297], [-89.7956, 35.3297], [-89.7947, 35.3293], [-89.7943, 35.3286], [-89.7937, 35.3286], [-89.7937, 35.3291], [-89.7934, 35.3292], [-89.7931, 35.3298], [-89.793, 35.3306], [-89.7926, 35.3311], [-89.7923, 35.3317], [-89.7925, 35.3325], [-89.7928, 35.3329], [-89.7927, 35.3335], [-89.7923, 35.3339], [-89.7913, 35.3344], [-89.7911, 35.3341]]]}, "properties": {"zone": "X500"}}, {"type": "Feature", "geometry": {"type": "Polygon", "coordinates": [[[-89.8025, 35.3304], [-89.802, 35.3304], [-89.8009, 35.3307], [-89.8011, 35.3313], [-89.8017, 35.3318], [-89.8024, 35.3316], [-89.8027, 35.3318], [-89.8023, 35.3329], [-89.8026, 35.3332], [-89.8028, 35.3342], [-89.8035, 35.3339], [-89.8039, 35.3333], [-89.8054, 35.3331], [-89.8054, 35.3328], [-89.805, 35.3321], [-89.804, 35.3321], [-89.8038, 35.3317], [-89.8028, 35.3317], [-89.8021, 35.3312], [-89.8025, 35.3304]]]}, "properties": {"zone": "X500"}}, {"type": "Feature", "geometry": {"type": "Polygon", "coordinates": [[[-89.7755, 35.3347], [-89.7754, 35.3352], [-89.776, 35.3358], [-89.7761, 35.3351], [-89.7755, 35.3347]]]}, "properties": {"zone": "X500"}}, {"type": "Feature", "geometry": {"type": "Polygon", "coordinates": [[[-89.8021, 35.336], [-89.8018, 35.3361], [-89.8016, 35.3364], [-89.8007, 35.3371], [-89.8006, 35.3374], [-89.7993, 35.3372], [-89.7979, 35.3378], [-89.7978, 35.3385], [-89.7975, 35.339], [-89.7972, 35.3406], [-89.7969, 35.3409], [-89.7968, 35.3422], [-89.7964, 35.3427], [-89.7965, 35.3434], [-89.7976, 35.3437], [-89.7984, 35.3432], [-89.7988, 35.3433], [-89.8007, 35.3426], [-89.8007, 35.342], [-89.8013, 35.342], [-89.8017, 35.3418], [-89.8014, 35.3414], [-89.8012, 35.3406], [-89.8004, 35.3409], [-89.8, 35.3414], [-89.7992, 35.3413], [-89.7986, 35.3407], [-89.7988, 35.3403], [-89.7993, 35.3402], [-89.7996, 35.3397], [-89.799, 35.3394], [-89.7984, 35.3389], [-89.7979, 35.3396], [-89.7978, 35.3388], [-89.7989, 35.3385], [-89.7994, 35.3379], [-89.7998, 35.3388], [-89.8007, 35.3387], [-89.801, 35.3393], [-89.8015, 35.3389], [-89.8019, 35.3397], [-89.8015, 35.3404], [-89.8018, 35.3413], [-89.8029, 35.3413], [-89.8029, 35.3409], [-89.8023, 35.3403], [-89.8023, 35.3397], [-89.8028, 35.3395], [-89.8035, 35.34], [-89.8034, 35.3384], [-89.8024, 35.3379], [-89.8025, 35.3376], [-89.8022, 35.3371], [-89.8022, 35.3368], [-89.8018, 35.3362], [-89.8021, 35.336]]]}, "properties": {"zone": "X500"}}, {"type": "Feature", "geometry": {"type": "Polygon", "coordinates": [[[-89.8039, 35.3387], [-89.8038, 35.339], [-89.8038, 35.3398], [-89.8034, 35.3401], [-89.8029, 35.3396], [-89.8024, 35.3401], [-89.8032, 35.3409], [-89.8033, 35.3414], [-89.8025, 35.3422], [-89.8017, 35.3427], [-89.8015, 35.3431], [-89.8009, 35.3434], [-89.8014, 35.3437], [-89.8017, 35.3436], [-89.8028, 35.343], [-89.8031, 35.3426], [-89.8039, 35.342], [-89.8041, 35.3415], [-89.8046, 35.3409], [-89.8053, 35.3407], [-89.8058, 35.3398], [-89.8059, 35.3393], [-89.8053, 35.3392], [-89.8045, 35.3388], [-89.8042, 35.3395], [-89.8038, 35.3391], [-89.8039, 35.3387]]]}, "properties": {"zone": "X500"}}, {"type": "Feature", "geometry": {"type": "Polygon", "coordinates": [[[-89.8016, 35.3438], [-89.8017, 35.344], [-89.8053, 35.3423], [-89.8048, 35.3423], [-89.8043, 35.3427], [-89.802, 35.3437], [-89.8016, 35.3438]]]}, "properties": {"zone": "X500"}}, {"type": "Feature", "geometry": {"type": "Polygon", "coordinates": [[[-89.7959, 35.347], [-89.7957, 35.3462], [-89.7958, 35.3457], [-89.7963, 35.3443], [-89.797, 35.3439], [-89.7957, 35.3438], [-89.7953, 35.3461], [-89.7953, 35.3467], [-89.7959, 35.347]]]}, "properties": {"zone": "X500"}}, {"type": "Feature", "geometry": {"type": "Polygon", "coordinates": [[[-89.7597, 35.3497], [-89.7609, 35.3517], [-89.7608, 35.3509], [-89.7598, 35.3495], [-89.7597, 35.3497]]]}, "properties": {"zone": "X500"}}, {"type": "Feature", "geometry": {"type": "Polygon", "coordinates": [[[-89.7947, 35.3511], [-89.7952, 35.3503], [-89.7952, 35.3495], [-89.7945, 35.3491], [-89.7941, 35.3492], [-89.7943, 35.3502], [-89.7937, 35.3508], [-89.7935, 35.3522], [-89.7934, 35.3525], [-89.7927, 35.3528], [-89.7921, 35.3534], [-89.7916, 35.3537], [-89.7915, 35.3553], [-89.792, 35.3554], [-89.7927, 35.3553], [-89.7927, 35.3546], [-89.7931, 35.3544], [-89.794, 35.3548], [-89.7942, 35.354], [-89.7959, 35.3536], [-89.7964, 35.3538], [-89.7968, 35.3535], [-89.797, 35.3528], [-89.7974, 35.3525], [-89.7981, 35.3527], [-89.7986, 35.3518], [-89.7991, 35.3517], [-89.7999, 35.3517], [-89.8004, 35.3522], [-89.8001, 35.3528], [-89.8004, 35.3531], [-89.8009, 35.3529], [-89.8012, 35.3523], [-89.8024, 35.3515], [-89.8021, 35.3511], [-89.8023, 35.3506], [-89.8022, 35.3502], [-89.8025, 35.3499], [-89.8022, 35.3496], [-89.8009, 35.3496], [-89.8003, 35.3497], [-89.7999, 35.3501], [-89.7995, 35.35], [-89.7997, 35.3492], [-89.7992, 35.3492], [-89.7991, 35.3497], [-89.7987, 35.35], [-89.798, 35.3508], [-89.7976, 35.3504], [-89.797, 35.3505], [-89.7968, 35.3501], [-89.7963, 35.3502], [-89.7964, 35.3506], [-89.7959, 35.3512], [-89.7952, 35.3515], [-89.795, 35.3519], [-89.7943, 35.3517], [-89.7947, 35.3511]]]}, "properties": {"zone": "X500"}}, {"type": "Feature", "geometry": {"type": "Polygon", "coordinates": [[[-89.7919, 35.3572], [-89.7921, 35.3576], [-89.7927, 35.3578], [-89.7945, 35.3576], [-89.7942, 35.3567], [-89.7932, 35.3561], [-89.7925, 35.3559], [-89.7921, 35.3564], [-89.7919, 35.3572]], [[-89.7941, 35.3567], [-89.7944, 35.3574], [-89.7936, 35.3577], [-89.7923, 35.3576], [-89.792, 35.357], [-89.7922, 35.3566], [-89.7928, 35.3562], [-89.7932, 35.3562], [-89.7941, 35.3567]]]}, "properties": {"zone": "X500"}}, {"type": "Feature", "geometry": {"type": "Polygon", "coordinates": [[[-89.7553, 35.3596], [-89.756, 35.3588], [-89.757, 35.3567], [-89.7572, 35.3554], [-89.7568, 35.3553], [-89.7569, 35.3567], [-89.756, 35.3585], [-89.7553, 35.3596]]]}, "properties": {"zone": "X500"}}, {"type": "Feature", "geometry": {"type": "Polygon", "coordinates": [[[-89.7924, 35.3582], [-89.7918, 35.3583], [-89.7919, 35.3593], [-89.7923, 35.3597], [-89.7922, 35.3602], [-89.7923, 35.3611], [-89.7927, 35.3617], [-89.7931, 35.3622], [-89.7933, 35.3627], [-89.7931, 35.3636], [-89.7934, 35.3643], [-89.7958, 35.3646], [-89.7971, 35.3646], [-89.7972, 35.3642], [-89.7969, 35.3636], [-89.7964, 35.363], [-89.7952, 35.3635], [-89.7953, 35.3631], [-89.7944, 35.362], [-89.7949, 35.3618], [-89.7937, 35.3613], [-89.7932, 35.3606], [-89.7926, 35.3605], [-89.7924, 35.3601], [-89.7926, 35.3595], [-89.7927, 35.3588], [-89.7924, 35.3582]]]}, "properties": {"zone": "X500"}}, {"type": "Feature", "geometry": {"type": "Polygon", "coordinates": [[[-89.8025, 35.3654], [-89.7999, 35.3651], [-89.7958, 35.3647], [-89.7937, 35.3645], [-89.7935, 35.365], [-89.7939, 35.3653], [-89.7939, 35.3657], [-89.793, 35.3662], [-89.7937, 35.3688], [-89.7945, 35.369], [-89.7947, 35.37], [-89.7951, 35.3701], [-89.7954, 35.3698], [-89.7958, 35.3702], [-89.7965, 35.3702], [-89.797, 35.3705], [-89.7968, 35.371], [-89.7972, 35.3711], [-89.7971, 35.3716], [-89.7976, 35.372], [-89.7973, 35.3729], [-89.7975, 35.3733], [-89.798, 35.373], [-89.7977, 35.3725], [-89.7979, 35.372], [-89.7973, 35.3714], [-89.7976, 35.3707], [-89.7965, 35.3699], [-89.7962, 35.3699], [-89.7961, 35.369], [-89.7955, 35.3689], [-89.7951, 35.3685], [-89.7942, 35.3684], [-89.7947, 35.3677], [-89.7952, 35.3676], [-89.7955, 35.3665], [-89.796, 35.3671], [-89.7968, 35.3664], [-89.7972, 35.3664], [-89.7976, 35.3658], [-89.7983, 35.3652], [-89.7986, 35.365], [-89.7999, 35.3651], [-89.8016, 35.3655], [-89.8025, 35.3654]]]}, "properties": {"zone": "X500"}}, {"type": "Feature", "geometry": {"type": "Polygon", "coordinates": [[[-89.7553, 35.3704], [-89.7552, 35.3704], [-89.7561, 35.3717], [-89.7573, 35.3724], [-89.757, 35.3719], [-89.7561, 35.3715], [-89.7558, 35.3712], [-89.7553, 35.3704]]]}, "properties": {"zone": "X500"}}, {"type": "Feature", "geometry": {"type": "Polygon", "coordinates": [[[-89.7963, 35.3735], [-89.7962, 35.374], [-89.7965, 35.3746], [-89.7968, 35.3747], [-89.7976, 35.3756], [-89.798, 35.3758], [-89.7982, 35.3769], [-89.7988, 35.3765], [-89.7994, 35.3765], [-89.7999, 35.3771], [-89.8002, 35.3782], [-89.7998, 35.379], [-89.8003, 35.379], [-89.8002, 35.3782], [-89.7999, 35.3768], [-89.7993, 35.3762], [-89.7983, 35.3768], [-89.7984, 35.3763], [-89.7982, 35.3758], [-89.7976, 35.3755], [-89.7969, 35.3748], [-89.7965, 35.3745], [-89.7963, 35.3735]]]}, "properties": {"zone": "X500"}}, {"type": "Feature", "geometry": {"type": "Polygon", "coordinates": [[[-89.7505, 35.0008], [-89.751, 35.0004], [-89.7511, 34.9999], [-89.7508, 34.9996], [-89.7503, 34.9999], [-89.7509, 35.0001], [-89.7505, 35.0008]]]}, "properties": {"zone": "X500"}}, {"type": "Feature", "geometry": {"type": "Polygon", "coordinates": [[[-89.7433, 34.9999], [-89.7431, 35.0002], [-89.7421, 35.0009], [-89.7425, 35.0015], [-89.7429, 35.0011], [-89.7433, 35.0003], [-89.7433, 34.9999]]]}, "properties": {"zone": "X500"}}, {"type": "Feature", "geometry": {"type": "Polygon", "coordinates": [[[-89.7462, 35.006], [-89.7469, 35.006], [-89.7476, 35.0058], [-89.7471, 35.005], [-89.7468, 35.006], [-89.7462, 35.006]]]}, "properties": {"zone": "X500"}}, {"type": "Feature", "geometry": {"type": "Polygon", "coordinates": [[[-89.741, 35.004], [-89.7409, 35.0039], [-89.7401, 35.0041], [-89.7402, 35.0042], [-89.741, 35.004]]]}, "properties": {"zone": "X500"}}, {"type": "Feature", "geometry": {"type": "Polygon", "coordinates": [[[-89.7472, 35.0083], [-89.7464, 35.0082], [-89.7465, 35.0084], [-89.7462, 35.0086], [-89.7456, 35.0083], [-89.745, 35.0085], [-89.745, 35.008], [-89.7446, 35.0079], [-89.7444, 35.0088], [-89.7451, 35.0091], [-89.745, 35.0094], [-89.7442, 35.01], [-89.7433, 35.0103], [-89.7424, 35.0104], [-89.7426, 35.0108], [-89.7433, 35.0111], [-89.7426, 35.0116], [-89.7428, 35.0121], [-89.7425, 35.0128], [-89.7431, 35.013], [-89.7436, 35.0127], [-89.7431, 35.0123], [-89.7431, 35.0113], [-89.7434, 35.0111], [-89.7426, 35.0107], [-89.7427, 35.0104], [-89.7436, 35.0103], [-89.745, 35.0099], [-89.7452, 35.0093], [-89.7452, 35.0091], [-89.7447, 35.0089], [-89.7455, 35.0084], [-89.7463, 35.0086], [-89.7465, 35.0086], [-89.7472, 35.0083]]]}, "properties": {"zone": "X500"}}, {"type": "Feature", "geometry": {"type": "Polygon", "coordinates": [[[-89.7406, 35.0253], [-89.7416, 35.0256], [-89.7426, 35.0259], [-89.7437, 35.026], [-89.7435, 35.0256], [-89.7438, 35.0252], [-89.7437, 35.0246], [-89.7432, 35.0235], [-89.7424, 35.0228], [-89.7422, 35.021], [-89.7423, 35.0207], [-89.7418, 35.0201], [-89.7413, 35.0198], [-89.7419, 35.0193], [-89.7416, 35.018], [-89.7421, 35.0173], [-89.7418, 35.017], [-89.7414, 35.0174], [-89.7416, 35.0176], [-89.7415, 35.0182], [-89.7417, 35.0192], [-89.7413, 35.0198], [-89.7418, 35.0202], [-89.7417, 35.0206], [-89.7422, 35.0207], [-89.7417, 35.0213], [-89.7413, 35.0215], [-89.7414, 35.0222], [-89.7422, 35.0222], [-89.7421, 35.0228], [-89.743, 35.0237], [-89.7433, 35.0252], [-89.7432, 35.0258], [-89.7424, 35.0255], [-89.7416, 35.0256], [-89.7414, 35.0254], [-89.7406, 35.0253]]]}, "properties": {"zone": "X500"}}, {"type": "Feature", "geometry": {"type": "Polygon", "coordinates": [[[-89.7436, 35.0267], [-89.745, 35.0271], [-89.7454, 35.0274], [-89.7472, 35.0276], [-89.7479, 35.028], [-89.7494, 35.0283], [-89.7514, 35.0283], [-89.7528, 35.0284], [-89.7557, 35.0282], [-89.7564, 35.0288], [-89.7572, 35.0298], [-89.7576, 35.03], [-89.7576, 35.0305], [-89.7581, 35.0306], [-89.7584, 35.0309], [-89.759, 35.0311], [-89.7592, 35.0309], [-89.7593, 35.0302], [-89.7593, 35.0295], [-89.7595, 35.0292], [-89.7594, 35.0284], [-89.7592, 35.0281], [-89.7552, 35.0277], [-89.7547, 35.0282], [-89.7534, 35.0283], [-89.752, 35.0281], [-89.7509, 35.0281], [-89.7494, 35.0282], [-89.748, 35.0277], [-89.7478, 35.0275], [-89.7463, 35.0273], [-89.7436, 35.0267]]]}, "properties": {"zone": "X500"}}, {"type": "Feature", "geometry": {"type": "Polygon", "coordinates": [[[-89.7356, 35.0315], [-89.7342, 35.0313], [-89.7335, 35.0315], [-89.7333, 35.0311], [-89.7325, 35.0311], [-89.7321, 35.0305], [-89.7306, 35.0304], [-89.73, 35.0297], [-89.7292, 35.0295], [-89.7279, 35.0299], [-89.7275, 35.03], [-89.7265, 35.0294], [-89.7276, 35.0291], [-89.7276, 35.0288], [-89.728, 35.0278], [-89.7274, 35.028], [-89.7271, 35.0279], [-89.727, 35.0277], [-89.7267, 35.0276], [-89.7258, 35.0278], [-89.7246, 35.0282], [-89.7245, 35.0289], [-89.725, 35.0301], [-89.7264, 35.0301], [-89.7267, 35.0304], [-89.7276, 35.0307], [-89.7282, 35.0305], [-89.7285, 35.0302], [-89.7291, 35.03], [-89.7296, 35.0302], [-89.7296, 35.0307], [-89.7301, 35.0307], [-89.7315, 35.0311], [-89.7318, 35.0315], [-89.7327, 35.0316], [-89.7333, 35.0318], [-89.734, 35.0315], [-89.7347, 35.0317], [-89.7352, 35.0316], [-89.7368, 35.0318], [-89.7368, 35.0322], [-89.7363, 35.0332], [-89.7363, 35.0343], [-89.7365, 35.035], [-89.7371, 35.0354], [-89.737, 35.0357], [-89.7385, 35.0356], [-89.7381, 35.036], [-89.7379, 35.0365], [-89.7374, 35.0366], [-89.7374, 35.0371], [-89.7382, 35.0371], [-89.7381, 35.0377], [-89.7374, 35.0382], [-89.7369, 35.0372], [-89.7366, 35.0379], [-89.7366, 35.0386], [-89.7362, 35.0396], [-89.7362, 35.0406], [-89.7368, 35.0407], [-89.7379, 35.0399], [-89.7383, 35.0394], [-89.7388, 35.0395], [-89.7398, 35.0389], [-89.7397, 35.0385], [-89.7402, 35.0384], [-89.7398, 35.0376], [-89.7398, 35.037], [-89.7404, 35.0364], [-89.7415, 35.0364], [-89.7431, 35.0369], [-89.7434, 35.0368], [-89.7442, 35.0371], [-89.7463, 35.0362], [-89.7468, 35.0354], [-89.7474, 35.0355], [-89.7476, 35.0359], [-89.7483, 35.0357], [-89.7487, 35.036], [-89.7495, 35.0358], [-89.7501, 35.0354], [-89.752, 35.0351], [-89.7524, 35.0351], [-89.753, 35.0354], [-89.7539, 35.0356], [-89.7542, 35.0359], [-89.7548, 35.036], [-89.7554, 35.0368], [-89.7555, 35.0372], [-89.7566, 35.0369], [-89.7572, 35.037], [-89.7578, 35.0369], [-89.7583, 35.037], [-89.759, 35.0366], [-89.7595, 35.0365], [-89.7594, 35.0359], [-89.7587, 35.0364], [-89.7581, 35.0361], [-89.7567, 35.0359], [-89.7561, 35.0362], [-89.7556, 35.0361], [-89.7551, 35.0356], [-89.7547, 35.0354], [-89.7533, 35.0352], [-89.7526, 35.035], [-89.7519, 35.0349], [-89.7505, 35.0353], [-89.7499, 35.0352], [-89.7496, 35.0356], [-89.7486, 35.0356], [-89.7477, 35.0353], [-89.7466, 35.0353], [-89.746, 35.0361], [-89.7452, 35.0362], [-89.7443, 35.0368], [-89.7434, 35.0365], [-89.742, 35.0362], [-89.7418, 35.0353], [-89.7413, 35.035], [-89.7413, 35.0347], [-89.7409, 35.0345], [-89.7407, 35.0349], [-89.7399, 35.0345], [-89.7391, 35.0348], [-89.7391, 35.0354], [-89.7388, 35.0358], [-89.7381, 35.0363], [-89.7388, 35.0351], [-89.7381, 35.0353], [-89.737, 35.0352], [-89.7366, 35.0347], [-89.7365, 35.0337], [-89.7365, 35.033], [-89.7369, 35.0322], [-89.7369, 35.0319], [-89.7361, 35.0315], [-89.7356, 35.0315]]]}, "properties": {"zone": "X500"}}, {"type": "Feature", "geometry": {"type": "Polygon", "coordinates": [[[-89.741, 35.0703], [-89.7407, 35.0704], [-89.7405, 35.0708], [-89.7406, 35.0711], [-89.7404, 35.0714], [-89.7405, 35.0716], [-89.7402, 35.072], [-89.7404, 35.0723], [-89.7406, 35.0717], [-89.7405, 35.0713], [-89.7407, 35.0711], [-89.7407, 35.0708], [-89.741, 35.0703]]]}, "properties": {"zone": "X500"}}, {"type": "Feature", "geometry": {"type": "Polygon", "coordinates": [[[-89.7406, 35.0776], [-89.7407, 35.0776], [-89.7408, 35.0774], [-89.7409, 35.077], [-89.7409, 35.0769], [-89.7413, 35.0761], [-89.7416, 35.0759], [-89.7421, 35.0762], [-89.7425, 35.0747], [-89.7438, 35.0742], [-89.7424, 35.0743], [-89.7421, 35.0738], [-89.7413, 35.0745], [-89.7418, 35.0747], [-89.7425, 35.0745], [-89.7422, 35.0752], [-89.7421, 35.0758], [-89.7415, 35.0754], [-89.7408, 35.0763], [-89.7408, 35.077], [-89.7409, 35.0772], [-89.7406, 35.0776]]]}, "properties": {"zone": "X500"}}, {"type": "Feature", "geometry": {"type": "Polygon", "coordinates": [[[-89.7402, 35.0798], [-89.7409, 35.0799], [-89.7412, 35.0794], [-89.7405, 35.0794], [-89.7402, 35.0798]]]}, "properties": {"zone": "X500"}}, {"type": "Feature", "geometry": {"type": "Polygon", "coordinates": [[[-89.7402, 35.0872], [-89.7401, 35.0873], [-89.7402, 35.0879], [-89.7399, 35.0885], [-89.7402, 35.0894], [-89.7398, 35.0901], [-89.7399, 35.091], [-89.7393, 35.0917], [-89.7389, 35.0938], [-89.7389, 35.0946], [-89.7393, 35.095], [-89.7393, 35.0939], [-89.7391, 35.0933], [-89.7392, 35.0925], [-89.7397, 35.0922], [-89.7399, 35.091], [-89.7399, 35.0903], [-89.7402, 35.0894], [-89.74, 35.0884], [-89.7402, 35.0881], [-89.7402, 35.0873], [-89.7405, 35.0872], [-89.7404, 35.0868], [-89.7402, 35.0864], [-89.7403, 35.0862], [-89.7402, 35.0862], [-89.7404, 35.0859], [-89.7404, 35.0857], [-89.74, 35.0848], [-89.7397, 35.0849], [-89.7399, 35.0858], [-89.7403, 35.0857], [-89.7402, 35.0859], [-89.74, 35.0862], [-89.7402, 35.0863], [-89.7402, 35.0865], [-89.7401, 35.0867], [-89.7402, 35.0872]]]}, "properties": {"zone": "X500"}}, {"type": "Feature", "geometry": {"type": "Polygon", "coordinates": [[[-89.741, 35.1024], [-89.7411, 35.1031], [-89.7417, 35.1031], [-89.7424, 35.1027], [-89.7427, 35.1023], [-89.7437, 35.1021], [-89.7436, 35.1024], [-89.7443, 35.1023], [-89.7446, 35.1017], [-89.7445, 35.1011], [-89.7443, 35.1006], [-89.7435, 35.1002], [-89.7432, 35.1005], [-89.7426, 35.1003], [-89.7419, 35.1004], [-89.7417, 35.1008], [-89.7419, 35.1011], [-89.7428, 35.1013], [-89.7435, 35.1017], [-89.7424, 35.1023], [-89.7415, 35.1021], [-89.7414, 35.1018], [-89.7407, 35.1019], [-89.741, 35.1024]]]}, "properties": {"zone": "X500"}}, {"type": "Feature", "geometry": {"type": "Polygon", "coordinates": [[[-89.7432, 35.0998], [-89.7445, 35.1005], [-89.7447, 35.101], [-89.7453, 35.1015], [-89.7457, 35.103], [-89.7467, 35.1028], [-89.7479, 35.1042], [-89.7485, 35.1045], [-89.7497, 35.1045], [-89.7502, 35.1044], [-89.7496, 35.1039], [-89.7488, 35.1039], [-89.7486, 35.1042], [-89.748, 35.104], [-89.7476, 35.1037], [-89.7479, 35.1033], [-89.7484, 35.1029], [-89.7482, 35.1025], [-89.7472, 35.1026], [-89.7467, 35.1024], [-89.7462, 35.1028], [-89.7456, 35.1024], [-89.7454, 35.1015], [-89.7451, 35.1012], [-89.745, 35.1007], [-89.7446, 35.1004], [-89.7446, 35.0997], [-89.7444, 35.0995], [-89.7432, 35.0998]]]}, "properties": {"zone": "X500"}}, {"type": "Feature", "geometry": {"type": "Polygon", "coordinates": [[[-89.7421, 35.1055], [-89.7434, 35.1056], [-89.7444, 35.1052], [-89.7448, 35.1049], [-89.744, 35.1045], [-89.7414, 35.1051], [-89.7421, 35.1055]]]}, "properties": {"zone": "X500"}}, {"type": "Feature", "geometry": {"type": "Polygon", "coordinates": [[[-89.7495, 35.1215], [-89.7505, 35.1221], [-89.7511, 35.1227], [-89.7519, 35.1233], [-89.7526, 35.1235], [-89.7526, 35.1219], [-89.7524, 35.1214], [-89.7522, 35.1203], [-89.7515, 35.1198], [-89.7509, 35.1205], [-89.751, 35.1214], [-89.7509, 35.1219], [-89.7526, 35.1234], [-89.752, 35.1233], [-89.7502, 35.1219], [-89.7495, 35.1215]]]}, "properties": {"zone": "X500"}}, {"type": "Feature", "geometry": {"type": "Polygon", "coordinates": [[[-89.7455, 35.1211], [-89.746, 35.1223], [-89.7455, 35.1241], [-89.7446, 35.1248], [-89.7439, 35.1256], [-89.7433, 35.1256], [-89.7427, 35.1265], [-89.7428, 35.1271], [-89.7423, 35.1276], [-89.7408, 35.1289], [-89.7392, 35.1292], [-89.7387, 35.1287], [-89.7386, 35.1297], [-89.7386, 35.1304], [-89.7385, 35.1305], [-89.7385, 35.1309], [-89.7387, 35.1316], [-89.7388, 35.1319], [-89.739, 35.1318], [-89.7391, 35.1317], [-89.739, 35.1314], [-89.7394, 35.1306], [-89.7392, 35.1302], [-89.7387, 35.1302], [-89.7386, 35.1294], [-89.7408, 35.1289], [-89.7415, 35.1287], [-89.7428, 35.1278], [-89.7438, 35.1272], [-89.7439, 35.1266], [-89.7434, 35.1257], [-89.744, 35.1256], [-89.7456, 35.124], [-89.7461, 35.1227], [-89.746, 35.1218], [-89.7455, 35.1211]], [[-89.7389, 35.1318], [-89.7387, 35.1316], [-89.7386, 35.1311], [-89.739, 35.1311], [-89.7387, 35.1314], [-89.739, 35.1315], [-89.7391, 35.1317], [-89.7389, 35.1318]]]}, "properties": {"zone": "X500"}}, {"type": "Feature", "geometry": {"type": "Polygon", "coordinates": [[[-89.7393, 35.1317], [-89.7398, 35.1313], [-89.7408, 35.1315], [-89.7412, 35.1313], [-89.7393, 35.1312], [-89.7393, 35.1317]]]}, "properties": {"zone": "X500"}}, {"type": "Feature", "geometry": {"type": "Polygon", "coordinates": [[[-89.74, 35.1359], [-89.7399, 35.1353], [-89.7398, 35.1352], [-89.7397, 35.1351], [-89.7397, 35.135], [-89.7397, 35.1349], [-89.7396, 35.1348], [-89.7396, 35.1347], [-89.7395, 35.1344], [-89.7395, 35.1343], [-89.7394, 35.1341], [-89.7394, 35.134], [-89.7392, 35.1335], [-89.7396, 35.1333], [-89.7398, 35.1339], [-89.7397, 35.1346], [-89.7404, 35.1353], [-89.7408, 35.1361], [-89.7419, 35.1367], [-89.7428, 35.1376], [-89.743, 35.137], [-89.7435, 35.1366], [-89.7445, 35.1369], [-89.7434, 35.1375], [-89.7439, 35.1381], [-89.7439, 35.1388], [-89.7441, 35.1392], [-89.744, 35.1397], [-89.7445, 35.1402], [-89.7435, 35.1402], [-89.744, 35.1396], [-89.7438, 35.1388], [-89.7431, 35.1382], [-89.743, 35.1382], [-89.7427, 35.1383], [-89.7429, 35.1389], [-89.7427, 35.139], [-89.7426, 35.1391], [-89.7425, 35.1391], [-89.7424, 35.139], [-89.7422, 35.1389], [-89.7419, 35.1387], [-89.7418, 35.1387], [-89.7416, 35.1387], [-89.7415, 35.1387], [-89.7414, 35.1388], [-89.7413, 35.1389], [-89.7413, 35.139], [-89.7414, 35.1391], [-89.742, 35.1392], [-89.7423, 35.1394], [-89.7426, 35.1401], [-89.7439, 35.1402], [-89.7436, 35.1409], [-89.7443, 35.1411], [-89.7447, 35.1408], [-89.7449, 35.14], [-89.744, 35.1397], [-89.7441, 35.1392], [-89.7439, 35.1388], [-89.7441, 35.1384], [-89.7438, 35.1377], [-89.7442, 35.1375], [-89.7445, 35.1371], [-89.7447, 35.1363], [-89.7441, 35.136], [-89.7436, 35.1356], [-89.744, 35.135], [-89.7435, 35.134], [-89.7428, 35.1336], [-89.742, 35.134], [-89.7415, 35.1339], [-89.7417, 35.133], [-89.7425, 35.1328], [-89.7434, 35.1315], [-89.7434, 35.1307], [-89.7424, 35.1303], [-89.7423, 35.13], [-89.7415, 35.1291], [-89.7409, 35.1292], [-89.7413, 35.1299], [-89.7424, 35.1306], [-89.7427, 35.1314], [-89.7426, 35.1317], [-89.742, 35.1319], [-89.7417, 35.1322], [-89.7418, 35.1329], [-89.7412, 35.1329], [-89.7414, 35.1337], [-89.7412, 35.1343], [-89.7407, 35.1338], [-89.74, 35.1337], [-89.7398, 35.1333], [-89.7392, 35.1331], [-89.7392, 35.1335], [-89.7394, 35.134], [-89.7394, 35.1341], [-89.7395, 35.1343], [-89.7395, 35.1344], [-89.7395, 35.1346], [-89.7396, 35.1347], [-89.7396, 35.1348], [-89.7396, 35.1349], [-89.7397, 35.1349], [-89.7397, 35.135], [-89.7397, 35.1351], [-89.7398, 35.1352], [-89.7399, 35.1353], [-89.74, 35.1359]], [[-89.7432, 35.1398], [-89.7426, 35.1398], [-89.7423, 35.1394], [-89.742, 35.1392], [-89.7414, 35.1391], [-89.7413, 35.139], [-89.7414, 35.1388], [-89.7415, 35.1388], [-89.7416, 35.1387], [-89.7419, 35.1388], [-89.742, 35.1389], [-89.7423, 35.1391], [-89.7426, 35.1391], [-89.7427, 35.1391], [-89.7429, 35.1389], [-89.7427, 35.1383], [-89.743, 35.1382], [-89.7433, 35.1385], [-89.7436, 35.1387], [-89.744, 35.1396], [-89.7436, 35.14], [-89.7432, 35.1398]]]}, "properties": {"zone": "X500"}}, {"type": "Feature", "geometry": {"type": "Polygon", "coordinates": [[[-89.7383, 35.16], [-89.7379, 35.1605], [-89.7378, 35.1613], [-89.7379, 35.1618], [-89.7383, 35.1621], [-89.739, 35.1621], [-89.7386, 35.1615], [-89.7387, 35.1607], [-89.7397, 35.1604], [-89.7401, 35.1611], [-89.7406, 35.1611], [-89.7407, 35.1601], [-89.7397, 35.1598], [-89.74, 35.1596], [-89.7409, 35.1595], [-89.7414, 35.1598], [-89.7416, 35.1595], [-89.7422, 35.1578], [-89.7416, 35.1578], [-89.7417, 35.1574], [-89.7423, 35.1576], [-89.7428, 35.155], [-89.742, 35.1553], [-89.7423, 35.1556], [-89.742, 35.1563], [-89.7422, 35.1566], [-89.7423, 35.1575], [-89.7419, 35.1574], [-89.742, 35.1571], [-89.7416, 35.1573], [-89.7416, 35.1576], [-89.7413, 35.1584], [-89.7408, 35.1594], [-89.7397, 35.1594], [-89.7388, 35.16], [-89.7383, 35.16]], [[-89.7401, 35.1609], [-89.7397, 35.1603], [-89.7399, 35.16], [-89.7407, 35.1602], [-89.7405, 35.161], [-89.7401, 35.1609]]]}, "properties": {"zone": "X500"}}, {"type": "Feature", "geometry": {"type": "Polygon", "coordinates": [[[-89.7431, 35.1618], [-89.7427, 35.1624], [-89.7421, 35.1628], [-89.7422, 35.1631], [-89.743, 35.1625], [-89.7433, 35.1618], [-89.7426, 35.1617], [-89.7426, 35.1616], [-89.743, 35.1613], [-89.7428, 35.1608], [-89.7431, 35.1606], [-89.7432, 35.16], [-89.7428, 35.159], [-89.7431, 35.1586], [-89.7435, 35.1585], [-89.7436, 35.158], [-89.7432, 35.1576], [-89.7437, 35.1572], [-89.7444, 35.1575], [-89.7451, 35.1569], [-89.7444, 35.1564], [-89.7447, 35.1561], [-89.7432, 35.1558], [-89.7429, 35.157], [-89.7438, 35.157], [-89.743, 35.1575], [-89.7427, 35.1582], [-89.7428, 35.1586], [-89.7425, 35.1591], [-89.7429, 35.1595], [-89.7428, 35.1602], [-89.743, 35.1606], [-89.7426, 35.1607], [-89.7428, 35.1612], [-89.7424, 35.1617], [-89.7426, 35.1617], [-89.7431, 35.1618]]]}, "properties": {"zone": "X500"}}, {"type": "Feature", "geometry": {"type": "Polygon", "coordinates": [[[-89.7447, 35.1667], [-89.7441, 35.166], [-89.744, 35.1656], [-89.7442, 35.1645], [-89.7438, 35.1643], [-89.7434, 35.1651], [-89.7435, 35.1661], [-89.7439, 35.1667], [-89.7447, 35.167], [-89.7437, 35.1677], [-89.7435, 35.168], [-89.7432, 35.169], [-89.7415, 35.1699], [-89.7408, 35.171], [-89.7406, 35.1724], [-89.7402, 35.1736], [-89.7402, 35.1747], [-89.7407, 35.1751], [-89.7412, 35.1726], [-89.7414, 35.1714], [-89.7416, 35.1708], [-89.742, 35.1702], [-89.7433, 35.1692], [-89.7436, 35.1689], [-89.7437, 35.1682], [-89.7447, 35.1674], [-89.7455, 35.1672], [-89.7447, 35.1667]]]}, "properties": {"zone": "X500"}}, {"type": "Feature", "geometry": {"type": "Polygon", "coordinates": [[[-89.7521, 35.197], [-89.7519, 35.1976], [-89.7529, 35.197], [-89.7521, 35.197]]]}, "properties": {"zone": "X500"}}, {"type": "Feature", "geometry": {"type": "Polygon", "coordinates": [[[-89.744, 35.2696], [-89.7434, 35.2693], [-89.7432, 35.2697], [-89.7435, 35.2701], [-89.7443, 35.2699], [-89.7446, 35.2699], [-89.7451, 35.2705], [-89.7456, 35.2706], [-89.7461, 35.2703], [-89.7466, 35.2704], [-89.7469, 35.271], [-89.7487, 35.2706], [-89.7484, 35.2703], [-89.7468, 35.2703], [-89.7464, 35.2701], [-89.7456, 35.2704], [-89.7453, 35.2704], [-89.7448, 35.2694], [-89.744, 35.2696]]]}, "properties": {"zone": "X500"}}, {"type": "Feature", "geometry": {"type": "Polygon", "coordinates": [[[-89.7393, 35.2891], [-89.7404, 35.2898], [-89.7409, 35.2903], [-89.741, 35.2911], [-89.7415, 35.2917], [-89.7414, 35.2921], [-89.7428, 35.2919], [-89.7437, 35.2917], [-89.7447, 35.2916], [-89.744, 35.2912], [-89.744, 35.2907], [-89.7435, 35.2907], [-89.7437, 35.2913], [-89.7426, 35.2916], [-89.7419, 35.2912], [-89.7415, 35.2902], [-89.7411, 35.2897], [-89.7405, 35.2895], [-89.74, 35.2891], [-89.7393, 35.2891]]]}, "properties": {"zone": "X500"}}, {"type": "Feature", "geometry": {"type": "Polygon", "coordinates": [[[-89.7527, 35.3325], [-89.7527, 35.332], [-89.7519, 35.3318], [-89.7518, 35.3324], [-89.7527, 35.3325]]]}, "properties": {"zone": "X500"}}, {"type": "Feature", "geometry": {"type": "Polygon", "coordinates": [[[-89.7533, 35.3332], [-89.7527, 35.3328], [-89.7519, 35.3326], [-89.7511, 35.3327], [-89.7533, 35.3332]]]}, "properties": {"zone": "X500"}}, {"type": "Feature", "geometry": {"type": "Polygon", "coordinates": [[[-89.7466, 35.3409], [-89.7467, 35.3406], [-89.7451, 35.3405], [-89.7461, 35.3409], [-89.7464, 35.3418], [-89.745, 35.3414], [-89.7436, 35.3414], [-89.7438, 35.3417], [-89.7463, 35.3421], [-89.7483, 35.3432], [-89.749, 35.3429], [-89.7497, 35.3431], [-89.75, 35.3437], [-89.7498, 35.344], [-89.748, 35.3437], [-89.7468, 35.3438], [-89.7467, 35.3444], [-89.7462, 35.3453], [-89.7453, 35.3454], [-89.744, 35.3448], [-89.7427, 35.3447], [-89.7425, 35.3453], [-89.7431, 35.3459], [-89.744, 35.3464], [-89.744, 35.3471], [-89.7434, 35.3476], [-89.7428, 35.3487], [-89.7437, 35.3493], [-89.7444, 35.3501], [-89.7469, 35.3502], [-89.7491, 35.3502], [-89.7503, 35.3498], [-89.7509, 35.3497], [-89.7514, 35.3499], [-89.7517, 35.3509], [-89.7514, 35.352], [-89.752, 35.3515], [-89.752, 35.3501], [-89.7518, 35.3497], [-89.751, 35.3492], [-89.7498, 35.3493], [-89.749, 35.3497], [-89.7478, 35.35], [-89.747, 35.35], [-89.7463, 35.3498], [-89.7453, 35.3497], [-89.7446, 35.3499], [-89.7444, 35.3496], [-89.7446, 35.3488], [-89.7454, 35.3485], [-89.7453, 35.3479], [-89.7443, 35.3477], [-89.7443, 35.3474], [-89.7452, 35.3471], [-89.745, 35.3465], [-89.7434, 35.3457], [-89.7429, 35.3454], [-89.7431, 35.345], [-89.744, 35.3454], [-89.745, 35.3457], [-89.7459, 35.3457], [-89.7467, 35.3453], [-89.7473, 35.3444], [-89.7479, 35.3441], [-89.7487, 35.3442], [-89.7493, 35.3444], [-89.7503, 35.3442], [-89.7505, 35.3436], [-89.7497, 35.3429], [-89.7482, 35.3427], [-89.7469, 35.3418], [-89.7466, 35.3409]]]}, "properties": {"zone": "X500"}}, {"type": "Feature", "geometry": {"type": "Polygon", "coordinates": [[[-89.7441, 35.3677], [-89.7439, 35.368], [-89.7442, 35.3691], [-89.7446, 35.3702], [-89.7448, 35.3703], [-89.7443, 35.3691], [-89.7441, 35.3686], [-89.7441, 35.3677]]]}, "properties": {"zone": "X500"}}, {"type": "Feature", "geometry": {"type": "Polygon", "coordinates": [[[-89.7514, 35.3627], [-89.7517, 35.3632], [-89.7517, 35.3638], [-89.7514, 35.3654], [-89.7513, 35.3674], [-89.7515, 35.3684], [-89.7522, 35.3711], [-89.7525, 35.3717], [-89.7536, 35.3722], [-89.7536, 35.3721], [-89.7529, 35.3717], [-89.7523, 35.3712], [-89.752, 35.3703], [-89.7515, 35.3679], [-89.7514, 35.3671], [-89.7515, 35.3653], [-89.7518, 35.3636], [-89.7518, 35.3631], [-89.7514, 35.3627]]]}, "properties": {"zone": "X500"}}, {"type": "Feature", "geometry": {"type": "Polygon", "coordinates": [[[-89.7461, 35.3768], [-89.746, 35.3769], [-89.7461, 35.3771], [-89.7462, 35.3775], [-89.7462, 35.378], [-89.7463, 35.3781], [-89.7463, 35.3775], [-89.7462, 35.3771], [-89.7461, 35.3768]]]}, "properties": {"zone": "X500"}}, {"type": "Feature", "geometry": {"type": "Polygon", "coordinates": [[[-89.7253, 34.9961], [-89.7248, 34.996], [-89.7239, 34.9951], [-89.7234, 34.9951], [-89.7243, 34.996], [-89.7246, 34.9965], [-89.7252, 34.9963], [-89.7258, 34.9959], [-89.7261, 34.9961], [-89.7261, 34.9971], [-89.7264, 34.9974], [-89.7264, 34.9955], [-89.7259, 34.9955], [-89.7253, 34.9961]]]}, "properties": {"zone": "X500"}}, {"type": "Feature", "geometry": {"type": "Polygon", "coordinates": [[[-89.7214, 35.0083], [-89.7205, 35.0079], [-89.7204, 35.0082], [-89.7209, 35.0084], [-89.7214, 35.0083]]]}, "properties": {"zone": "X500"}}, {"type": "Feature", "geometry": {"type": "Polygon", "coordinates": [[[-89.7204, 35.0128], [-89.7207, 35.0122], [-89.7203, 35.0121], [-89.7202, 35.0129], [-89.7198, 35.0127], [-89.7177, 35.0127], [-89.7177, 35.013], [-89.7184, 35.013], [-89.7195, 35.0133], [-89.7201, 35.0132], [-89.7204, 35.0128]]]}, "properties": {"zone": "X500"}}, {"type": "Feature", "geometry": {"type": "Polygon", "coordinates": [[[-89.7198, 35.0144], [-89.7198, 35.0148], [-89.7202, 35.0151], [-89.7204, 35.0147], [-89.7198, 35.0144]]]}, "properties": {"zone": "X500"}}, {"type": "Feature", "geometry": {"type": "Polygon", "coordinates": [[[-89.724, 35.0186], [-89.7231, 35.019], [-89.7241, 35.0194], [-89.7248, 35.0195], [-89.7246, 35.0191], [-89.7237, 35.0189], [-89.724, 35.0186]]]}, "properties": {"zone": "X500"}}, {"type": "Feature", "geometry": {"type": "Polygon", "coordinates": [[[-89.7259, 35.0199], [-89.7271, 35.02], [-89.7273, 35.0203], [-89.727, 35.0206], [-89.7275, 35.0214], [-89.7273, 35.0216], [-89.7265, 35.0218], [-89.7259, 35.0223], [-89.7262, 35.0227], [-89.7267, 35.0228], [-89.727, 35.0231], [-89.7273, 35.0237], [-89.7285, 35.0235], [-89.7282, 35.0227], [-89.727, 35.0224], [-89.7275, 35.0215], [-89.7273, 35.0202], [-89.7271, 35.0199], [-89.7268, 35.0198], [-89.7259, 35.0199]]]}, "properties": {"zone": "X500"}}, {"type": "Feature", "geometry": {"type": "Polygon", "coordinates": [[[-89.7236, 35.027], [-89.7233, 35.0273], [-89.7234, 35.0277], [-89.7247, 35.0277], [-89.7273, 35.027], [-89.7271, 35.0267], [-89.7278, 35.0265], [-89.7284, 35.0266], [-89.7288, 35.0256], [-89.7279, 35.0263], [-89.7269, 35.0265], [-89.7262, 35.0264], [-89.7254, 35.0267], [-89.7247, 35.0272], [-89.7242, 35.0269], [-89.7236, 35.027]]]}, "properties": {"zone": "X500"}}, {"type": "Feature", "geometry": {"type": "Polygon", "coordinates": [[[-89.727, 35.0275], [-89.7273, 35.0279], [-89.7278, 35.0277], [-89.7281, 35.0277], [-89.7281, 35.0281], [-89.7286, 35.0285], [-89.729, 35.0282], [-89.7288, 35.0278], [-89.7284, 35.0278], [-89.7278, 35.0274], [-89.727, 35.0275]]]}, "properties": {"zone": "X500"}}, {"type": "Feature", "geometry": {"type": "Polygon", "coordinates": [[[-89.7189, 35.0286], [-89.72, 35.0288], [-89.7207, 35.0287], [-89.7205, 35.0284], [-89.7194, 35.0284], [-89.7189, 35.0286]]]}, "properties": {"zone": "X500"}}, {"type": "Feature", "geometry": {"type": "Polygon", "coordinates": [[[-89.7173, 35.0512], [-89.7172, 35.0517], [-89.7178, 35.0515], [-89.7173, 35.0512]]]}, "properties": {"zone": "X500"}}, {"type": "Feature", "geometry": {"type": "Polygon", "coordinates": [[[-89.7179, 35.0572], [-89.7184, 35.0575], [-89.7183, 35.0579], [-89.719, 35.0583], [-89.719, 35.0573], [-89.7181, 35.0569], [-89.7174, 35.0563], [-89.7176, 35.0554], [-89.7179, 35.0552], [-89.7179, 35.0543], [-89.7175, 35.0545], [-89.7176, 35.0553], [-89.7171, 35.0566], [-89.7176, 35.0565], [-89.7179, 35.0567], [-89.7179, 35.0572]]]}, "properties": {"zone": "X500"}}, {"type": "Feature", "geometry": {"type": "Polygon", "coordinates": [[[-89.7181, 35.0614], [-89.7181, 35.0605], [-89.7185, 35.0599], [-89.7185, 35.0594], [-89.7186, 35.0587], [-89.7181, 35.058], [-89.7182, 35.0577], [-89.7176, 35.0576], [-89.7181, 35.0577], [-89.718, 35.0583], [-89.7184, 35.0589], [-89.7179, 35.0595], [-89.7178, 35.0601], [-89.718, 35.0604], [-89.718, 35.0612], [-89.7181, 35.0614]]]}, "properties": {"zone": "X500"}}, {"type": "Feature", "geometry": {"type": "Polygon", "coordinates": [[[-89.7187, 35.0619], [-89.7192, 35.0619], [-89.7202, 35.0617], [-89.7202, 35.0614], [-89.7187, 35.0619]]]}, "properties": {"zone": "X500"}}, {"type": "Feature", "geometry": {"type": "Polygon", "coordinates": [[[-89.7189, 35.0696], [-89.7193, 35.0696], [-89.7194, 35.0696], [-89.7194, 35.0694], [-89.7193, 35.0689], [-89.7191, 35.0671], [-89.7194, 35.0657], [-89.7191, 35.0654], [-89.719, 35.0643], [-89.7188, 35.0638], [-89.7191, 35.0632], [-89.7188, 35.0628], [-89.7187, 35.0644], [-89.7187, 35.066], [-89.7186, 35.0666], [-89.7191, 35.0675], [-89.7192, 35.069], [-89.7192, 35.0693], [-89.7194, 35.0695], [-89.7189, 35.0696]]]}, "properties": {"zone": "X500"}}, {"type": "Feature", "geometry": {"type": "Polygon", "coordinates": [[[-89.7182, 35.0623], [-89.7175, 35.0626], [-89.7167, 35.0624], [-89.7168, 35.0629], [-89.7166, 35.0634], [-89.7169, 35.064], [-89.7164, 35.0643], [-89.7166, 35.0649], [-89.7162, 35.0651], [-89.7162, 35.0658], [-89.7158, 35.066], [-89.7157, 35.0662], [-89.7157, 35.0667], [-89.7156, 35.0669], [-89.7155, 35.0671], [-89.7155, 35.0675], [-89.7152, 35.0677], [-89.7148, 35.0684], [-89.7151, 35.0689], [-89.7151, 35.0694], [-89.7156, 35.0695], [-89.7161, 35.0696], [-89.7162, 35.0697], [-89.716, 35.0701], [-89.7158, 35.0702], [-89.7159, 35.071], [-89.7163, 35.0712], [-89.7163, 35.0713], [-89.716, 35.0715], [-89.7162, 35.072], [-89.7165, 35.0715], [-89.7168, 35.0715], [-89.7167, 35.0728], [-89.7161, 35.073], [-89.7158, 35.0734], [-89.7165, 35.0738], [-89.7167, 35.0746], [-89.7162, 35.0751], [-89.7159, 35.0761], [-89.7163, 35.0761], [-89.7171, 35.0763], [-89.7175, 35.0754], [-89.7173, 35.0753], [-89.7175, 35.0739], [-89.717, 35.0739], [-89.7163, 35.0731], [-89.7169, 35.0728], [-89.7168, 35.0726], [-89.7169, 35.0717], [-89.7168, 35.0715], [-89.7163, 35.0713], [-89.7163, 35.0712], [-89.7161, 35.0711], [-89.716, 35.0709], [-89.7159, 35.0704], [-89.7162, 35.0698], [-89.7163, 35.0697], [-89.7172, 35.0697], [-89.7173, 35.0696], [-89.7158, 35.0695], [-89.7154, 35.0693], [-89.7152, 35.0678], [-89.7156, 35.0676], [-89.7156, 35.0671], [-89.7157, 35.0668], [-89.7158, 35.0667], [-89.7158, 35.0661], [-89.7168, 35.0658], [-89.7167, 35.0655], [-89.7171, 35.065], [-89.7176, 35.0648], [-89.7175, 35.0645], [-89.7172, 35.0644], [-89.7173, 35.0639], [-89.7168, 35.063], [-89.7176, 35.0632], [-89.7184, 35.0621], [-89.7179, 35.062], [-89.7177, 35.0616], [-89.7181, 35.0614], [-89.718, 35.0612], [-89.7176, 35.0616], [-89.7179, 35.0622], [-89.7182, 35.0623]]]}, "properties": {"zone": "X500"}}, {"type": "Feature", "geometry": {"type": "Polygon", "coordinates": [[[-89.7179, 35.0716], [-89.7181, 35.0718], [-89.7186, 35.0715], [-89.7185, 35.0712], [-89.7192, 35.0712], [-89.7199, 35.0709], [-89.7212, 35.0709], [-89.7215, 35.0706], [-89.722, 35.0709], [-89.7216, 35.0713], [-89.7212, 35.0711], [-89.72, 35.0711], [-89.72, 35.0714], [-89.7206, 35.0713], [-89.7205, 35.0717], [-89.7199, 35.0719], [-89.7193, 35.0725], [-89.719, 35.073], [-89.7185, 35.073], [-89.7188, 35.0723], [-89.7192, 35.0718], [-89.7192, 35.0717], [-89.7192, 35.0715], [-89.719, 35.0714], [-89.7187, 35.0716], [-89.7184, 35.0717], [-89.7181, 35.0719], [-89.7179, 35.072], [-89.718, 35.0733], [-89.7183, 35.0733], [-89.7187, 35.0731], [-89.719, 35.0731], [-89.7191, 35.073], [-89.7193, 35.0725], [-89.72, 35.072], [-89.7206, 35.0717], [-89.7209, 35.0711], [-89.7217, 35.0714], [-89.7226, 35.0712], [-89.7224, 35.0708], [-89.7217, 35.0705], [-89.7207, 35.0706], [-89.7206, 35.0708], [-89.7198, 35.0709], [-89.7192, 35.0711], [-89.7188, 35.0708], [-89.7183, 35.071], [-89.7181, 35.0709], [-89.7179, 35.0711], [-89.7179, 35.0716]], [[-89.7179, 35.0716], [-89.7181, 35.0709], [-89.7186, 35.071], [-89.7185, 35.0712], [-89.7184, 35.0716], [-89.7179, 35.0716]], [[-89.7183, 35.0723], [-89.7179, 35.072], [-89.7181, 35.0719], [-89.7185, 35.0717], [-89.7187, 35.0716], [-89.7191, 35.0715], [-89.7192, 35.0717], [-89.7191, 35.0718], [-89.719, 35.072], [-89.7183, 35.0723]]]}, "properties": {"zone": "X500"}}, {"type": "Feature", "geometry": {"type": "Polygon", "coordinates": [[[-89.7398, 35.0811], [-89.7397, 35.0818], [-89.7394, 35.0821], [-89.7394, 35.0825], [-89.7395, 35.0827], [-89.7394, 35.0829], [-89.7394, 35.0834], [-89.7393, 35.0833], [-89.7391, 35.0836], [-89.7387, 35.0839], [-89.7396, 35.0842], [-89.7394, 35.0854], [-89.7395, 35.0865], [-89.7387, 35.0869], [-89.7391, 35.0872], [-89.7392, 35.0876], [-89.7391, 35.0881], [-89.7383, 35.0882], [-89.738, 35.089], [-89.7376, 35.0893], [-89.7382, 35.0896], [-89.738, 35.0901], [-89.738, 35.0908], [-89.7385, 35.0907], [-89.7391, 35.092], [-89.7389, 35.0928], [-89.7383, 35.0949], [-89.7385, 35.0949], [-89.7387, 35.0937], [-89.739, 35.0925], [-89.7392, 35.0922], [-89.7391, 35.0912], [-89.7388, 35.0907], [-89.7395, 35.0904], [-89.7392, 35.0899], [-89.7396, 35.0891], [-89.7394, 35.0889], [-89.7398, 35.0879], [-89.7392, 35.088], [-89.7391, 35.0873], [-89.7389, 35.0869], [-89.7395, 35.0868], [-89.7395, 35.0855], [-89.7396, 35.0852], [-89.7396, 35.0842], [-89.7393, 35.0837], [-89.7393, 35.0834], [-89.7395, 35.0834], [-89.7395, 35.0832], [-89.7394, 35.0828], [-89.7395, 35.0827], [-89.7394, 35.0822], [-89.7397, 35.0819], [-89.7398, 35.0811]]]}, "properties": {"zone": "X500"}}, {"type": "Feature", "geometry": {"type": "Polygon", "coordinates": [[[-89.7174, 35.0768], [-89.7173, 35.0778], [-89.7165, 35.0791], [-89.7166, 35.0794], [-89.716, 35.0807], [-89.7158, 35.0825], [-89.7151, 35.0837], [-89.7144, 35.0841], [-89.7142, 35.0845], [-89.7147, 35.0852], [-89.7146, 35.0855], [-89.7138, 35.0861], [-89.7136, 35.0867], [-89.714, 35.0876], [-89.7135, 35.0886], [-89.7136, 35.0897], [-89.713, 35.0902], [-89.7116, 35.0906], [-89.7108, 35.0906], [-89.7104, 35.0911], [-89.7101, 35.0919], [-89.7103, 35.0926], [-89.7096, 35.0929], [-89.7089, 35.093], [-89.709, 35.0937], [-89.7085, 35.0938], [-89.7076, 35.0937], [-89.7076, 35.0944], [-89.7099, 35.0957], [-89.7111, 35.0963], [-89.7141, 35.0968], [-89.7175, 35.0971], [-89.7185, 35.0972], [-89.7193, 35.0978], [-89.7204, 35.0982], [-89.7209, 35.0985], [-89.7213, 35.0983], [-89.7215, 35.0992], [-89.7221, 35.0996], [-89.7234, 35.0997], [-89.7236, 35.0991], [-89.7241, 35.0995], [-89.7248, 35.0995], [-89.7264, 35.0992], [-89.7267, 35.099], [-89.7267, 35.0983], [-89.7275, 35.0986], [-89.7279, 35.0985], [-89.7279, 35.098], [-89.7276, 35.0975], [-89.7277, 35.0971], [-89.7275, 35.0958], [-89.728, 35.0956], [-89.7282, 35.0969], [-89.7286, 35.0972], [-89.729, 35.0969], [-89.7292, 35.0975], [-89.7285, 35.0985], [-89.7286, 35.0992], [-89.7289, 35.0994], [-89.7296, 35.0994], [-89.73, 35.0988], [-89.7305, 35.0989], [-89.7308, 35.1011], [-89.7307, 35.1019], [-89.7313, 35.1045], [-89.7315, 35.1062], [-89.7326, 35.1051], [-89.733, 35.1042], [-89.7327, 35.1036], [-89.7335, 35.1031], [-89.7331, 35.1026], [-89.7325, 35.1027], [-89.7318, 35.1021], [-89.7317, 35.1016], [-89.7311, 35.1014], [-89.7309, 35.0997], [-89.7307, 35.0987], [-89.7312, 35.0988], [-89.7317, 35.0996], [-89.732, 35.0997], [-89.7326, 35.0998], [-89.7344, 35.0997], [-89.7348, 35.0995], [-89.7347, 35.0992], [-89.7335, 35.0992], [-89.7332, 35.0995], [-89.7324, 35.0998], [-89.732, 35.0996], [-89.7314, 35.0986], [-89.7311, 35.0982], [-89.7315, 35.098], [-89.7323, 35.0967], [-89.731, 35.0966], [-89.7299, 35.0964], [-89.7298, 35.0958], [-89.7293, 35.0955], [-89.7282, 35.0955], [-89.7286, 35.0951], [-89.7296, 35.095], [-89.7293, 35.0937], [-89.7291, 35.0935], [-89.7284, 35.0934], [-89.7277, 35.094], [-89.7272, 35.0941], [-89.7262, 35.0932], [-89.7256, 35.0936], [-89.7256, 35.0942], [-89.7264, 35.0955], [-89.7275, 35.0955], [-89.7259, 35.0961], [-89.7255, 35.0964], [-89.7259, 35.0972], [-89.7257, 35.0981], [-89.7264, 35.0988], [-89.726, 35.099], [-89.7252, 35.0986], [-89.7251, 35.098], [-89.7246, 35.0979], [-89.7246, 35.0975], [-89.7238, 35.0976], [-89.7225, 35.0981], [-89.7226, 35.0977], [-89.724, 35.0969], [-89.7243, 35.0964], [-89.7253, 35.0961], [-89.7255, 35.0959], [-89.7254, 35.0952], [-89.7246, 35.0945], [-89.7227, 35.094], [-89.7206, 35.093], [-89.7206, 35.0927], [-89.7193, 35.0927], [-89.7188, 35.0924], [-89.7185, 35.0912], [-89.718, 35.0905], [-89.7169, 35.0904], [-89.7156, 35.0904], [-89.7159, 35.0897], [-89.7155, 35.0894], [-89.7149, 35.0885], [-89.7141, 35.088], [-89.7141, 35.0867], [-89.7144, 35.0863], [-89.7155, 35.0863], [-89.7151, 35.0852], [-89.7152, 35.0841], [-89.7161, 35.0832], [-89.7164, 35.0827], [-89.716, 35.0821], [-89.7167, 35.081], [-89.7163, 35.0806], [-89.7166, 35.0799], [-89.7167, 35.0788], [-89.7172, 35.0784], [-89.7178, 35.076], [-89.7173, 35.0763], [-89.7174, 35.0768]]]}, "properties": {"zone": "X500"}}, {"type": "Feature", "geometry": {"type": "Polygon", "coordinates": [[[-89.7097, 35.1068], [-89.7091, 35.1068], [-89.7087, 35.1071], [-89.7098, 35.1072], [-89.7118, 35.1076], [-89.7123, 35.1078], [-89.7143, 35.1082], [-89.7154, 35.1087], [-89.7171, 35.1091], [-89.7175, 35.1096], [-89.7177, 35.1102], [-89.7187, 35.1112], [-89.7195, 35.1114], [-89.7213, 35.1109], [-89.7218, 35.111], [-89.7238, 35.1114], [-89.7245, 35.1117], [-89.728, 35.1119], [-89.7287, 35.1116], [-89.7289, 35.1114], [-89.7296, 35.1111], [-89.7286, 35.1107], [-89.7278, 35.1109], [-89.7271, 35.1117], [-89.7245, 35.1116], [-89.7236, 35.1112], [-89.7219, 35.1109], [-89.7212, 35.1109], [-89.72, 35.1112], [-89.719, 35.1111], [-89.7185, 35.1108], [-89.7179, 35.1101], [-89.7175, 35.1093], [-89.7171, 35.109], [-89.7147, 35.1081], [-89.7138, 35.1078], [-89.7124, 35.1076], [-89.7105, 35.107], [-89.7097, 35.1068]]]}, "properties": {"zone": "X500"}}, {"type": "Feature", "geometry": {"type": "Polygon", "coordinates": [[[-89.7307, 35.1272], [-89.7285, 35.127], [-89.73, 35.1277], [-89.7306, 35.1273], [-89.731, 35.1273], [-89.7315, 35.1274], [-89.7317, 35.1275], [-89.7333, 35.1273], [-89.7343, 35.1275], [-89.7344, 35.1282], [-89.7334, 35.1289], [-89.7333, 35.1293], [-89.7353, 35.1294], [-89.7378, 35.1294], [-89.7381, 35.1292], [-89.7382, 35.1285], [-89.7377, 35.1286], [-89.7376, 35.1294], [-89.7349, 35.1294], [-89.7336, 35.1293], [-89.7334, 35.1291], [-89.7344, 35.1283], [-89.7345, 35.1275], [-89.7337, 35.1272], [-89.7326, 35.1272], [-89.7316, 35.1274], [-89.731, 35.1273], [-89.7307, 35.1272]]]}, "properties": {"zone": "X500"}}, {"type": "Feature", "geometry": {"type": "Polygon", "coordinates": [[[-89.7232, 35.1292], [-89.7238, 35.129], [-89.724, 35.1285], [-89.7241, 35.1274], [-89.7243, 35.1274], [-89.7251, 35.128], [-89.7254, 35.1284], [-89.7248, 35.1285], [-89.7247, 35.1292], [-89.7253, 35.1292], [-89.7256, 35.1288], [-89.7253, 35.1277], [-89.7248, 35.1276], [-89.7242, 35.1273], [-89.7241, 35.1274], [-89.7239, 35.1285], [-89.7235, 35.129], [-89.7232, 35.1292]]]}, "properties": {"zone": "X500"}}, {"type": "Feature", "geometry": {"type": "Polygon", "coordinates": [[[-89.7167, 35.1292], [-89.7163, 35.129], [-89.7161, 35.1294], [-89.7166, 35.1294], [-89.7174, 35.129], [-89.718, 35.1292], [-89.7197, 35.1294], [-89.7199, 35.1291], [-89.7205, 35.129], [-89.7211, 35.1291], [-89.721, 35.1287], [-89.7204, 35.1289], [-89.7189, 35.1292], [-89.7181, 35.1291], [-89.7177, 35.1289], [-89.7174, 35.1289], [-89.7167, 35.1292]]]}, "properties": {"zone": "X500"}}, {"type": "Feature", "geometry": {"type": "Polygon", "coordinates": [[[-89.7364, 35.1363], [-89.7365, 35.136], [-89.7365, 35.1328], [-89.7362, 35.1324], [-89.7363, 35.1311], [-89.7361, 35.1302], [-89.7361, 35.1301], [-89.7362, 35.13], [-89.7364, 35.13], [-89.7366, 35.13], [-89.7367, 35.1298], [-89.7367, 35.1297], [-89.7366, 35.1297], [-89.7358, 35.1297], [-89.7353, 35.1297], [-89.7339, 35.1297], [-89.7338, 35.13], [-89.7333, 35.1303], [-89.7336, 35.1307], [-89.7337, 35.1318], [-89.735, 35.1335], [-89.7356, 35.1335], [-89.736, 35.1344], [-89.7364, 35.1349], [-89.7351, 35.1349], [-89.7351, 35.1352], [-89.7356, 35.1359], [-89.7364, 35.1363]], [[-89.7364, 35.136], [-89.7361, 35.1357], [-89.7361, 35.1353], [-89.7364, 35.1349], [-89.736, 35.1345], [-89.7358, 35.1337], [-89.7356, 35.1335], [-89.735, 35.1334], [-89.7345, 35.1325], [-89.7338, 35.1319], [-89.7337, 35.1309], [-89.734, 35.1297], [-89.7356, 35.1297], [-89.7358, 35.1297], [-89.736, 35.1297], [-89.7365, 35.1297], [-89.7367, 35.1297], [-89.7366, 35.13], [-89.7364, 35.1299], [-89.7362, 35.13], [-89.7361, 35.1301], [-89.7361, 35.1302], [-89.7363, 35.131], [-89.7362, 35.1326], [-89.7365, 35.1328], [-89.7365, 35.1352], [-89.7364, 35.136]]]}, "properties": {"zone": "X500"}}, {"type": "Feature", "geometry": {"type": "Polygon", "coordinates": [[[-89.7324, 35.1746], [-89.7329, 35.1748], [-89.7333, 35.1751], [-89.7337, 35.176], [-89.7337, 35.1768], [-89.7339, 35.177], [-89.7344, 35.1755], [-89.7339, 35.1746], [-89.733, 35.1743], [-89.7319, 35.1741], [-89.7322, 35.1738], [-89.7339, 35.1741], [-89.735, 35.1738], [-89.7358, 35.1734], [-89.7359, 35.1725], [-89.7357, 35.1714], [-89.7353, 35.171], [-89.7355, 35.17], [-89.735, 35.1695], [-89.735, 35.1689], [-89.7353, 35.1685], [-89.7353, 35.1678], [-89.7351, 35.1671], [-89.7355, 35.1659], [-89.7363, 35.1653], [-89.7361, 35.1644], [-89.7363, 35.164], [-89.737, 35.1634], [-89.737, 35.1631], [-89.7366, 35.1626], [-89.7356, 35.165], [-89.7349, 35.1663], [-89.7346, 35.1673], [-89.7348, 35.1684], [-89.7344, 35.1695], [-89.7349, 35.1699], [-89.7351, 35.1705], [-89.735, 35.171], [-89.7353, 35.1715], [-89.7355, 35.1727], [-89.7353, 35.1736], [-89.7346, 35.1738], [-89.733, 35.1738], [-89.7301, 35.1735], [-89.73, 35.1739], [-89.7308, 35.174], [-89.7324, 35.1746]]]}, "properties": {"zone": "X500"}}, {"type": "Feature", "geometry": {"type": "Polygon", "coordinates": [[[-89.7376, 35.1787], [-89.7376, 35.1778], [-89.7379, 35.1775], [-89.7377, 35.1772], [-89.7371, 35.1773], [-89.7368, 35.1777], [-89.737, 35.1782], [-89.7376, 35.1787]]]}, "properties": {"zone": "X500"}}, {"type": "Feature", "geometry": {"type": "Polygon", "coordinates": [[[-89.7306, 35.1768], [-89.7307, 35.1762], [-89.7315, 35.176], [-89.7309, 35.1756], [-89.7303, 35.1757], [-89.73, 35.1761], [-89.7301, 35.1768], [-89.7299, 35.1789], [-89.7293, 35.1805], [-89.73, 35.1795], [-89.7304, 35.1786], [-89.7306, 35.1768]]]}, "properties": {"zone": "X500"}}, {"type": "Feature", "geometry": {"type": "Polygon", "coordinates": [[[-89.7296, 35.1814], [-89.7305, 35.1811], [-89.732, 35.1808], [-89.7331, 35.1804], [-89.7329, 35.18], [-89.7302, 35.1809], [-89.7296, 35.1814]]]}, "properties": {"zone": "X500"}}, {"type": "Feature", "geometry": {"type": "Polygon", "coordinates": [[[-89.7102, 35.1909], [-89.7091, 35.1914], [-89.7111, 35.1911], [-89.7132, 35.1907], [-89.7152, 35.1902], [-89.7159, 35.1899], [-89.717, 35.1893], [-89.7179, 35.1884], [-89.7191, 35.1869], [-89.7194, 35.1866], [-89.7226, 35.1843], [-89.7236, 35.1837], [-89.7249, 35.1827], [-89.7256, 35.1826], [-89.7255, 35.1823], [-89.7245, 35.1826], [-89.7239, 35.1829], [-89.7218, 35.1841], [-89.72, 35.1854], [-89.7189, 35.1864], [-89.7177, 35.1877], [-89.7174, 35.1884], [-89.7164, 35.1891], [-89.7152, 35.1897], [-89.7129, 35.1903], [-89.7113, 35.1906], [-89.7102, 35.1909]]]}, "properties": {"zone": "X500"}}, {"type": "Feature", "geometry": {"type": "Polygon", "coordinates": [[[-89.7271, 35.1856], [-89.7275, 35.185], [-89.7275, 35.1846], [-89.7273, 35.1835], [-89.7268, 35.1833], [-89.7268, 35.1844], [-89.7266, 35.1854], [-89.726, 35.1863], [-89.7256, 35.1867], [-89.7249, 35.1877], [-89.7241, 35.1882], [-89.7225, 35.1904], [-89.7221, 35.1906], [-89.719, 35.1918], [-89.7172, 35.1926], [-89.7159, 35.193], [-89.7151, 35.1937], [-89.7153, 35.1943], [-89.7158, 35.1947], [-89.7162, 35.1945], [-89.7166, 35.1939], [-89.7175, 35.193], [-89.7183, 35.1925], [-89.7195, 35.1922], [-89.721, 35.1914], [-89.7219, 35.1911], [-89.7225, 35.1907], [-89.724, 35.1894], [-89.7248, 35.1886], [-89.7262, 35.1869], [-89.7271, 35.1856]]]}, "properties": {"zone": "X500"}}, {"type": "Feature", "geometry": {"type": "Polygon", "coordinates": [[[-89.7243, 35.2667], [-89.7246, 35.2668], [-89.7252, 35.2663], [-89.7255, 35.2666], [-89.7252, 35.267], [-89.7255, 35.267], [-89.7258, 35.2666], [-89.7256, 35.2662], [-89.7249, 35.2663], [-89.7248, 35.2665], [-89.7243, 35.2667]]]}, "properties": {"zone": "X500"}}, {"type": "Feature", "geometry": {"type": "Polygon", "coordinates": [[[-89.7253, 35.2707], [-89.726, 35.2705], [-89.7265, 35.2703], [-89.7253, 35.2695], [-89.7256, 35.2706], [-89.7253, 35.2707]]]}, "properties": {"zone": "X500"}}, {"type": "Feature", "geometry": {"type": "Polygon", "coordinates": [[[-89.7231, 35.2702], [-89.723, 35.2705], [-89.7231, 35.2708], [-89.7238, 35.2705], [-89.7231, 35.2702]]]}, "properties": {"zone": "X500"}}, {"type": "Feature", "geometry": {"type": "Polygon", "coordinates": [[[-89.7372, 35.2707], [-89.7378, 35.2711], [-89.7392, 35.2716], [-89.7402, 35.2714], [-89.7379, 35.271], [-89.7375, 35.2706], [-89.7372, 35.2707]]]}, "properties": {"zone": "X500"}}, {"type": "Feature", "geometry": {"type": "Polygon", "coordinates": [[[-89.7352, 35.272], [-89.7361, 35.2719], [-89.7366, 35.2716], [-89.7355, 35.2708], [-89.7353, 35.271], [-89.7358, 35.2716], [-89.7352, 35.272]]]}, "properties": {"zone": "X500"}}, {"type": "Feature", "geometry": {"type": "Polygon", "coordinates": [[[-89.7214, 35.2925], [-89.722, 35.2926], [-89.7224, 35.2923], [-89.7229, 35.2917], [-89.7234, 35.2915], [-89.725, 35.2913], [-89.7234, 35.2915], [-89.723, 35.2916], [-89.7221, 35.2924], [-89.7219, 35.2926], [-89.7214, 35.2925]]]}, "properties": {"zone": "X500"}}, {"type": "Feature", "geometry": {"type": "Polygon", "coordinates": [[[-89.7152, 35.3721], [-89.7159, 35.3724], [-89.7162, 35.3729], [-89.7161, 35.3737], [-89.7158, 35.3741], [-89.7159, 35.3744], [-89.7162, 35.3745], [-89.7164, 35.3751], [-89.7178, 35.3758], [-89.7185, 35.3764], [-89.7187, 35.3771], [-89.7191, 35.3774], [-89.7193, 35.3778], [-89.7202, 35.3786], [-89.7204, 35.3784], [-89.7196, 35.3779], [-89.7193, 35.3774], [-89.7188, 35.3771], [-89.7185, 35.3765], [-89.7183, 35.3761], [-89.7172, 35.3754], [-89.7165, 35.3752], [-89.7164, 35.3748], [-89.7168, 35.3742], [-89.7158, 35.3742], [-89.7164, 35.373], [-89.7159, 35.3719], [-89.7152, 35.3721]]]}, "properties": {"zone": "X500"}}, {"type": "Feature", "geometry": {"type": "Polygon", "coordinates": [[[-89.7171, 34.9962], [-89.7175, 34.9951], [-89.7133, 34.9952], [-89.713, 34.9958], [-89.7132, 34.9959], [-89.7145, 34.9961], [-89.715, 34.9963], [-89.7152, 34.997], [-89.7159, 34.9975], [-89.7159, 34.9968], [-89.7155, 34.9965], [-89.7139, 34.9957], [-89.7148, 34.9955], [-89.7155, 34.996], [-89.7163, 34.9963], [-89.7171, 34.9962]]]}, "properties": {"zone": "X500"}}, {"type": "Feature", "geometry": {"type": "Polygon", "coordinates": [[[-89.7008, 35.031], [-89.7008, 35.0313], [-89.7015, 35.0317], [-89.702, 35.0315], [-89.7023, 35.0307], [-89.7026, 35.0306], [-89.7036, 35.0305], [-89.7044, 35.0301], [-89.7053, 35.0304], [-89.7057, 35.0303], [-89.7066, 35.0306], [-89.707, 35.0301], [-89.7068, 35.0293], [-89.7063, 35.0296], [-89.7066, 35.0302], [-89.7063, 35.0305], [-89.7058, 35.0302], [-89.7053, 35.0303], [-89.7048, 35.0299], [-89.704, 35.03], [-89.7033, 35.0305], [-89.7024, 35.0305], [-89.7014, 35.0309], [-89.7008, 35.031]]]}, "properties": {"zone": "X500"}}, {"type": "Feature", "geometry": {"type": "Polygon", "coordinates": [[[-89.7006, 35.0312], [-89.7001, 35.0311], [-89.6999, 35.0314], [-89.7, 35.0321], [-89.7006, 35.0312]]]}, "properties": {"zone": "X500"}}, {"type": "Feature", "geometry": {"type": "Polygon", "coordinates": [[[-89.6819, 35.0296], [-89.6819, 35.0302], [-89.6816, 35.0306], [-89.6827, 35.0316], [-89.6825, 35.0319], [-89.6831, 35.0329], [-89.6833, 35.0316], [-89.6833, 35.0311], [-89.6827, 35.0305], [-89.6827, 35.0302], [-89.6819, 35.0296]]]}, "properties": {"zone": "X500"}}, {"type": "Feature", "geometry": {"type": "Polygon", "coordinates": [[[-89.7105, 35.0322], [-89.7108, 35.0324], [-89.7107, 35.0331], [-89.7119, 35.0332], [-89.7117, 35.0321], [-89.7109, 35.0324], [-89.7105, 35.0322]]]}, "properties": {"zone": "X500"}}, {"type": "Feature", "geometry": {"type": "Polygon", "coordinates": [[[-89.6986, 35.035], [-89.6988, 35.0353], [-89.6995, 35.0353], [-89.7003, 35.0346], [-89.7007, 35.0348], [-89.7012, 35.0347], [-89.7023, 35.0346], [-89.7019, 35.034], [-89.7027, 35.0338], [-89.7024, 35.0331], [-89.7014, 35.0332], [-89.7013, 35.0339], [-89.7009, 35.0339], [-89.7007, 35.0344], [-89.7001, 35.0346], [-89.6996, 35.0345], [-89.6991, 35.0346], [-89.6986, 35.035]]]}, "properties": {"zone": "X500"}}, {"type": "Feature", "geometry": {"type": "Polygon", "coordinates": [[[-89.6957, 35.0363], [-89.6955, 35.0362], [-89.6942, 35.0366], [-89.6946, 35.0369], [-89.6943, 35.0373], [-89.6946, 35.0378], [-89.6951, 35.0377], [-89.6955, 35.0374], [-89.6957, 35.0363]]]}, "properties": {"zone": "X500"}}, {"type": "Feature", "geometry": {"type": "Polygon", "coordinates": [[[-89.7144, 35.0817], [-89.7139, 35.0815], [-89.7144, 35.0812], [-89.7147, 35.0812], [-89.7147, 35.0809], [-89.7143, 35.0808], [-89.7144, 35.0799], [-89.7142, 35.0795], [-89.7143, 35.079], [-89.715, 35.0792], [-89.7151, 35.0787], [-89.7147, 35.0785], [-89.7143, 35.079], [-89.7141, 35.0795], [-89.7143, 35.0803], [-89.7137, 35.0805], [-89.7135, 35.0809], [-89.7138, 35.0812], [-89.7139, 35.0815], [-89.7141, 35.0817], [-89.7144, 35.0817]]]}, "properties": {"zone": "X500"}}, {"type": "Feature", "geometry": {"type": "Polygon", "coordinates": [[[-89.7144, 35.0817], [-89.7143, 35.0822], [-89.715, 35.0824], [-89.7154, 35.0821], [-89.7144, 35.0817]]]}, "properties": {"zone": "X500"}}, {"type": "Feature", "geometry": {"type": "Polygon", "coordinates": [[[-89.6957, 35.089], [-89.6965, 35.0895], [-89.6971, 35.0903], [-89.6982, 35.0906], [-89.6997, 35.0908], [-89.7019, 35.0913], [-89.7021, 35.0905], [-89.7016, 35.0897], [-89.7017, 35.0887], [-89.7021, 35.0881], [-89.7024, 35.0882], [-89.7031, 35.089], [-89.7037, 35.0891], [-89.7056, 35.0899], [-89.7068, 35.0901], [-89.7083, 35.0896], [-89.7085, 35.0898], [-89.7083, 35.0908], [-89.7079, 35.092], [-89.7084, 35.0918], [-89.7092, 35.0893], [-89.7096, 35.089], [-89.7093, 35.0887], [-89.7089, 35.0887], [-89.7079, 35.0889], [-89.7062, 35.0893], [-89.7052, 35.089], [-89.7051, 35.0886], [-89.705, 35.0875], [-89.7047, 35.0869], [-89.704, 35.0872], [-89.7033, 35.0868], [-89.7028, 35.0861], [-89.7021, 35.0859], [-89.7005, 35.0877], [-89.7002, 35.0888], [-89.7002, 35.0898], [-89.6999, 35.0901], [-89.6988, 35.0899], [-89.6986, 35.0896], [-89.6987, 35.0878], [-89.6983, 35.0872], [-89.6975, 35.0895], [-89.6969, 35.0896], [-89.6959, 35.0888], [-89.6945, 35.0884], [-89.6937, 35.0882], [-89.693, 35.0879], [-89.6924, 35.0874], [-89.6905, 35.0881], [-89.6903, 35.0888], [-89.6896, 35.0892], [-89.6891, 35.0892], [-89.6888, 35.0896], [-89.6884, 35.0895], [-89.6882, 35.089], [-89.6882, 35.0882], [-89.6885, 35.0875], [-89.6894, 35.0874], [-89.6891, 35.0869], [-89.69, 35.0864], [-89.6901, 35.0854], [-89.6882, 35.0854], [-89.6878, 35.085], [-89.6875, 35.0849], [-89.6869, 35.0848], [-89.6851, 35.0849], [-89.6848, 35.0847], [-89.6843, 35.0834], [-89.6843, 35.083], [-89.6848, 35.0812], [-89.6854, 35.0804], [-89.6852, 35.0802], [-89.6846, 35.0813], [-89.6845, 35.082], [-89.6841, 35.0833], [-89.6838, 35.0839], [-89.6838, 35.0844], [-89.684, 35.0852], [-89.6848, 35.0855], [-89.686, 35.0854], [-89.6865, 35.0857], [-89.6871, 35.0857], [-89.6872, 35.0855], [-89.6872, 35.085], [-89.6873, 35.0849], [-89.6878, 35.0856], [-89.688, 35.0862], [-89.6885, 35.0869], [-89.6881, 35.0881], [-89.6882, 35.0894], [-89.6887, 35.0897], [-89.69, 35.0896], [-89.6905, 35.0893], [-89.6913, 35.0896], [-89.6919, 35.0895], [-89.6925, 35.0888], [-89.6925, 35.0884], [-89.6933, 35.0881], [-89.6957, 35.089]]]}, "properties": {"zone": "X500"}}, {"type": "Feature", "geometry": {"type": "Polygon", "coordinates": [[[-89.7153, 35.1297], [-89.7148, 35.1295], [-89.7144, 35.1308], [-89.7152, 35.1305], [-89.7153, 35.1297]]]}, "properties": {"zone": "X500"}}, {"type": "Feature", "geometry": {"type": "Polygon", "coordinates": [[[-89.7026, 35.1357], [-89.7019, 35.1363], [-89.7017, 35.1367], [-89.7027, 35.1365], [-89.7031, 35.136], [-89.7026, 35.1357]]]}, "properties": {"zone": "X500"}}, {"type": "Feature", "geometry": {"type": "Polygon", "coordinates": [[[-89.6877, 35.1383], [-89.6873, 35.1386], [-89.6879, 35.139], [-89.6881, 35.1384], [-89.6877, 35.1383]]]}, "properties": {"zone": "X500"}}, {"type": "Feature", "geometry": {"type": "Polygon", "coordinates": [[[-89.7071, 35.1903], [-89.7069, 35.1906], [-89.7061, 35.1906], [-89.7053, 35.1911], [-89.7045, 35.1912], [-89.7044, 35.1915], [-89.7053, 35.1915], [-89.7059, 35.1912], [-89.7061, 35.1908], [-89.7067, 35.191], [-89.7071, 35.1903]]]}, "properties": {"zone": "X500"}}, {"type": "Feature", "geometry": {"type": "Polygon", "coordinates": [[[-89.6972, 35.194], [-89.6983, 35.1938], [-89.6989, 35.1935], [-89.6997, 35.1926], [-89.7007, 35.1924], [-89.7007, 35.1921], [-89.6997, 35.1924], [-89.6992, 35.1927], [-89.6988, 35.1931], [-89.6981, 35.1935], [-89.6967, 35.1939], [-89.6959, 35.194], [-89.6946, 35.1936], [-89.6935, 35.1938], [-89.6935, 35.1943], [-89.694, 35.1945], [-89.6941, 35.195], [-89.6932, 35.1951], [-89.6921, 35.195], [-89.6914, 35.195], [-89.6898, 35.1955], [-89.6888, 35.1959], [-89.6885, 35.1963], [-89.6885, 35.1969], [-89.6889, 35.198], [-89.6892, 35.1971], [-89.6896, 35.1964], [-89.6904, 35.1957], [-89.691, 35.1955], [-89.6914, 35.1952], [-89.6922, 35.1952], [-89.6934, 35.1957], [-89.6944, 35.1957], [-89.695, 35.1951], [-89.6949, 35.1948], [-89.6937, 35.1943], [-89.6936, 35.1939], [-89.6952, 35.194], [-89.696, 35.1942], [-89.6972, 35.194]]]}, "properties": {"zone": "X500"}}, {"type": "Feature", "geometry": {"type": "Polygon", "coordinates": [[[-89.7004, 35.1992], [-89.7008, 35.1983], [-89.7018, 35.1981], [-89.7047, 35.1982], [-89.7057, 35.1981], [-89.708, 35.1977], [-89.7085, 35.1981], [-89.7087, 35.1977], [-89.7094, 35.1977], [-89.7108, 35.1973], [-89.7114, 35.1973], [-89.7096, 35.1957], [-89.7088, 35.1952], [-89.7079, 35.1951], [-89.7073, 35.1956], [-89.7067, 35.1958], [-89.706, 35.1956], [-89.7054, 35.1956], [-89.7042, 35.1962], [-89.703, 35.1962], [-89.7023, 35.1966], [-89.7017, 35.1976], [-89.7006, 35.1977], [-89.7004, 35.1984], [-89.7004, 35.1992]]]}, "properties": {"zone": "X500"}}, {"type": "Feature", "geometry": {"type": "Polygon", "coordinates": [[[-89.6912, 35.199], [-89.6911, 35.1994], [-89.692, 35.199], [-89.6918, 35.1985], [-89.6912, 35.199]]]}, "properties": {"zone": "X500"}}, {"type": "Feature", "geometry": {"type": "Polygon", "coordinates": [[[-89.6958, 35.1993], [-89.6951, 35.1999], [-89.695, 35.199], [-89.6943, 35.1984], [-89.6942, 35.1994], [-89.6947, 35.1999], [-89.6953, 35.2], [-89.6958, 35.1993]]]}, "properties": {"zone": "X500"}}, {"type": "Feature", "geometry": {"type": "Polygon", "coordinates": [[[-89.6865, 35.2406], [-89.6861, 35.2408], [-89.6867, 35.2412], [-89.6869, 35.2417], [-89.6864, 35.2424], [-89.6864, 35.2429], [-89.6868, 35.2433], [-89.6872, 35.2433], [-89.6877, 35.2437], [-89.6879, 35.2448], [-89.6887, 35.2444], [-89.6878, 35.2433], [-89.6876, 35.2422], [-89.6871, 35.242], [-89.6865, 35.2406]]]}, "properties": {"zone": "X500"}}, {"type": "Feature", "geometry": {"type": "Polygon", "coordinates": [[[-89.6935, 35.2452], [-89.6926, 35.2452], [-89.693, 35.2459], [-89.6935, 35.2452]]]}, "properties": {"zone": "X500"}}, {"type": "Feature", "geometry": {"type": "Polygon", "coordinates": [[[-89.6961, 35.2491], [-89.6961, 35.2496], [-89.6958, 35.2501], [-89.6967, 35.2501], [-89.6967, 35.2497], [-89.6961, 35.2491]]]}, "properties": {"zone": "X500"}}, {"type": "Feature", "geometry": {"type": "Polygon", "coordinates": [[[-89.6971, 35.2528], [-89.6971, 35.2521], [-89.6968, 35.2518], [-89.6969, 35.2528], [-89.6971, 35.2528]]]}, "properties": {"zone": "X500"}}, {"type": "Feature", "geometry": {"type": "Polygon", "coordinates": [[[-89.6982, 35.2559], [-89.6973, 35.2548], [-89.6965, 35.2554], [-89.6974, 35.2553], [-89.698, 35.2562], [-89.6982, 35.2559]]]}, "properties": {"zone": "X500"}}, {"type": "Feature", "geometry": {"type": "Polygon", "coordinates": [[[-89.7022, 35.2605], [-89.7016, 35.2605], [-89.7018, 35.2614], [-89.7027, 35.2619], [-89.7033, 35.2618], [-89.7026, 35.2613], [-89.7025, 35.2608], [-89.7022, 35.2605]]]}, "properties": {"zone": "X500"}}, {"type": "Feature", "geometry": {"type": "Polygon", "coordinates": [[[-89.6859, 35.262], [-89.6867, 35.2628], [-89.6868, 35.2626], [-89.6859, 35.262]]]}, "properties": {"zone": "X500"}}, {"type": "Feature", "geometry": {"type": "Polygon", "coordinates": [[[-89.6886, 35.2662], [-89.6883, 35.2655], [-89.6881, 35.2654], [-89.6886, 35.2667], [-89.6886, 35.2662]]]}, "properties": {"zone": "X500"}}, {"type": "Feature", "geometry": {"type": "Polygon", "coordinates": [[[-89.7062, 35.2678], [-89.7065, 35.2679], [-89.7067, 35.2676], [-89.7063, 35.2676], [-89.7062, 35.2678]]]}, "properties": {"zone": "X500"}}, {"type": "Feature", "geometry": {"type": "Polygon", "coordinates": [[[-89.6923, 35.2715], [-89.6933, 35.2717], [-89.6941, 35.2726], [-89.6944, 35.273], [-89.6945, 35.2734], [-89.695, 35.2733], [-89.6961, 35.2735], [-89.6965, 35.2739], [-89.697, 35.2755], [-89.6968, 35.2763], [-89.6971, 35.2763], [-89.697, 35.2752], [-89.6966, 35.274], [-89.6962, 35.2736], [-89.6951, 35.2733], [-89.6945, 35.2731], [-89.6942, 35.2727], [-89.6939, 35.2724], [-89.6936, 35.2718], [-89.6932, 35.2716], [-89.6923, 35.2715]]]}, "properties": {"zone": "X500"}}, {"type": "Feature", "geometry": {"type": "Polygon", "coordinates": [[[-89.696, 35.2809], [-89.6956, 35.2804], [-89.6953, 35.2808], [-89.6948, 35.281], [-89.6947, 35.2817], [-89.694, 35.2832], [-89.6941, 35.2838], [-89.6931, 35.2843], [-89.6924, 35.2848], [-89.6927, 35.285], [-89.6931, 35.2843], [-89.6944, 35.2837], [-89.6942, 35.2832], [-89.6946, 35.283], [-89.6948, 35.2821], [-89.6954, 35.2812], [-89.696, 35.2809]]]}, "properties": {"zone": "X500"}}, {"type": "Feature", "geometry": {"type": "Polygon", "coordinates": [[[-89.6892, 35.2871], [-89.6899, 35.2863], [-89.6897, 35.2857], [-89.6873, 35.2866], [-89.6872, 35.2869], [-89.688, 35.2872], [-89.6886, 35.2873], [-89.6892, 35.2871]]]}, "properties": {"zone": "X500"}}, {"type": "Feature", "geometry": {"type": "Polygon", "coordinates": [[[-89.6876, 35.288], [-89.6874, 35.2876], [-89.6865, 35.2875], [-89.6863, 35.2878], [-89.6867, 35.2886], [-89.6874, 35.2884], [-89.6876, 35.288]]]}, "properties": {"zone": "X500"}}, {"type": "Feature", "geometry": {"type": "Polygon", "coordinates": [[[-89.6971, 35.3028], [-89.6977, 35.304], [-89.6986, 35.3044], [-89.6992, 35.3045], [-89.7021, 35.3034], [-89.7027, 35.3033], [-89.7036, 35.3026], [-89.7036, 35.3019], [-89.7039, 35.3013], [-89.7043, 35.301], [-89.7047, 35.3005], [-89.7053, 35.3001], [-89.708, 35.299], [-89.7088, 35.299], [-89.7103, 35.2983], [-89.7109, 35.2985], [-89.712, 35.2981], [-89.7126, 35.2976], [-89.7136, 35.297], [-89.7144, 35.296], [-89.7149, 35.2957], [-89.7162, 35.2949], [-89.7174, 35.2947], [-89.7185, 35.2943], [-89.7192, 35.2946], [-89.7199, 35.2961], [-89.7209, 35.296], [-89.721, 35.2963], [-89.7211, 35.2964], [-89.7212, 35.2964], [-89.7213, 35.2965], [-89.7216, 35.2964], [-89.722, 35.2961], [-89.7227, 35.2958], [-89.7222, 35.2954], [-89.7214, 35.2953], [-89.7212, 35.2956], [-89.7215, 35.296], [-89.7214, 35.2964], [-89.7214, 35.2965], [-89.7213, 35.2965], [-89.7212, 35.2964], [-89.7211, 35.2963], [-89.7208, 35.2959], [-89.7201, 35.296], [-89.72, 35.2956], [-89.7195, 35.2952], [-89.7191, 35.2943], [-89.7183, 35.2941], [-89.717, 35.2946], [-89.7162, 35.2946], [-89.7157, 35.2948], [-89.7152, 35.2955], [-89.7144, 35.2959], [-89.7135, 35.297], [-89.7122, 35.2977], [-89.7119, 35.2981], [-89.7111, 35.2983], [-89.7103, 35.2983], [-89.7096, 35.2984], [-89.7088, 35.2988], [-89.7076, 35.2987], [-89.7069, 35.2993], [-89.7056, 35.2996], [-89.7047, 35.3002], [-89.7042, 35.301], [-89.7035, 35.3014], [-89.7035, 35.3023], [-89.7027, 35.3032], [-89.7023, 35.303], [-89.7015, 35.3033], [-89.7005, 35.3038], [-89.7001, 35.3038], [-89.699, 35.3043], [-89.6978, 35.3038], [-89.6977, 35.3034], [-89.6971, 35.3028]]]}, "properties": {"zone": "X500"}}, {"type": "Feature", "geometry": {"type": "Polygon", "coordinates": [[[-89.68, 35.316], [-89.6806, 35.3157], [-89.6806, 35.3154], [-89.6801, 35.3147], [-89.6804, 35.3142], [-89.6813, 35.3135], [-89.6818, 35.3129], [-89.6822, 35.3126], [-89.6828, 35.3127], [-89.6835, 35.3133], [-89.6837, 35.3137], [-89.6847, 35.3134], [-89.684, 35.3129], [-89.6841, 35.3124], [-89.684, 35.3122], [-89.6847, 35.3117], [-89.6857, 35.3108], [-89.6868, 35.309], [-89.6871, 35.3088], [-89.6891, 35.3084], [-89.6901, 35.308], [-89.6908, 35.3074], [-89.6913, 35.3065], [-89.6912, 35.3061], [-89.6915, 35.3058], [-89.6924, 35.306], [-89.6932, 35.3059], [-89.6943, 35.3059], [-89.695, 35.3064], [-89.6957, 35.3063], [-89.6967, 35.3065], [-89.6971, 35.3062], [-89.6973, 35.3057], [-89.6968, 35.3054], [-89.6963, 35.3054], [-89.6961, 35.3063], [-89.6955, 35.3059], [-89.6946, 35.3057], [-89.693, 35.3057], [-89.6926, 35.3059], [-89.6915, 35.3057], [-89.6912, 35.3059], [-89.6911, 35.3061], [-89.6912, 35.3065], [-89.6908, 35.3072], [-89.69, 35.3079], [-89.689, 35.3084], [-89.687, 35.3088], [-89.6866, 35.3091], [-89.6861, 35.3101], [-89.6854, 35.311], [-89.6845, 35.3117], [-89.684, 35.3119], [-89.6839, 35.3122], [-89.6841, 35.3125], [-89.684, 35.3129], [-89.6836, 35.3132], [-89.6833, 35.3125], [-89.6826, 35.3121], [-89.6819, 35.312], [-89.6813, 35.3133], [-89.6802, 35.3142], [-89.68, 35.3147], [-89.68, 35.316]]]}, "properties": {"zone": "X500"}}, {"type": "Feature", "geometry": {"type": "Polygon", "coordinates": [[[-89.6884, 35.3472], [-89.6892, 35.3478], [-89.6895, 35.3475], [-89.6892, 35.3471], [-89.6884, 35.3472]]]}, "properties": {"zone": "X500"}}, {"type": "Feature", "geometry": {"type": "Polygon", "coordinates": [[[-89.6937, 35.3496], [-89.6938, 35.3499], [-89.6933, 35.3506], [-89.6934, 35.3513], [-89.6941, 35.3514], [-89.6949, 35.3512], [-89.6951, 35.3513], [-89.695, 35.3517], [-89.6953, 35.352], [-89.6961, 35.3524], [-89.6967, 35.353], [-89.697, 35.3541], [-89.6977, 35.3546], [-89.6989, 35.3549], [-89.699, 35.3556], [-89.6992, 35.3561], [-89.6997, 35.3558], [-89.7001, 35.3556], [-89.7007, 35.3551], [-89.7001, 35.3563], [-89.7003, 35.3563], [-89.7006, 35.3556], [-89.7009, 35.3551], [-89.7007, 35.355], [-89.7001, 35.3553], [-89.6992, 35.3554], [-89.699, 35.3547], [-89.6977, 35.3544], [-89.6971, 35.354], [-89.6971, 35.3532], [-89.697, 35.353], [-89.6953, 35.3518], [-89.6951, 35.3512], [-89.695, 35.3511], [-89.6947, 35.3511], [-89.694, 35.3513], [-89.6936, 35.3508], [-89.6936, 35.3504], [-89.6942, 35.3495], [-89.6937, 35.3496]]]}, "properties": {"zone": "X500"}}, {"type": "Feature", "geometry": {"type": "Polygon", "coordinates": [[[-89.6801, 35.3603], [-89.6807, 35.3604], [-89.6814, 35.3605], [-89.682, 35.3604], [-89.6824, 35.3601], [-89.6823, 35.3594], [-89.683, 35.3594], [-89.684, 35.3593], [-89.6845, 35.3595], [-89.6854, 35.3602], [-89.6873, 35.36], [-89.6872, 35.3605], [-89.6873, 35.3607], [-89.6879, 35.3602], [-89.6882, 35.3601], [-89.689, 35.3604], [-89.69, 35.3608], [-89.6903, 35.3611], [-89.6914, 35.363], [-89.6917, 35.364], [-89.6919, 35.3641], [-89.6924, 35.3622], [-89.6933, 35.3625], [-89.6935, 35.3643], [-89.6942, 35.3642], [-89.6955, 35.3647], [-89.6963, 35.3654], [-89.6967, 35.3655], [-89.6975, 35.3656], [-89.6978, 35.3658], [-89.6981, 35.3661], [-89.6982, 35.3664], [-89.6976, 35.3674], [-89.6974, 35.3681], [-89.6962, 35.369], [-89.6958, 35.3696], [-89.6961, 35.3699], [-89.696, 35.3703], [-89.6973, 35.3701], [-89.6979, 35.3697], [-89.6984, 35.3692], [-89.6989, 35.3688], [-89.6991, 35.3687], [-89.6995, 35.3695], [-89.6999, 35.3709], [-89.7002, 35.3722], [-89.7006, 35.3722], [-89.7009, 35.3726], [-89.7015, 35.3722], [-89.7015, 35.3719], [-89.7008, 35.3717], [-89.7003, 35.3719], [-89.7003, 35.3711], [-89.6997, 35.3699], [-89.6994, 35.3687], [-89.6992, 35.3686], [-89.6988, 35.3688], [-89.6982, 35.3693], [-89.6978, 35.3697], [-89.6972, 35.3695], [-89.6976, 35.3683], [-89.6979, 35.368], [-89.6977, 35.3674], [-89.6981, 35.3668], [-89.6982, 35.3664], [-89.6982, 35.3662], [-89.6981, 35.366], [-89.6979, 35.3658], [-89.6976, 35.3656], [-89.6967, 35.3655], [-89.696, 35.3649], [-89.6934, 35.3637], [-89.6934, 35.3624], [-89.6933, 35.3622], [-89.6925, 35.3619], [-89.6918, 35.3618], [-89.6917, 35.3621], [-89.6921, 35.3627], [-89.6918, 35.364], [-89.6915, 35.3631], [-89.691, 35.3621], [-89.6904, 35.3611], [-89.69, 35.3608], [-89.6888, 35.3602], [-89.6885, 35.3601], [-89.6879, 35.3602], [-89.6877, 35.3595], [-89.6872, 35.3599], [-89.686, 35.3601], [-89.6852, 35.36], [-89.6843, 35.3592], [-89.683, 35.3592], [-89.6824, 35.3585], [-89.682, 35.3588], [-89.6821, 35.3592], [-89.6819, 35.3601], [-89.6812, 35.3604], [-89.6801, 35.3603]]]}, "properties": {"zone": "X500"}}, {"type": "Feature", "geometry": {"type": "Polygon", "coordinates": [[[-89.7092, 35.3649], [-89.7098, 35.3656], [-89.7099, 35.3666], [-89.711, 35.3663], [-89.7114, 35.3664], [-89.7116, 35.3668], [-89.7123, 35.3669], [-89.7115, 35.3663], [-89.7104, 35.3663], [-89.71, 35.3661], [-89.7099, 35.3656], [-89.7092, 35.3649]]]}, "properties": {"zone": "X500"}}, {"type": "Feature", "geometry": {"type": "Polygon", "coordinates": [[[-89.7118, 35.3688], [-89.7117, 35.3682], [-89.7112, 35.3687], [-89.7118, 35.3688]]]}, "properties": {"zone": "X500"}}, {"type": "Feature", "geometry": {"type": "Polygon", "coordinates": [[[-89.7229, 34.9946], [-89.7219, 34.9936], [-89.7212, 34.9931], [-89.7211, 34.9928], [-89.7212, 34.9917], [-89.7215, 34.9912], [-89.7214, 34.9907], [-89.7212, 34.9899], [-89.7212, 34.9891], [-89.7217, 34.9883], [-89.7209, 34.9863], [-89.7203, 34.9859], [-89.7198, 34.9858], [-89.7196, 34.9863], [-89.7198, 34.987], [-89.7195, 34.9877], [-89.7188, 34.9883], [-89.7181, 34.988], [-89.7177, 34.9874], [-89.7168, 34.9865], [-89.7168, 34.9858], [-89.7162, 34.9855], [-89.7154, 34.9856], [-89.715, 34.9854], [-89.7154, 34.9864], [-89.7157, 34.9871], [-89.7158, 34.9876], [-89.7164, 34.9882], [-89.7172, 34.9901], [-89.7172, 34.9909], [-89.7168, 34.9916], [-89.716, 34.992], [-89.7153, 34.9922], [-89.714, 34.9919], [-89.7131, 34.9916], [-89.7126, 34.991], [-89.7121, 34.9907], [-89.7119, 34.9912], [-89.7115, 34.9915], [-89.711, 34.9916], [-89.7104, 34.9914], [-89.7096, 34.9908], [-89.7091, 34.9907], [-89.7083, 34.991], [-89.7079, 34.9906], [-89.7079, 34.9901], [-89.7082, 34.9894], [-89.708, 34.9892], [-89.7072, 34.9891], [-89.7068, 34.9886], [-89.7068, 34.9882], [-89.7065, 34.988], [-89.7061, 34.9882], [-89.7061, 34.9888], [-89.7045, 34.988], [-89.7039, 34.9879], [-89.7035, 34.9871], [-89.7029, 34.9873], [-89.7028, 34.9878], [-89.7014, 34.9879], [-89.7004, 34.9876], [-89.6999, 34.9871], [-89.6996, 34.9862], [-89.6997, 34.985], [-89.6999, 34.9843], [-89.6999, 34.9837], [-89.6997, 34.9835], [-89.6995, 34.9834], [-89.6992, 34.9837], [-89.6987, 34.9847], [-89.6986, 34.9855], [-89.6981, 34.9863], [-89.6972, 34.9866], [-89.6965, 34.9865], [-89.696, 34.9862], [-89.6949, 34.985], [-89.6946, 34.9839], [-89.6939, 34.9827], [-89.6936, 34.9819], [-89.6932, 34.9815], [-89.6929, 34.9827], [-89.6932, 34.9836], [-89.693, 34.9843], [-89.693, 34.9852], [-89.6929, 34.9859], [-89.6926, 34.9862], [-89.6914, 34.9869], [-89.6905, 34.9872], [-89.6899, 34.9872], [-89.6891, 34.9864], [-89.6888, 34.9865], [-89.6885, 34.9861], [-89.6877, 34.9861], [-89.6863, 34.9859], [-89.6857, 34.9865], [-89.6851, 34.9866], [-89.6841, 34.9864], [-89.6833, 34.9863], [-89.6827, 34.9856], [-89.6817, 34.9853], [-89.6814, 34.9848], [-89.6822, 34.9843], [-89.6831, 34.9843], [-89.6831, 34.9829], [-89.6823, 34.9836], [-89.6816, 34.9833], [-89.6812, 34.9828], [-89.6809, 34.9826], [-89.6807, 34.9833], [-89.68, 34.9841], [-89.68, 34.9846], [-89.6804, 34.9849], [-89.6807, 34.9855], [-89.6816, 34.9859], [-89.682, 34.986], [-89.6827, 34.9863], [-89.684, 34.9864], [-89.685, 34.9866], [-89.6856, 34.9866], [-89.6863, 34.986], [-89.6876, 34.9862], [-89.6881, 34.9861], [-89.6886, 34.9866], [-89.6891, 34.9866], [-89.6898, 34.9872], [-89.6904, 34.9873], [-89.6918, 34.9868], [-89.6929, 34.986], [-89.6931, 34.9855], [-89.6931, 34.9843], [-89.6933, 34.9837], [-89.6929, 34.9828], [-89.6933, 34.9819], [-89.6935, 34.9818], [-89.6939, 34.9829], [-89.6944, 34.9838], [-89.6947, 34.9849], [-89.6957, 34.986], [-89.6967, 34.9867], [-89.6975, 34.9867], [-89.6983, 34.9862], [-89.6987, 34.9854], [-89.6988, 34.9847], [-89.6992, 34.9838], [-89.6996, 34.9835], [-89.6998, 34.9838], [-89.6999, 34.9842], [-89.6997, 34.9849], [-89.6996, 34.9857], [-89.6997, 34.9869], [-89.7003, 34.9877], [-89.7014, 34.988], [-89.7029, 34.9878], [-89.703, 34.9873], [-89.7035, 34.9872], [-89.7038, 34.988], [-89.7045, 34.9881], [-89.7053, 34.9885], [-89.7059, 34.9889], [-89.7062, 34.9888], [-89.7062, 34.9882], [-89.7067, 34.9882], [-89.7068, 34.9888], [-89.7072, 34.9892], [-89.7079, 34.9893], [-89.7078, 34.9901], [-89.7079, 34.9908], [-89.7084, 34.991], [-89.7095, 34.9908], [-89.7105, 34.9916], [-89.7112, 34.9917], [-89.7125, 34.9912], [-89.7131, 34.9918], [-89.7142, 34.9921], [-89.7158, 34.9923], [-89.7169, 34.9918], [-89.7173, 34.9916], [-89.7175, 34.9906], [-89.7171, 34.9895], [-89.7165, 34.9882], [-89.7159, 34.9875], [-89.7158, 34.9871], [-89.7154, 34.9864], [-89.7154, 34.9856], [-89.7162, 34.9855], [-89.7167, 34.9858], [-89.7167, 34.9862], [-89.717, 34.9868], [-89.7175, 34.9873], [-89.7181, 34.9882], [-89.7185, 34.9885], [-89.7189, 34.9884], [-89.7196, 34.9878], [-89.7199, 34.9869], [-89.7197, 34.9864], [-89.7199, 34.9859], [-89.7207, 34.9863], [-89.721, 34.9867], [-89.7215, 34.988], [-89.7215, 34.9885], [-89.7211, 34.9893], [-89.7211, 34.9898], [-89.7214, 34.9909], [-89.7211, 34.9917], [-89.721, 34.9925], [-89.7211, 34.9931], [-89.7218, 34.9936], [-89.7229, 34.9946]]]}, "properties": {"zone": "X500"}}, {"type": "Feature", "geometry": {"type": "Polygon", "coordinates": [[[-89.68, 34.9895], [-89.68, 34.9909], [-89.6804, 34.9908], [-89.6808, 34.9911], [-89.6812, 34.9918], [-89.6815, 34.9907], [-89.6821, 34.9899], [-89.6826, 34.9896], [-89.6828, 34.9897], [-89.683, 34.9895], [-89.6833, 34.9894], [-89.6837, 34.9904], [-89.6841, 34.9907], [-89.6845, 34.9908], [-89.685, 34.9904], [-89.6853, 34.9899], [-89.6853, 34.9891], [-89.6861, 34.9897], [-89.6869, 34.9896], [-89.6872, 34.9898], [-89.6883, 34.9897], [-89.6884, 34.9903], [-89.689, 34.9907], [-89.69, 34.99], [-89.6908, 34.9903], [-89.6911, 34.9907], [-89.6912, 34.9914], [-89.6917, 34.9912], [-89.6921, 34.9915], [-89.6924, 34.9912], [-89.6915, 34.9909], [-89.6912, 34.9904], [-89.6907, 34.99], [-89.69, 34.9898], [-89.689, 34.9902], [-89.6887, 34.9897], [-89.6881, 34.9894], [-89.6872, 34.9896], [-89.6863, 34.9896], [-89.6853, 34.989], [-89.6849, 34.9894], [-89.6849, 34.9904], [-89.6841, 34.9907], [-89.6837, 34.9904], [-89.6835, 34.9895], [-89.6831, 34.9893], [-89.6827, 34.9896], [-89.682, 34.9894], [-89.6804, 34.9897], [-89.68, 34.9895]]]}, "properties": {"zone": "X500"}}, {"type": "Feature", "geometry": {"type": "Polygon", "coordinates": [[[-89.6819, 35.0296], [-89.681, 35.0284], [-89.6807, 35.0286], [-89.6811, 35.0292], [-89.6814, 35.029], [-89.6819, 35.0296]]]}, "properties": {"zone": "X500"}}, {"type": "Feature", "geometry": {"type": "Polygon", "coordinates": [[[-89.681, 35.0312], [-89.6805, 35.032], [-89.6808, 35.0323], [-89.6815, 35.0325], [-89.6815, 35.0316], [-89.681, 35.0312]]]}, "properties": {"zone": "X500"}}, {"type": "Feature", "geometry": {"type": "Polygon", "coordinates": [[[-89.681, 35.0312], [-89.6814, 35.0308], [-89.6809, 35.0305], [-89.6806, 35.0311], [-89.681, 35.0312]]]}, "properties": {"zone": "X500"}}, {"type": "Feature", "geometry": {"type": "Polygon", "coordinates": [[[-89.68, 35.1033], [-89.68, 35.1036], [-89.6809, 35.1037], [-89.6828, 35.1031], [-89.6841, 35.1036], [-89.6853, 35.1033], [-89.6865, 35.1023], [-89.6876, 35.1012], [-89.6881, 35.1022], [-89.6889, 35.1023], [-89.6894, 35.1027], [-89.6904, 35.1028], [-89.6912, 35.1028], [-89.6919, 35.103], [-89.6928, 35.102], [-89.6932, 35.1027], [-89.6943, 35.1036], [-89.6955, 35.1038], [-89.6967, 35.1035], [-89.6972, 35.1037], [-89.6976, 35.1044], [-89.6981, 35.1048], [-89.6988, 35.105], [-89.6992, 35.1053], [-89.6997, 35.1049], [-89.7028, 35.1047], [-89.7037, 35.1048], [-89.7048, 35.1051], [-89.7069, 35.1063], [-89.7071, 35.1066], [-89.707, 35.1074], [-89.7065, 35.1078], [-89.7068, 35.1081], [-89.7078, 35.1077], [-89.7087, 35.1066], [-89.7085, 35.1061], [-89.7068, 35.106], [-89.7048, 35.1049], [-89.7037, 35.1045], [-89.702, 35.1046], [-89.6997, 35.1046], [-89.6991, 35.1044], [-89.6987, 35.1047], [-89.6982, 35.1042], [-89.6981, 35.1038], [-89.6975, 35.1038], [-89.6971, 35.1035], [-89.6958, 35.1032], [-89.6953, 35.1024], [-89.6942, 35.1015], [-89.694, 35.101], [-89.6935, 35.1013], [-89.6929, 35.1009], [-89.6923, 35.1015], [-89.6912, 35.1015], [-89.6905, 35.1013], [-89.6898, 35.1017], [-89.6892, 35.1018], [-89.6889, 35.1011], [-89.6876, 35.1006], [-89.6866, 35.1004], [-89.686, 35.101], [-89.6858, 35.1021], [-89.6851, 35.1031], [-89.6844, 35.1029], [-89.6839, 35.1032], [-89.6836, 35.1028], [-89.6829, 35.1026], [-89.6821, 35.103], [-89.6806, 35.1034], [-89.68, 35.1033]]]}, "properties": {"zone": "X500"}}, {"type": "Feature", "geometry": {"type": "Polygon", "coordinates": [[[-89.6824, 35.2362], [-89.6818, 35.2364], [-89.6823, 35.2365], [-89.6824, 35.2362]]]}, "properties": {"zone": "X500"}}, {"type": "Feature", "geometry": {"type": "Polygon", "coordinates": [[[-89.68, 35.2587], [-89.6806, 35.2592], [-89.6818, 35.2588], [-89.6818, 35.2582], [-89.6814, 35.2575], [-89.681, 35.2572], [-89.6807, 35.2565], [-89.6805, 35.2566], [-89.6807, 35.2573], [-89.681, 35.2578], [-89.6817, 35.2582], [-89.6815, 35.2586], [-89.68, 35.2587]]]}, "properties": {"zone": "X500"}}, {"type": "Feature", "geometry": {"type": "Polygon", "coordinates": [[[-89.6808, 35.3462], [-89.6815, 35.3463], [-89.6814, 35.3459], [-89.6808, 35.3462]]]}, "properties": {"zone": "X500"}}]}