{"type": "FeatureCollection", "name": "snap-retailers-memphis", "note": "USDA SNAP-authorised food retailers in Memphis. The previous file held 147 of these, clipped to a box around the core city, which made Whitehaven and everywhere south look like it had no food at all. Store type matters more than the count: most of these are convenience stores.", "source": "USDA Food and Nutrition Service, SNAP Retailer Locator", "retrieved": "2026-08-03", "features": [{"type": "Feature", "properties": {"name": "Pope St Grocery NONE", "type": "Convenience Store"}, "geometry": {"type": "Point", "coordinates": [-89.95605, 35.15402]}}, {"type": "Feature", "properties": {"name": "Kite Express # 1", "type": "Convenience Store"}, "geometry": {"type": "Point", "coordinates": [-89.82234, 35.20371]}}, {"type": "Feature", "properties": {"name": "5510 E Shelby Operations", "type": "Convenience Store"}, "geometry": {"type": "Point", "coordinates": [-89.87924, 35.02099]}}, {"type": "Feature", "properties": {"name": "Mojama Dar Alhajar ", "type": "Grocery Store"}, "geometry": {"type": "Point", "coordinates": [-89.85551, 35.04663]}}, {"type": "Feature", "properties": {"name": "Wa Grocery", "type": "Convenience Store"}, "geometry": {"type": "Point", "coordinates": [-90.01502, 35.23449]}}, {"type": "Feature", "properties": {"name": "Shop N Go", "type": "Convenience Store"}, "geometry": {"type": "Point", "coordinates": [-89.99272, 35.20681]}}, {"type": "Feature", "properties": {"name": "Shelby Deli And Grocery Inc", "type": "Convenience Store"}, "geometry": {"type": "Point", "coordinates": [-90.01904, 35.02133]}}, {"type": "Feature", "properties": {"name": "CASH SAVER 11", "type": "Super Store"}, "geometry": {"type": "Point", "coordinates": [-90.00705, 35.13932]}}, {"type": "Feature", "properties": {"name": "VALLENTINE MARKET", "type": "Convenience Store"}, "geometry": {"type": "Point", "coordinates": [-90.01579, 35.16522]}}, {"type": "Feature", "properties": {"name": "STEPHERSONS SUPERFLO FOODS", "type": "Super Store"}, "geometry": {"type": "Point", "coordinates": [-89.9041, 35.11361]}}, {"type": "Feature", "properties": {"name": "WALGREEN 7613", "type": "Other"}, "geometry": {"type": "Point", "coordinates": [-89.94495, 35.10783]}}, {"type": "Feature", "properties": {"name": "Ez Express Food Mart", "type": "Convenience Store"}, "geometry": {"type": "Point", "coordinates": [-90.01565, 35.21267]}}, {"type": "Feature", "properties": {"name": "WALGREEN 5676", "type": "Other"}, "geometry": {"type": "Point", "coordinates": [-90.01537, 35.14388]}}, {"type": "Feature", "properties": {"name": "KROGER FOOD STORE  415", "type": "Super Store"}, "geometry": {"type": "Point", "coordinates": [-90.01476, 35.14528]}}, {"type": "Feature", "properties": {"name": "KROGER FOOD STORE  339", "type": "Super Store"}, "geometry": {"type": "Point", "coordinates": [-89.84107, 35.10044]}}, {"type": "Feature", "properties": {"name": "THRIFTWAY", "type": "Supermarket"}, "geometry": {"type": "Point", "coordinates": [-100.54939, 34.72453]}}, {"type": "Feature", "properties": {"name": "WALGREENS  06882", "type": "Other"}, "geometry": {"type": "Point", "coordinates": [-89.90582, 35.0614]}}, {"type": "Feature", "properties": {"name": "DOLLAR GENERAL  0166", "type": "Other"}, "geometry": {"type": "Point", "coordinates": [-89.89393, 35.19252]}}, {"type": "Feature", "properties": {"name": "WALGREEN 9719", "type": "Other"}, "geometry": {"type": "Point", "coordinates": [-90.03244, 35.21059]}}, {"type": "Feature", "properties": {"name": "WALGREENS  07059", "type": "Other"}, "geometry": {"type": "Point", "coordinates": [-89.89562, 35.23596]}}, {"type": "Feature", "properties": {"name": "MR T'S SPECIALTY MEATS", "type": "Other"}, "geometry": {"type": "Point", "coordinates": [-89.83028, 35.02928]}}, {"type": "Feature", "properties": {"name": "Walmart Supercenter 1248", "type": "Super Store"}, "geometry": {"type": "Point", "coordinates": [-89.8113, 35.04765]}}, {"type": "Feature", "properties": {"name": "Tony's Market", "type": "Convenience Store"}, "geometry": {"type": "Point", "coordinates": [-89.97027, 35.22193]}}, {"type": "Feature", "properties": {"name": "Walmart 1561", "type": "Super Store"}, "geometry": {"type": "Point", "coordinates": [-89.89397, 35.23217]}}, {"type": "Feature", "properties": {"name": "Allsups 056", "type": "Convenience Store"}, "geometry": {"type": "Point", "coordinates": [-100.54417, 34.7348]}}, {"type": "Feature", "properties": {"name": "LA FIESTA SUPERMARKET", "type": "Supermarket"}, "geometry": {"type": "Point", "coordinates": [-89.93831, 35.16278]}}, {"type": "Feature", "properties": {"name": "Walgreens 13108", "type": "Other"}, "geometry": {"type": "Point", "coordinates": [-89.97498, 35.2206]}}, {"type": "Feature", "properties": {"name": "KROGER COMPANY  451", "type": "Super Store"}, "geometry": {"type": "Point", "coordinates": [-89.84252, 35.07169]}}, {"type": "Feature", "properties": {"name": "DOLLAR GENERAL  4482", "type": "Other"}, "geometry": {"type": "Point", "coordinates": [-89.82659, 35.02042]}}, {"type": "Feature", "properties": {"name": "KROGER FOOD STORE  425", "type": "Super Store"}, "geometry": {"type": "Point", "coordinates": [-89.97652, 35.22081]}}, {"type": "Feature", "properties": {"name": "Walgreens 3699", "type": "Other"}, "geometry": {"type": "Point", "coordinates": [-89.89117, 35.08934]}}, {"type": "Feature", "properties": {"name": "KROGER FOOD STORE 438", "type": "Super Store"}, "geometry": {"type": "Point", "coordinates": [-89.89777, 35.2326]}}, {"type": "Feature", "properties": {"name": "WALGREEN 3013", "type": "Other"}, "geometry": {"type": "Point", "coordinates": [-90.02621, 35.02153]}}, {"type": "Feature", "properties": {"name": "QUICK CHECK", "type": "Convenience Store"}, "geometry": {"type": "Point", "coordinates": [-90.01037, 35.0779]}}, {"type": "Feature", "properties": {"name": "KROGER FOOD STORE  430", "type": "Super Store"}, "geometry": {"type": "Point", "coordinates": [-89.89561, 35.11704]}}, {"type": "Feature", "properties": {"name": "Walmart NEIGHBORHOOD MKT 5122", "type": "Super Store"}, "geometry": {"type": "Point", "coordinates": [-89.86278, 35.06993]}}, {"type": "Feature", "properties": {"name": "Millbranch Fish Market", "type": "Other"}, "geometry": {"type": "Point", "coordinates": [-90.00797, 35.04908]}}, {"type": "Feature", "properties": {"name": "WALGREEN 3473", "type": "Other"}, "geometry": {"type": "Point", "coordinates": [-89.99989, 35.13515]}}, {"type": "Feature", "properties": {"name": "KROGER FOOD & PHARMACY  437", "type": "Super Store"}, "geometry": {"type": "Point", "coordinates": [-89.79751, 35.04843]}}, {"type": "Feature", "properties": {"name": "RICK'S MARKET INC.", "type": "Convenience Store"}, "geometry": {"type": "Point", "coordinates": [-90.0078, 35.19832]}}, {"type": "Feature", "properties": {"name": "Lee's Market", "type": "Convenience Store"}, "geometry": {"type": "Point", "coordinates": [-89.96775, 35.09183]}}, {"type": "Feature", "properties": {"name": "SAM'S DISCOUNT", "type": "Convenience Store"}, "geometry": {"type": "Point", "coordinates": [-90.02259, 35.03548]}}, {"type": "Feature", "properties": {"name": "Casey's 1657", "type": "Convenience Store"}, "geometry": {"type": "Point", "coordinates": [-92.17217, 40.45904]}}, {"type": "Feature", "properties": {"name": "Babu Express Inc ", "type": "Convenience Store"}, "geometry": {"type": "Point", "coordinates": [-89.85891, 35.16256]}}, {"type": "Feature", "properties": {"name": "WALGREEN 586", "type": "Other"}, "geometry": {"type": "Point", "coordinates": [-90.0527, 35.14539]}}, {"type": "Feature", "properties": {"name": "WALGREEN 3176", "type": "Other"}, "geometry": {"type": "Point", "coordinates": [-90.02511, 35.03529]}}, {"type": "Feature", "properties": {"name": "S-MART MARKET", "type": "Convenience Store"}, "geometry": {"type": "Point", "coordinates": [-90.08076, 35.06051]}}, {"type": "Feature", "properties": {"name": "SUPERLO FOODS 3", "type": "Super Store"}, "geometry": {"type": "Point", "coordinates": [-90.00352, 35.21656]}}, {"type": "Feature", "properties": {"name": "In N Out Grocery & Deli ", "type": "Convenience Store"}, "geometry": {"type": "Point", "coordinates": [-90.02844, 35.16705]}}, {"type": "Feature", "properties": {"name": "S-Mart", "type": "Convenience Store"}, "geometry": {"type": "Point", "coordinates": [-89.89591, 35.19399]}}, {"type": "Feature", "properties": {"name": "Save A Lot 30248", "type": "Supermarket"}, "geometry": {"type": "Point", "coordinates": [-89.91129, 35.22036]}}, {"type": "Feature", "properties": {"name": "YOU'S GROCERY", "type": "Convenience Store"}, "geometry": {"type": "Point", "coordinates": [-89.96751, 35.14307]}}, {"type": "Feature", "properties": {"name": "VIET HOA MARKET", "type": "Supermarket"}, "geometry": {"type": "Point", "coordinates": [-90.01572, 35.13982]}}, {"type": "Feature", "properties": {"name": "Walgreens 5023", "type": "Other"}, "geometry": {"type": "Point", "coordinates": [-89.79662, 35.04833]}}, {"type": "Feature", "properties": {"name": "WALGREENS  06644", "type": "Other"}, "geometry": {"type": "Point", "coordinates": [-89.90667, 35.14865]}}, {"type": "Feature", "properties": {"name": "STEPHERSONS MACON", "type": "Super Store"}, "geometry": {"type": "Point", "coordinates": [-89.9294, 35.16274]}}, {"type": "Feature", "properties": {"name": "Super Star Grocery LLC", "type": "Convenience Store"}, "geometry": {"type": "Point", "coordinates": [-89.9164, 35.17676]}}, {"type": "Feature", "properties": {"name": "ALDI 70065", "type": "Supermarket"}, "geometry": {"type": "Point", "coordinates": [-89.81235, 35.05037]}}, {"type": "Feature", "properties": {"name": "YOM GROCERY", "type": "Convenience Store"}, "geometry": {"type": "Point", "coordinates": [-89.99053, 35.16925]}}, {"type": "Feature", "properties": {"name": "SEVENTH STREET CASH & CARRY", "type": "Grocery Store"}, "geometry": {"type": "Point", "coordinates": [-90.03799, 35.16753]}}, {"type": "Feature", "properties": {"name": "3135 New Horn Lake Operations", "type": "Convenience Store"}, "geometry": {"type": "Point", "coordinates": [-90.06939, 35.06298]}}, {"type": "Feature", "properties": {"name": "Dollar General 1228", "type": "Other"}, "geometry": {"type": "Point", "coordinates": [-92.16927, 40.45245]}}, {"type": "Feature", "properties": {"name": "GREAT CHINA FOOD MARKET", "type": "Grocery Store"}, "geometry": {"type": "Point", "coordinates": [-89.88913, 35.15197]}}, {"type": "Feature", "properties": {"name": "SUPERLO FOOD STORE", "type": "Super Store"}, "geometry": {"type": "Point", "coordinates": [-89.89764, 35.18364]}}, {"type": "Feature", "properties": {"name": "COUNTY LINE GROCERY", "type": "Convenience Store"}, "geometry": {"type": "Point", "coordinates": [-89.9551, 35.02174]}}, {"type": "Feature", "properties": {"name": "Dollar General 10669", "type": "Other"}, "geometry": {"type": "Point", "coordinates": [-89.90702, 35.06401]}}, {"type": "Feature", "properties": {"name": "M & Z Kerr Ave Market", "type": "Convenience Store"}, "geometry": {"type": "Point", "coordinates": [-90.03173, 35.10733]}}, {"type": "Feature", "properties": {"name": "DOLLAR GENERAL 7498", "type": "Other"}, "geometry": {"type": "Point", "coordinates": [-89.87163, 35.20531]}}, {"type": "Feature", "properties": {"name": "WALGREEN 9174", "type": "Other"}, "geometry": {"type": "Point", "coordinates": [-90.05579, 35.09675]}}, {"type": "Feature", "properties": {"name": "Walmart NEIGHBORHOOD MKT  5043", "type": "Super Store"}, "geometry": {"type": "Point", "coordinates": [-89.82938, 35.02042]}}, {"type": "Feature", "properties": {"name": "CASH SAVER 51", "type": "Super Store"}, "geometry": {"type": "Point", "coordinates": [-90.02519, 35.0376]}}, {"type": "Feature", "properties": {"name": "WALGREEN 3866", "type": "Other"}, "geometry": {"type": "Point", "coordinates": [-89.986, 35.10453]}}, {"type": "Feature", "properties": {"name": "DOLLAR GENERAL 4878", "type": "Other"}, "geometry": {"type": "Point", "coordinates": [-100.54797, 34.7246]}}, {"type": "Feature", "properties": {"name": "4145 Neely Express Llc", "type": "Convenience Store"}, "geometry": {"type": "Point", "coordinates": [-90.05689, 35.03553]}}, {"type": "Feature", "properties": {"name": "B & G FOOD MART", "type": "Convenience Store"}, "geometry": {"type": "Point", "coordinates": [-89.9908, 35.1164]}}, {"type": "Feature", "properties": {"name": "ZORRO MARKET", "type": "Convenience Store"}, "geometry": {"type": "Point", "coordinates": [-89.79666, 35.03551]}}, {"type": "Feature", "properties": {"name": "QuikTrip 7154", "type": "Convenience Store"}, "geometry": {"type": "Point", "coordinates": [-89.83669, 35.17203]}}, {"type": "Feature", "properties": {"name": "Lamar Meat Market", "type": "Specialty Store"}, "geometry": {"type": "Point", "coordinates": [-89.97089, 35.09466]}}, {"type": "Feature", "properties": {"name": "Pride Mart", "type": "Convenience Store"}, "geometry": {"type": "Point", "coordinates": [-89.90882, 35.19873]}}, {"type": "Feature", "properties": {"name": "WALGREENS  4628", "type": "Other"}, "geometry": {"type": "Point", "coordinates": [-90.02875, 35.13805]}}, {"type": "Feature", "properties": {"name": "Twins Food Mart", "type": "Convenience Store"}, "geometry": {"type": "Point", "coordinates": [-90.03287, 35.15702]}}, {"type": "Feature", "properties": {"name": "Grizzly Mart NONE", "type": "Convenience Store"}, "geometry": {"type": "Point", "coordinates": [-90.03027, 35.21757]}}, {"type": "Feature", "properties": {"name": "KROGER 488", "type": "Super Store"}, "geometry": {"type": "Point", "coordinates": [-89.94799, 35.13071]}}, {"type": "Feature", "properties": {"name": "WALGREEN 2775", "type": "Other"}, "geometry": {"type": "Point", "coordinates": [-90.07386, 35.0348]}}, {"type": "Feature", "properties": {"name": "Fast Check", "type": "Convenience Store"}, "geometry": {"type": "Point", "coordinates": [-90.03416, 35.03568]}}, {"type": "Feature", "properties": {"name": "KROGER FOOD STORE  439", "type": "Super Store"}, "geometry": {"type": "Point", "coordinates": [-89.91774, 35.15044]}}, {"type": "Feature", "properties": {"name": "R & S FOOD MART", "type": "Convenience Store"}, "geometry": {"type": "Point", "coordinates": [-90.04485, 35.00574]}}, {"type": "Feature", "properties": {"name": "CIRCLE K CORP.  3909", "type": "Convenience Store"}, "geometry": {"type": "Point", "coordinates": [-90.00008, 35.13779]}}, {"type": "Feature", "properties": {"name": "Target Store T-90", "type": "Super Store"}, "geometry": {"type": "Point", "coordinates": [-89.90198, 35.11378]}}, {"type": "Feature", "properties": {"name": "Walgreens 07808", "type": "Other"}, "geometry": {"type": "Point", "coordinates": [-89.85254, 35.1012]}}, {"type": "Feature", "properties": {"name": "WALGREENS  4735", "type": "Other"}, "geometry": {"type": "Point", "coordinates": [-89.83007, 35.04852]}}, {"type": "Feature", "properties": {"name": "Gabe Market NONE", "type": "Convenience Store"}, "geometry": {"type": "Point", "coordinates": [-89.83373, 35.16691]}}, {"type": "Feature", "properties": {"name": "DOLLAR GENERAL 6647", "type": "Other"}, "geometry": {"type": "Point", "coordinates": [-89.98004, 35.12586]}}, {"type": "Feature", "properties": {"name": "Safeway Market", "type": "Convenience Store"}, "geometry": {"type": "Point", "coordinates": [-90.06926, 35.03846]}}, {"type": "Feature", "properties": {"name": "CASH EXPRESS", "type": "Convenience Store"}, "geometry": {"type": "Point", "coordinates": [-89.91188, 35.16192]}}, {"type": "Feature", "properties": {"name": "Express 7/11 Market", "type": "Convenience Store"}, "geometry": {"type": "Point", "coordinates": [-89.88113, 35.05088]}}, {"type": "Feature", "properties": {"name": "Dollar General 12662", "type": "Other"}, "geometry": {"type": "Point", "coordinates": [-89.84998, 35.03441]}}, {"type": "Feature", "properties": {"name": "WALGREENS  5654", "type": "Other"}, "geometry": {"type": "Point", "coordinates": [-89.8373, 35.1664]}}, {"type": "Feature", "properties": {"name": "KROGER FOOD STORE  401", "type": "Super Store"}, "geometry": {"type": "Point", "coordinates": [-89.8312, 35.01856]}}, {"type": "Feature", "properties": {"name": "Holmes Elvis Presley Store", "type": "Convenience Store"}, "geometry": {"type": "Point", "coordinates": [-90.02537, 35.00122]}}, {"type": "Feature", "properties": {"name": "WALGREENS  3227", "type": "Other"}, "geometry": {"type": "Point", "coordinates": [-89.94906, 35.12878]}}, {"type": "Feature", "properties": {"name": "Walgreens 11671", "type": "Other"}, "geometry": {"type": "Point", "coordinates": [-89.9057, 35.11571]}}, {"type": "Feature", "properties": {"name": "WALGREEN 6769", "type": "Other"}, "geometry": {"type": "Point", "coordinates": [-89.79563, 35.02046]}}, {"type": "Feature", "properties": {"name": "SUPER MERCADO EL REY #2", "type": "Grocery Store"}, "geometry": {"type": "Point", "coordinates": [-89.86814, 35.04792]}}, {"type": "Feature", "properties": {"name": "TARGET STORE T-1030", "type": "Super Store"}, "geometry": {"type": "Point", "coordinates": [-89.79723, 35.2038]}}, {"type": "Feature", "properties": {"name": "DollarTree 09915", "type": "Other"}, "geometry": {"type": "Point", "coordinates": [-89.83025, 35.04714]}}, {"type": "Feature", "properties": {"name": "Dollar General 12713", "type": "Other"}, "geometry": {"type": "Point", "coordinates": [-90.00311, 35.22482]}}, {"type": "Feature", "properties": {"name": "WINCHESTER FARMERS MARKET", "type": "Super Store"}, "geometry": {"type": "Point", "coordinates": [-89.84288, 35.05127]}}, {"type": "Feature", "properties": {"name": "Q Stop", "type": "Convenience Store"}, "geometry": {"type": "Point", "coordinates": [-89.97575, 35.19766]}}, {"type": "Feature", "properties": {"name": "Memphis Cash & Carry", "type": "Grocery Store"}, "geometry": {"type": "Point", "coordinates": [-90.05721, 35.12782]}}, {"type": "Feature", "properties": {"name": "Jackson Food Mart", "type": "Convenience Store"}, "geometry": {"type": "Point", "coordinates": [-89.97543, 35.15833]}}, {"type": "Feature", "properties": {"name": "Wahla Operations LLC", "type": "Convenience Store"}, "geometry": {"type": "Point", "coordinates": [-90.06233, 35.12524]}}, {"type": "Feature", "properties": {"name": "Dollar General 7492", "type": "Other"}, "geometry": {"type": "Point", "coordinates": [-89.83931, 35.16625]}}, {"type": "Feature", "properties": {"name": "UNITED FOOD & FUEL", "type": "Convenience Store"}, "geometry": {"type": "Point", "coordinates": [-89.98618, 35.13382]}}, {"type": "Feature", "properties": {"name": "SAMMEN FOOD MARKET", "type": "Convenience Store"}, "geometry": {"type": "Point", "coordinates": [-89.99325, 35.24057]}}, {"type": "Feature", "properties": {"name": "SUMMER AVENUE BP", "type": "Convenience Store"}, "geometry": {"type": "Point", "coordinates": [-89.90576, 35.14868]}}, {"type": "Feature", "properties": {"name": "Barakat", "type": "Grocery Store"}, "geometry": {"type": "Point", "coordinates": [-89.87056, 35.18315]}}, {"type": "Feature", "properties": {"name": "Quick Stop Foods", "type": "Convenience Store"}, "geometry": {"type": "Point", "coordinates": [-90.02927, 35.13459]}}, {"type": "Feature", "properties": {"name": "Walmart SUPERCENTER 5196", "type": "Super Store"}, "geometry": {"type": "Point", "coordinates": [-90.02535, 35.00437]}}, {"type": "Feature", "properties": {"name": "Family Dollar 8681", "type": "Other"}, "geometry": {"type": "Point", "coordinates": [-89.80228, 35.1122]}}, {"type": "Feature", "properties": {"name": "Family Dollar 3370", "type": "Other"}, "geometry": {"type": "Point", "coordinates": [-90.00198, 35.226]}}, {"type": "Feature", "properties": {"name": "Family Dollar 3537", "type": "Other"}, "geometry": {"type": "Point", "coordinates": [-89.91993, 35.15046]}}, {"type": "Feature", "properties": {"name": "Family Dollar 6105", "type": "Other"}, "geometry": {"type": "Point", "coordinates": [-89.91343, 35.21684]}}, {"type": "Feature", "properties": {"name": "Family Dollar 876", "type": "Other"}, "geometry": {"type": "Point", "coordinates": [-89.96511, 35.08927]}}, {"type": "Feature", "properties": {"name": "Family Dollar 5671", "type": "Other"}, "geometry": {"type": "Point", "coordinates": [-89.91942, 35.0521]}}, {"type": "Feature", "properties": {"name": "Family Dollar 6010", "type": "Other"}, "geometry": {"type": "Point", "coordinates": [-89.88722, 35.06311]}}, {"type": "Feature", "properties": {"name": "Family Dollar 6465", "type": "Other"}, "geometry": {"type": "Point", "coordinates": [-89.96348, 35.10787]}}, {"type": "Feature", "properties": {"name": "Family Dollar 723", "type": "Other"}, "geometry": {"type": "Point", "coordinates": [-89.9917, 35.21827]}}, {"type": "Feature", "properties": {"name": "DOLLAR GENERAL 10986", "type": "Other"}, "geometry": {"type": "Point", "coordinates": [-89.82325, 35.20381]}}, {"type": "Feature", "properties": {"name": "Family Dollar 5960", "type": "Other"}, "geometry": {"type": "Point", "coordinates": [-89.84221, 35.02042]}}, {"type": "Feature", "properties": {"name": "DollarTree 6988", "type": "Other"}, "geometry": {"type": "Point", "coordinates": [-89.94053, 35.0641]}}, {"type": "Feature", "properties": {"name": "Family Dollar 6097", "type": "Other"}, "geometry": {"type": "Point", "coordinates": [-89.86681, 35.05981]}}, {"type": "Feature", "properties": {"name": "Family Dollar 759", "type": "Other"}, "geometry": {"type": "Point", "coordinates": [-90.02653, 35.03635]}}, {"type": "Feature", "properties": {"name": "Family Dollar 3398", "type": "Other"}, "geometry": {"type": "Point", "coordinates": [-89.90898, 35.06244]}}, {"type": "Feature", "properties": {"name": "ALDI 69096 69096", "type": "Supermarket"}, "geometry": {"type": "Point", "coordinates": [-89.91835, 35.21189]}}, {"type": "Feature", "properties": {"name": "Family Dollar 8694", "type": "Other"}, "geometry": {"type": "Point", "coordinates": [-89.97551, 35.19926]}}, {"type": "Feature", "properties": {"name": "LAMAR QUICK STOP", "type": "Convenience Store"}, "geometry": {"type": "Point", "coordinates": [-89.97723, 35.10061]}}, {"type": "Feature", "properties": {"name": "Family Dollar 7230", "type": "Other"}, "geometry": {"type": "Point", "coordinates": [-89.97981, 35.1512]}}, {"type": "Feature", "properties": {"name": "Family Dollar 1170", "type": "Other"}, "geometry": {"type": "Point", "coordinates": [-90.00669, 35.02003]}}, {"type": "Feature", "properties": {"name": "Family Dollar 1568", "type": "Other"}, "geometry": {"type": "Point", "coordinates": [-90.02216, 35.11611]}}, {"type": "Feature", "properties": {"name": "LIT JR", "type": "Supermarket"}, "geometry": {"type": "Point", "coordinates": [-89.96245, 35.14949]}}, {"type": "Feature", "properties": {"name": "Family Dollar 820", "type": "Other"}, "geometry": {"type": "Point", "coordinates": [-90.00618, 35.1421]}}, {"type": "Feature", "properties": {"name": "Family Dollar 5803", "type": "Other"}, "geometry": {"type": "Point", "coordinates": [-89.95345, 35.02072]}}, {"type": "Feature", "properties": {"name": "Family Dollar 5844", "type": "Other"}, "geometry": {"type": "Point", "coordinates": [-90.0566, 35.01954]}}, {"type": "Feature", "properties": {"name": "DollarTree 6818", "type": "Other"}, "geometry": {"type": "Point", "coordinates": [-90.10778, 35.00407]}}, {"type": "Feature", "properties": {"name": "Elvis Exxon", "type": "Convenience Store"}, "geometry": {"type": "Point", "coordinates": [-90.02526, 35.02058]}}, {"type": "Feature", "properties": {"name": "Mount Moriah Exxon Inc", "type": "Convenience Store"}, "geometry": {"type": "Point", "coordinates": [-89.86259, 35.07198]}}, {"type": "Feature", "properties": {"name": "Family Dollar 8027", "type": "Other"}, "geometry": {"type": "Point", "coordinates": [-90.01482, 35.14652]}}, {"type": "Feature", "properties": {"name": "Circle K 9805", "type": "Convenience Store"}, "geometry": {"type": "Point", "coordinates": [-89.80976, 35.09322]}}, {"type": "Feature", "properties": {"name": "Dollar General 11599", "type": "Other"}, "geometry": {"type": "Point", "coordinates": [-89.95572, 35.02126]}}, {"type": "Feature", "properties": {"name": "Dollar General 11570", "type": "Other"}, "geometry": {"type": "Point", "coordinates": [-90.00685, 35.02443]}}, {"type": "Feature", "properties": {"name": "Circle K 4703673", "type": "Convenience Store"}, "geometry": {"type": "Point", "coordinates": [-89.94576, 35.11567]}}, {"type": "Feature", "properties": {"name": "LA FIESTA", "type": "Grocery Store"}, "geometry": {"type": "Point", "coordinates": [-89.88463, 35.05312]}}, {"type": "Feature", "properties": {"name": "Superman Discount Market", "type": "Convenience Store"}, "geometry": {"type": "Point", "coordinates": [-89.90749, 35.14873]}}, {"type": "Feature", "properties": {"name": "Parkway Discount Mart", "type": "Convenience Store"}, "geometry": {"type": "Point", "coordinates": [-90.07061, 35.10789]}}, {"type": "Feature", "properties": {"name": "ADAMS FRESH MARKET", "type": "Grocery Store"}, "geometry": {"type": "Point", "coordinates": [-89.93164, 35.09736]}}, {"type": "Feature", "properties": {"name": "La Perla Tienda Mexicana", "type": "Grocery Store"}, "geometry": {"type": "Point", "coordinates": [-89.83637, 35.19363]}}, {"type": "Feature", "properties": {"name": "Target Store 2474", "type": "Super Store"}, "geometry": {"type": "Point", "coordinates": [-89.86351, 35.10086]}}, {"type": "Feature", "properties": {"name": "DollarTree 4082", "type": "Other"}, "geometry": {"type": "Point", "coordinates": [-90.02617, 35.03815]}}, {"type": "Feature", "properties": {"name": "HHR Corporation", "type": "Convenience Store"}, "geometry": {"type": "Point", "coordinates": [-89.88023, 35.23123]}}, {"type": "Feature", "properties": {"name": "Sprouts Farmers Market 583", "type": "Supermarket"}, "geometry": {"type": "Point", "coordinates": [-89.90694, 35.11571]}}, {"type": "Feature", "properties": {"name": "4 Way Express 0", "type": "Convenience Store"}, "geometry": {"type": "Point", "coordinates": [-89.93651, 35.03641]}}, {"type": "Feature", "properties": {"name": "Kirby Food & Fuel", "type": "Convenience Store"}, "geometry": {"type": "Point", "coordinates": [-89.84759, 35.03542]}}, {"type": "Feature", "properties": {"name": "DollarTree 3871", "type": "Other"}, "geometry": {"type": "Point", "coordinates": [-89.80685, 35.0522]}}, {"type": "Feature", "properties": {"name": "Airya Food Mart", "type": "Convenience Store"}, "geometry": {"type": "Point", "coordinates": [-90.04087, 35.20682]}}, {"type": "Feature", "properties": {"name": "Tiger Mart", "type": "Convenience Store"}, "geometry": {"type": "Point", "coordinates": [-90.01833, 35.15856]}}, {"type": "Feature", "properties": {"name": "Jaber Inc", "type": "Convenience Store"}, "geometry": {"type": "Point", "coordinates": [-89.92783, 35.22154]}}, {"type": "Feature", "properties": {"name": "Dollar General 11798", "type": "Other"}, "geometry": {"type": "Point", "coordinates": [-89.94316, 35.19854]}}, {"type": "Feature", "properties": {"name": "Dollar General 12168", "type": "Other"}, "geometry": {"type": "Point", "coordinates": [-89.89464, 35.20543]}}, {"type": "Feature", "properties": {"name": "Dollar General 12155", "type": "Other"}, "geometry": {"type": "Point", "coordinates": [-89.83282, 35.04917]}}, {"type": "Feature", "properties": {"name": "Summer Food Mart", "type": "Convenience Store"}, "geometry": {"type": "Point", "coordinates": [-89.97636, 35.15005]}}, {"type": "Feature", "properties": {"name": "CVS PHARMACY 7619", "type": "Other"}, "geometry": {"type": "Point", "coordinates": [-89.73334, 35.20557]}}, {"type": "Feature", "properties": {"name": "Walgreens 10103", "type": "Other"}, "geometry": {"type": "Point", "coordinates": [-89.89419, 35.20701]}}, {"type": "Feature", "properties": {"name": "South Side BPG Partnership", "type": "Convenience Store"}, "geometry": {"type": "Point", "coordinates": [-90.03096, 35.10965]}}, {"type": "Feature", "properties": {"name": "Valero Express", "type": "Convenience Store"}, "geometry": {"type": "Point", "coordinates": [-89.98587, 35.0816]}}, {"type": "Feature", "properties": {"name": "CIRCLE K 4701685", "type": "Convenience Store"}, "geometry": {"type": "Point", "coordinates": [-90.00571, 35.13578]}}, {"type": "Feature", "properties": {"name": "Dollar General 19010", "type": "Other"}, "geometry": {"type": "Point", "coordinates": [-89.85677, 35.04973]}}, {"type": "Feature", "properties": {"name": "Carnes Mini Mart", "type": "Convenience Store"}, "geometry": {"type": "Point", "coordinates": [-89.9695, 35.11187]}}, {"type": "Feature", "properties": {"name": "Dollar General 19289", "type": "Other"}, "geometry": {"type": "Point", "coordinates": [-90.05605, 35.09436]}}, {"type": "Feature", "properties": {"name": "Dollar General 13247", "type": "Other"}, "geometry": {"type": "Point", "coordinates": [-89.96558, 35.08851]}}, {"type": "Feature", "properties": {"name": "Dollar General 12206", "type": "Other"}, "geometry": {"type": "Point", "coordinates": [-90.0566, 35.02002]}}, {"type": "Feature", "properties": {"name": "Winchester Mini Market", "type": "Convenience Store"}, "geometry": {"type": "Point", "coordinates": [-89.85252, 35.05003]}}, {"type": "Feature", "properties": {"name": "Family Dollar 8516", "type": "Other"}, "geometry": {"type": "Point", "coordinates": [-89.93113, 35.08707]}}, {"type": "Feature", "properties": {"name": "Dollar General 13192", "type": "Other"}, "geometry": {"type": "Point", "coordinates": [-90.0202, 35.07782]}}, {"type": "Feature", "properties": {"name": "Gary's Food Express", "type": "Convenience Store"}, "geometry": {"type": "Point", "coordinates": [-89.93635, 35.01603]}}, {"type": "Feature", "properties": {"name": "Dollar General 11856", "type": "Other"}, "geometry": {"type": "Point", "coordinates": [-89.89096, 35.08769]}}, {"type": "Feature", "properties": {"name": "Dollar General 11958", "type": "Other"}, "geometry": {"type": "Point", "coordinates": [-89.92432, 35.14846]}}, {"type": "Feature", "properties": {"name": "Family Dollar 8417", "type": "Other"}, "geometry": {"type": "Point", "coordinates": [-89.9068, 35.07475]}}, {"type": "Feature", "properties": {"name": "Family Dollar 8323", "type": "Other"}, "geometry": {"type": "Point", "coordinates": [-89.86952, 35.17328]}}, {"type": "Feature", "properties": {"name": "Mediterranean Grocery", "type": "Grocery Store"}, "geometry": {"type": "Point", "coordinates": [-89.94393, 35.10782]}}, {"type": "Feature", "properties": {"name": "Frasier Food Mart", "type": "Convenience Store"}, "geometry": {"type": "Point", "coordinates": [-90.00313, 35.22681]}}, {"type": "Feature", "properties": {"name": "CVS PHARMACY 8427", "type": "Other"}, "geometry": {"type": "Point", "coordinates": [-89.84263, 35.04951]}}, {"type": "Feature", "properties": {"name": "Family Dollar 8579", "type": "Other"}, "geometry": {"type": "Point", "coordinates": [-90.03677, 35.16394]}}, {"type": "Feature", "properties": {"name": "Family Dollar 8953", "type": "Other"}, "geometry": {"type": "Point", "coordinates": [-89.79579, 35.03377]}}, {"type": "Feature", "properties": {"name": "Sam's Club 8292", "type": "Super Store"}, "geometry": {"type": "Point", "coordinates": [-89.89632, 35.1841]}}, {"type": "Feature", "properties": {"name": "DollarTree 4024", "type": "Other"}, "geometry": {"type": "Point", "coordinates": [-89.96328, 35.08979]}}, {"type": "Feature", "properties": {"name": "DollarTree 346", "type": "Other"}, "geometry": {"type": "Point", "coordinates": [-89.79607, 35.20105]}}, {"type": "Feature", "properties": {"name": "DollarTree 379", "type": "Other"}, "geometry": {"type": "Point", "coordinates": [-89.94629, 35.1305]}}, {"type": "Feature", "properties": {"name": "DollarTree 395", "type": "Other"}, "geometry": {"type": "Point", "coordinates": [-89.86186, 35.20312]}}, {"type": "Feature", "properties": {"name": "DollarTree 423", "type": "Other"}, "geometry": {"type": "Point", "coordinates": [-89.89922, 35.23114]}}, {"type": "Feature", "properties": {"name": "Sam's Club 6256", "type": "Super Store"}, "geometry": {"type": "Point", "coordinates": [-89.8137, 35.05049]}}, {"type": "Feature", "properties": {"name": "Grizzly Mart", "type": "Grocery Store"}, "geometry": {"type": "Point", "coordinates": [-89.94654, 35.16192]}}, {"type": "Feature", "properties": {"name": "Abbys 4 International Market Llc 1", "type": "Grocery Store"}, "geometry": {"type": "Point", "coordinates": [-89.85532, 35.04934]}}, {"type": "Feature", "properties": {"name": "Highwayexpress", "type": "Convenience Store"}, "geometry": {"type": "Point", "coordinates": [-90.00792, 35.19421]}}, {"type": "Feature", "properties": {"name": "Exxon", "type": "Convenience Store"}, "geometry": {"type": "Point", "coordinates": [-89.86042, 35.16248]}}, {"type": "Feature", "properties": {"name": "DollarTree 6623", "type": "Other"}, "geometry": {"type": "Point", "coordinates": [-89.82474, 35.02094]}}, {"type": "Feature", "properties": {"name": "CVS Pharmacy 7144", "type": "Other"}, "geometry": {"type": "Point", "coordinates": [-89.84142, 35.20533]}}, {"type": "Feature", "properties": {"name": "Elvis Presely Bp", "type": "Convenience Store"}, "geometry": {"type": "Point", "coordinates": [-90.02606, 34.99561]}}, {"type": "Feature", "properties": {"name": "Love's Travel Stop & Country Store 247", "type": "Convenience Store"}, "geometry": {"type": "Point", "coordinates": [-100.53362, 34.72334]}}, {"type": "Feature", "properties": {"name": "DollarTree 616", "type": "Other"}, "geometry": {"type": "Point", "coordinates": [-89.89064, 35.15138]}}, {"type": "Feature", "properties": {"name": "DollarTree 2948", "type": "Other"}, "geometry": {"type": "Point", "coordinates": [-89.89404, 35.10802]}}, {"type": "Feature", "properties": {"name": "Carniceria Jimenez", "type": "Grocery Store"}, "geometry": {"type": "Point", "coordinates": [-89.92931, 35.18748]}}, {"type": "Feature", "properties": {"name": "Raliegh Amoco", "type": "Convenience Store"}, "geometry": {"type": "Point", "coordinates": [-89.92242, 35.21123]}}, {"type": "Feature", "properties": {"name": "DollarTree 5311", "type": "Other"}, "geometry": {"type": "Point", "coordinates": [-89.86645, 35.04749]}}, {"type": "Feature", "properties": {"name": "Shop N Save", "type": "Convenience Store"}, "geometry": {"type": "Point", "coordinates": [-90.05508, 35.11998]}}, {"type": "Feature", "properties": {"name": "Snappy Sacker 1", "type": "Grocery Store"}, "geometry": {"type": "Point", "coordinates": [-90.04075, 35.03531]}}, {"type": "Feature", "properties": {"name": "Family Dollar 8691", "type": "Other"}, "geometry": {"type": "Point", "coordinates": [-89.84435, 35.06473]}}, {"type": "Feature", "properties": {"name": "Emilio's Grocery", "type": "Super Store"}, "geometry": {"type": "Point", "coordinates": [-89.93227, 35.07375]}}, {"type": "Feature", "properties": {"name": "Z Market", "type": "Convenience Store"}, "geometry": {"type": "Point", "coordinates": [-89.84654, 35.03494]}}, {"type": "Feature", "properties": {"name": "Fastrack Shop", "type": "Convenience Store"}, "geometry": {"type": "Point", "coordinates": [-89.95415, 35.02081]}}, {"type": "Feature", "properties": {"name": "Super Stop", "type": "Convenience Store"}, "geometry": {"type": "Point", "coordinates": [-90.00047, 35.16052]}}, {"type": "Feature", "properties": {"name": "Hickory Food Mart", "type": "Convenience Store"}, "geometry": {"type": "Point", "coordinates": [-89.86543, 35.06108]}}, {"type": "Feature", "properties": {"name": "Millbranch Exxon Llc", "type": "Convenience Store"}, "geometry": {"type": "Point", "coordinates": [-90.00783, 35.06134]}}, {"type": "Feature", "properties": {"name": "Express Gas 1", "type": "Convenience Store"}, "geometry": {"type": "Point", "coordinates": [-90.02509, 35.05031]}}, {"type": "Feature", "properties": {"name": "Exxon Mart Downtown", "type": "Convenience Store"}, "geometry": {"type": "Point", "coordinates": [-90.04313, 35.14768]}}, {"type": "Feature", "properties": {"name": "Orange Mound Food Mart ", "type": "Convenience Store"}, "geometry": {"type": "Point", "coordinates": [-89.95853, 35.09992]}}, {"type": "Feature", "properties": {"name": "DollarTree 5282", "type": "Other"}, "geometry": {"type": "Point", "coordinates": [-90.03275, 35.20914]}}, {"type": "Feature", "properties": {"name": "Family Dollar 8992", "type": "Other"}, "geometry": {"type": "Point", "coordinates": [-89.90842, 35.09211]}}, {"type": "Feature", "properties": {"name": "Family Dollar 8610", "type": "Other"}, "geometry": {"type": "Point", "coordinates": [-89.94578, 35.11374]}}, {"type": "Feature", "properties": {"name": "Circle K 4703676", "type": "Convenience Store"}, "geometry": {"type": "Point", "coordinates": [-89.8389, 35.19983]}}, {"type": "Feature", "properties": {"name": "Circle K 4703666", "type": "Convenience Store"}, "geometry": {"type": "Point", "coordinates": [-89.9308, 35.07582]}}, {"type": "Feature", "properties": {"name": "Circle K 4703656", "type": "Convenience Store"}, "geometry": {"type": "Point", "coordinates": [-89.79588, 35.03454]}}, {"type": "Feature", "properties": {"name": "Circle K 4703200", "type": "Convenience Store"}, "geometry": {"type": "Point", "coordinates": [-89.82368, 35.04889]}}, {"type": "Feature", "properties": {"name": "Circle K 4703255", "type": "Convenience Store"}, "geometry": {"type": "Point", "coordinates": [-89.79615, 35.04839]}}, {"type": "Feature", "properties": {"name": "Circle K 4703661", "type": "Convenience Store"}, "geometry": {"type": "Point", "coordinates": [-89.84321, 35.06811]}}, {"type": "Feature", "properties": {"name": "Circle K 4703677", "type": "Convenience Store"}, "geometry": {"type": "Point", "coordinates": [-89.81492, 35.19459]}}, {"type": "Feature", "properties": {"name": "4703678.0 270-3249", "type": "Convenience Store"}, "geometry": {"type": "Point", "coordinates": [-89.8366, 35.17212]}}, {"type": "Feature", "properties": {"name": "Circle K 4703683", "type": "Convenience Store"}, "geometry": {"type": "Point", "coordinates": [-89.81416, 35.20456]}}, {"type": "Feature", "properties": {"name": "Circle K 4703667", "type": "Convenience Store"}, "geometry": {"type": "Point", "coordinates": [-89.89434, 35.20682]}}, {"type": "Feature", "properties": {"name": "Circle K 4703671", "type": "Convenience Store"}, "geometry": {"type": "Point", "coordinates": [-89.89469, 35.23565]}}, {"type": "Feature", "properties": {"name": "Panaderia La Ilucion", "type": "Grocery Store"}, "geometry": {"type": "Point", "coordinates": [-89.9205, 35.07513]}}, {"type": "Feature", "properties": {"name": "Nh Prescott Mart", "type": "Convenience Store"}, "geometry": {"type": "Point", "coordinates": [-89.95247, 35.08452]}}, {"type": "Feature", "properties": {"name": "Family Dollar 8979", "type": "Other"}, "geometry": {"type": "Point", "coordinates": [-89.93173, 35.07491]}}, {"type": "Feature", "properties": {"name": "Family Dollar 8980", "type": "Other"}, "geometry": {"type": "Point", "coordinates": [-89.96248, 35.13362]}}, {"type": "Feature", "properties": {"name": "Fast Check Llc", "type": "Convenience Store"}, "geometry": {"type": "Point", "coordinates": [-89.91005, 35.05121]}}, {"type": "Feature", "properties": {"name": "Shell Food Mart", "type": "Convenience Store"}, "geometry": {"type": "Point", "coordinates": [-89.87169, 35.18328]}}, {"type": "Feature", "properties": {"name": "Pendleton Grocery", "type": "Convenience Store"}, "geometry": {"type": "Point", "coordinates": [-89.97193, 35.08116]}}, {"type": "Feature", "properties": {"name": "Family Dollar 5984", "type": "Other"}, "geometry": {"type": "Point", "coordinates": [-90.02537, 35.00202]}}, {"type": "Feature", "properties": {"name": "The Fresh Market 041", "type": "Supermarket"}, "geometry": {"type": "Point", "coordinates": [-89.89036, 35.10852]}}, {"type": "Feature", "properties": {"name": "Family Dollar 9049", "type": "Other"}, "geometry": {"type": "Point", "coordinates": [-90.00117, 35.16098]}}, {"type": "Feature", "properties": {"name": "Kroger Fuel Center 491", "type": "Convenience Store"}, "geometry": {"type": "Point", "coordinates": [-89.89417, 35.10988]}}, {"type": "Feature", "properties": {"name": "DollarTree 6536", "type": "Other"}, "geometry": {"type": "Point", "coordinates": [-90.02039, 35.12834]}}, {"type": "Feature", "properties": {"name": "Family Dollar 11549", "type": "Other"}, "geometry": {"type": "Point", "coordinates": [-89.86639, 35.03422]}}, {"type": "Feature", "properties": {"name": "CD Food Mart", "type": "Convenience Store"}, "geometry": {"type": "Point", "coordinates": [-90.00193, 35.2265]}}, {"type": "Feature", "properties": {"name": "Brother's Grocery", "type": "Convenience Store"}, "geometry": {"type": "Point", "coordinates": [-90.06493, 35.10189]}}, {"type": "Feature", "properties": {"name": "Shima Enterprise Inc", "type": "Convenience Store"}, "geometry": {"type": "Point", "coordinates": [-89.93079, 35.08784]}}, {"type": "Feature", "properties": {"name": "Checks Cashed 2", "type": "Convenience Store"}, "geometry": {"type": "Point", "coordinates": [-89.93119, 35.09945]}}, {"type": "Feature", "properties": {"name": "Good Works Farmers Market", "type": "Farmers and Markets"}, "geometry": {"type": "Point", "coordinates": [-90.03535, 35.20757]}}, {"type": "Feature", "properties": {"name": "Save More Market NONE", "type": "Convenience Store"}, "geometry": {"type": "Point", "coordinates": [-89.97001, 35.10831]}}, {"type": "Feature", "properties": {"name": "Family Market", "type": "Convenience Store"}, "geometry": {"type": "Point", "coordinates": [-90.0424, 35.15797]}}, {"type": "Feature", "properties": {"name": "Wava Stop Llc", "type": "Convenience Store"}, "geometry": {"type": "Point", "coordinates": [-89.94222, 35.17254]}}, {"type": "Feature", "properties": {"name": "Poplar Exxon", "type": "Convenience Store"}, "geometry": {"type": "Point", "coordinates": [-89.99847, 35.14297]}}, {"type": "Feature", "properties": {"name": "R & M Petro", "type": "Convenience Store"}, "geometry": {"type": "Point", "coordinates": [-90.00813, 35.19805]}}, {"type": "Feature", "properties": {"name": "Moes Stop N Go", "type": "Convenience Store"}, "geometry": {"type": "Point", "coordinates": [-89.83144, 35.03591]}}, {"type": "Feature", "properties": {"name": "Kroger 440", "type": "Super Store"}, "geometry": {"type": "Point", "coordinates": [-89.76194, 35.20266]}}, {"type": "Feature", "properties": {"name": "Kroger 486", "type": "Super Store"}, "geometry": {"type": "Point", "coordinates": [-90.02341, 35.02271]}}, {"type": "Feature", "properties": {"name": "Kroger 489", "type": "Super Store"}, "geometry": {"type": "Point", "coordinates": [-89.84056, 35.20607]}}, {"type": "Feature", "properties": {"name": "Kroger 491", "type": "Super Store"}, "geometry": {"type": "Point", "coordinates": [-89.89437, 35.10903]}}, {"type": "Feature", "properties": {"name": "CVS Pharmacy 10204", "type": "Other"}, "geometry": {"type": "Point", "coordinates": [-90.0258, 35.03496]}}, {"type": "Feature", "properties": {"name": "Macon Express", "type": "Convenience Store"}, "geometry": {"type": "Point", "coordinates": [-89.91046, 35.16189]}}, {"type": "Feature", "properties": {"name": "Walmart Supercenter 6807", "type": "Super Store"}, "geometry": {"type": "Point", "coordinates": [-89.83939, 35.17781]}}, {"type": "Feature", "properties": {"name": "CVS PHARMACY 4992", "type": "Other"}, "geometry": {"type": "Point", "coordinates": [-89.99077, 35.13356]}}, {"type": "Feature", "properties": {"name": "Family Dollar 8735", "type": "Other"}, "geometry": {"type": "Point", "coordinates": [-90.07158, 35.03699]}}, {"type": "Feature", "properties": {"name": "7 Skies Truck Stop LLC", "type": "Convenience Store"}, "geometry": {"type": "Point", "coordinates": [-89.91979, 35.00542]}}, {"type": "Feature", "properties": {"name": "Murphy Express 8674", "type": "Convenience Store"}, "geometry": {"type": "Point", "coordinates": [-89.80666, 35.04952]}}, {"type": "Feature", "properties": {"name": "Lovely Food Market", "type": "Convenience Store"}, "geometry": {"type": "Point", "coordinates": [-90.00343, 35.21901]}}, {"type": "Feature", "properties": {"name": "Dannys Market", "type": "Convenience Store"}, "geometry": {"type": "Point", "coordinates": [-90.03866, 35.16327]}}, {"type": "Feature", "properties": {"name": "J&S Fuel Inc", "type": "Convenience Store"}, "geometry": {"type": "Point", "coordinates": [-89.94677, 35.10748]}}, {"type": "Feature", "properties": {"name": "Family Grocery", "type": "Convenience Store"}, "geometry": {"type": "Point", "coordinates": [-90.00307, 35.10596]}}, {"type": "Feature", "properties": {"name": "DollarTree 5184", "type": "Other"}, "geometry": {"type": "Point", "coordinates": [-90.05783, 35.09765]}}, {"type": "Feature", "properties": {"name": "Circle S Mart", "type": "Convenience Store"}, "geometry": {"type": "Point", "coordinates": [-89.93169, 35.07529]}}, {"type": "Feature", "properties": {"name": "City Market", "type": "Convenience Store"}, "geometry": {"type": "Point", "coordinates": [-90.05351, 35.14337]}}, {"type": "Feature", "properties": {"name": "Gas N' Snack I", "type": "Convenience Store"}, "geometry": {"type": "Point", "coordinates": [-90.01851, 35.0838]}}, {"type": "Feature", "properties": {"name": "Cash Express 7", "type": "Convenience Store"}, "geometry": {"type": "Point", "coordinates": [-89.86606, 35.06039]}}, {"type": "Feature", "properties": {"name": "La Roca 2 Tienda Mexicana Inc", "type": "Grocery Store"}, "geometry": {"type": "Point", "coordinates": [-89.91698, 35.17177]}}, {"type": "Feature", "properties": {"name": "H & D Food & Fuel", "type": "Convenience Store"}, "geometry": {"type": "Point", "coordinates": [-89.97542, 35.19898]}}, {"type": "Feature", "properties": {"name": "Brother Express Mart", "type": "Convenience Store"}, "geometry": {"type": "Point", "coordinates": [-89.77996, 35.17829]}}, {"type": "Feature", "properties": {"name": "Agricenter Farmers Market NAFMNP", "type": "Farmers and Markets"}, "geometry": {"type": "Point", "coordinates": [-89.80373, 35.12884]}}, {"type": "Feature", "properties": {"name": "Eden Food Mart", "type": "Convenience Store"}, "geometry": {"type": "Point", "coordinates": [-89.88541, 35.07237]}}, {"type": "Feature", "properties": {"name": "Quick Mart", "type": "Convenience Store"}, "geometry": {"type": "Point", "coordinates": [-90.05534, 35.10733]}}, {"type": "Feature", "properties": {"name": "Ross Food & Fuel", "type": "Convenience Store"}, "geometry": {"type": "Point", "coordinates": [-89.83946, 35.02036]}}, {"type": "Feature", "properties": {"name": "Whole Foods Market 10480", "type": "Super Store"}, "geometry": {"type": "Point", "coordinates": [-89.89513, 35.11272]}}, {"type": "Feature", "properties": {"name": "Zam Zam Inc", "type": "Convenience Store"}, "geometry": {"type": "Point", "coordinates": [-89.95109, 35.05273]}}, {"type": "Feature", "properties": {"name": "The Fresh Market 194", "type": "Supermarket"}, "geometry": {"type": "Point", "coordinates": [-89.98971, 35.1341]}}, {"type": "Feature", "properties": {"name": "Airways Gas Express ", "type": "Convenience Store"}, "geometry": {"type": "Point", "coordinates": [-89.99038, 35.01474]}}, {"type": "Feature", "properties": {"name": "Love's Travel Stops & Country Stores Inc 344", "type": "Convenience Store"}, "geometry": {"type": "Point", "coordinates": [-89.9498, 35.07536]}}, {"type": "Feature", "properties": {"name": "Casa Perez 3", "type": "Grocery Store"}, "geometry": {"type": "Point", "coordinates": [-89.8954, 35.19459]}}, {"type": "Feature", "properties": {"name": "Miss Crumpys Grab & Go", "type": "Grocery Store"}, "geometry": {"type": "Point", "coordinates": [-90.03117, 35.06376]}}, {"type": "Feature", "properties": {"name": "Dodge Store 7204", "type": "Convenience Store"}, "geometry": {"type": "Point", "coordinates": [-90.1037, 35.00661]}}, {"type": "Feature", "properties": {"name": "Firestone Grocery & Deli", "type": "Convenience Store"}, "geometry": {"type": "Point", "coordinates": [-90.02404, 35.17453]}}, {"type": "Feature", "properties": {"name": "Walgreens 15287", "type": "Other"}, "geometry": {"type": "Point", "coordinates": [-89.88866, 35.10932]}}, {"type": "Feature", "properties": {"name": "Corner Market 1796", "type": "Convenience Store"}, "geometry": {"type": "Point", "coordinates": [-90.00211, 35.11773]}}, {"type": "Feature", "properties": {"name": "E-Z Food Mart", "type": "Convenience Store"}, "geometry": {"type": "Point", "coordinates": [-89.97974, 35.24768]}}, {"type": "Feature", "properties": {"name": "CVS Pharmacy 6304", "type": "Other"}, "geometry": {"type": "Point", "coordinates": [-89.85916, 35.08601]}}, {"type": "Feature", "properties": {"name": "DOLLAR GENERAL 12940", "type": "Other"}, "geometry": {"type": "Point", "coordinates": [-89.92793, 35.2194]}}, {"type": "Feature", "properties": {"name": "DollarTree 5604", "type": "Other"}, "geometry": {"type": "Point", "coordinates": [-89.79945, 35.02043]}}, {"type": "Feature", "properties": {"name": "Qmart BD", "type": "Convenience Store"}, "geometry": {"type": "Point", "coordinates": [-89.99178, 35.10997]}}, {"type": "Feature", "properties": {"name": "Sally's Grocery", "type": "Convenience Store"}, "geometry": {"type": "Point", "coordinates": [-89.95624, 35.17356]}}, {"type": "Feature", "properties": {"name": "Express Mart", "type": "Convenience Store"}, "geometry": {"type": "Point", "coordinates": [-89.75978, 35.03022]}}, {"type": "Feature", "properties": {"name": "Family Dollar 8558", "type": "Other"}, "geometry": {"type": "Point", "coordinates": [-90.056, 35.12466]}}, {"type": "Feature", "properties": {"name": "Family Dollar 8814", "type": "Other"}, "geometry": {"type": "Point", "coordinates": [-89.9184, 35.16209]}}, {"type": "Feature", "properties": {"name": "Superior Mart", "type": "Convenience Store"}, "geometry": {"type": "Point", "coordinates": [-89.91327, 35.20251]}}, {"type": "Feature", "properties": {"name": "Papa Murphy's Pizza TN073", "type": "Specialty Store"}, "geometry": {"type": "Point", "coordinates": [-89.83787, 35.19861]}}, {"type": "Feature", "properties": {"name": "Dollar General 15124", "type": "Other"}, "geometry": {"type": "Point", "coordinates": [-89.92638, 35.24162]}}, {"type": "Feature", "properties": {"name": "Sav On", "type": "Convenience Store"}, "geometry": {"type": "Point", "coordinates": [-89.84822, 35.03542]}}, {"type": "Feature", "properties": {"name": "Murphy Express 8713", "type": "Convenience Store"}, "geometry": {"type": "Point", "coordinates": [-89.86762, 35.17283]}}, {"type": "Feature", "properties": {"name": "Love's Travel Stop 355", "type": "Convenience Store"}, "geometry": {"type": "Point", "coordinates": [-85.77035, 38.48959]}}, {"type": "Feature", "properties": {"name": "Highland Shell", "type": "Convenience Store"}, "geometry": {"type": "Point", "coordinates": [-89.94451, 35.14896]}}, {"type": "Feature", "properties": {"name": "Humphreys Blvd Gas & Food Mart Llc", "type": "Convenience Store"}, "geometry": {"type": "Point", "coordinates": [-89.8565, 35.13065]}}, {"type": "Feature", "properties": {"name": "DollarTree 7634", "type": "Other"}, "geometry": {"type": "Point", "coordinates": [-89.84448, 35.07542]}}, {"type": "Feature", "properties": {"name": "People's Grocery", "type": "Convenience Store"}, "geometry": {"type": "Point", "coordinates": [-90.02996, 35.16092]}}, {"type": "Feature", "properties": {"name": "Musab Enterprise Inc", "type": "Convenience Store"}, "geometry": {"type": "Point", "coordinates": [-90.05669, 35.08727]}}, {"type": "Feature", "properties": {"name": "Mclemore Market", "type": "Convenience Store"}, "geometry": {"type": "Point", "coordinates": [-90.0123, 35.11599]}}, {"type": "Feature", "properties": {"name": "Country View Store", "type": "Grocery Store"}, "geometry": {"type": "Point", "coordinates": [-92.21665, 40.25164]}}, {"type": "Feature", "properties": {"name": "Casa Perez", "type": "Grocery Store"}, "geometry": {"type": "Point", "coordinates": [-89.89822, 35.14859]}}, {"type": "Feature", "properties": {"name": "Los Reyes Bakery", "type": "Specialty Store"}, "geometry": {"type": "Point", "coordinates": [-89.83637, 35.19363]}}, {"type": "Feature", "properties": {"name": "Western Food Market NONE", "type": "Convenience Store"}, "geometry": {"type": "Point", "coordinates": [-90.07816, 35.03101]}}, {"type": "Feature", "properties": {"name": "Walgreens 15928", "type": "Other"}, "geometry": {"type": "Point", "coordinates": [-89.83164, 35.02036]}}, {"type": "Feature", "properties": {"name": "Panaderia La Ilucion 4 4", "type": "Grocery Store"}, "geometry": {"type": "Point", "coordinates": [-89.87406, 35.18302]}}, {"type": "Feature", "properties": {"name": "Fill N Save  2", "type": "Convenience Store"}, "geometry": {"type": "Point", "coordinates": [-90.00358, 35.2133]}}, {"type": "Feature", "properties": {"name": "DollarTree 6064", "type": "Other"}, "geometry": {"type": "Point", "coordinates": [-89.93227, 35.10751]}}, {"type": "Feature", "properties": {"name": "Hawkins Market Inc", "type": "Convenience Store"}, "geometry": {"type": "Point", "coordinates": [-89.93303, 35.22308]}}, {"type": "Feature", "properties": {"name": "King Of Discount", "type": "Convenience Store"}, "geometry": {"type": "Point", "coordinates": [-90.04388, 35.13465]}}, {"type": "Feature", "properties": {"name": "Bakadi Aly", "type": "Grocery Store"}, "geometry": {"type": "Point", "coordinates": [-90.02661, 35.05436]}}, {"type": "Feature", "properties": {"name": "D&D Grocery LLC", "type": "Convenience Store"}, "geometry": {"type": "Point", "coordinates": [-89.95624, 35.14176]}}, {"type": "Feature", "properties": {"name": "Soulsville USA Food Market", "type": "Convenience Store"}, "geometry": {"type": "Point", "coordinates": [-90.0414, 35.1241]}}, {"type": "Feature", "properties": {"name": "In & Out Express Market", "type": "Convenience Store"}, "geometry": {"type": "Point", "coordinates": [-89.95942, 35.08343]}}, {"type": "Feature", "properties": {"name": "Super Mercado El Rey", "type": "Grocery Store"}, "geometry": {"type": "Point", "coordinates": [-89.93185, 35.18438]}}, {"type": "Feature", "properties": {"name": "S Express Market Llc", "type": "Convenience Store"}, "geometry": {"type": "Point", "coordinates": [-89.8979, 35.15024]}}, {"type": "Feature", "properties": {"name": "High James Foodmart", "type": "Convenience Store"}, "geometry": {"type": "Point", "coordinates": [-89.94458, 35.19909]}}, {"type": "Feature", "properties": {"name": "Jackson Xpress NONE", "type": "Convenience Store"}, "geometry": {"type": "Point", "coordinates": [-89.97446, 35.15845]}}, {"type": "Feature", "properties": {"name": "Rana Mart", "type": "Convenience Store"}, "geometry": {"type": "Point", "coordinates": [-89.91557, 35.21294]}}, {"type": "Feature", "properties": {"name": "Win Food Mart", "type": "Convenience Store"}, "geometry": {"type": "Point", "coordinates": [-89.89384, 35.22077]}}, {"type": "Feature", "properties": {"name": "Castalia Market", "type": "Convenience Store"}, "geometry": {"type": "Point", "coordinates": [-89.99517, 35.09917]}}, {"type": "Feature", "properties": {"name": "Getwell Gas & Foodmart Llc", "type": "Convenience Store"}, "geometry": {"type": "Point", "coordinates": [-89.93186, 35.08655]}}, {"type": "Feature", "properties": {"name": "4027 Jackson Express", "type": "Convenience Store"}, "geometry": {"type": "Point", "coordinates": [-89.93057, 35.18504]}}, {"type": "Feature", "properties": {"name": "Dollar General 12536", "type": "Other"}, "geometry": {"type": "Point", "coordinates": [-89.84665, 35.00512]}}, {"type": "Feature", "properties": {"name": "Desi Hypermart", "type": "Grocery Store"}, "geometry": {"type": "Point", "coordinates": [-89.79475, 35.0462]}}, {"type": "Feature", "properties": {"name": "Nana Market", "type": "Convenience Store"}, "geometry": {"type": "Point", "coordinates": [-89.99425, 35.20742]}}, {"type": "Feature", "properties": {"name": "H&a Investment Llc", "type": "Convenience Store"}, "geometry": {"type": "Point", "coordinates": [-89.88895, 35.15282]}}, {"type": "Feature", "properties": {"name": "M & R Enterprise Inc", "type": "Convenience Store"}, "geometry": {"type": "Point", "coordinates": [-89.92664, 35.22049]}}, {"type": "Feature", "properties": {"name": "Millbranch Texaco", "type": "Convenience Store"}, "geometry": {"type": "Point", "coordinates": [-90.00725, 35.05377]}}, {"type": "Feature", "properties": {"name": "Joner Inc ", "type": "Convenience Store"}, "geometry": {"type": "Point", "coordinates": [-89.90924, 35.22113]}}, {"type": "Feature", "properties": {"name": "Summer Grocery Inc", "type": "Convenience Store"}, "geometry": {"type": "Point", "coordinates": [-89.9588, 35.14938]}}, {"type": "Feature", "properties": {"name": "Mapco ", "type": "Convenience Store"}, "geometry": {"type": "Point", "coordinates": [-89.99281, 35.21764]}}, {"type": "Feature", "properties": {"name": "Haas Enterprise", "type": "Convenience Store"}, "geometry": {"type": "Point", "coordinates": [-90.00805, 35.00646]}}, {"type": "Feature", "properties": {"name": "Frayser Xpress Mart", "type": "Convenience Store"}, "geometry": {"type": "Point", "coordinates": [-90.02854, 35.21684]}}, {"type": "Feature", "properties": {"name": "Holmes Road Bp", "type": "Convenience Store"}, "geometry": {"type": "Point", "coordinates": [-89.84782, 35.00508]}}, {"type": "Feature", "properties": {"name": "Mitchell Tiger Mart", "type": "Convenience Store"}, "geometry": {"type": "Point", "coordinates": [-90.07466, 35.05562]}}, {"type": "Feature", "properties": {"name": "Ksrb Enterprise Inc", "type": "Convenience Store"}, "geometry": {"type": "Point", "coordinates": [-90.0602, 35.05502]}}, {"type": "Feature", "properties": {"name": "Kings Grocery", "type": "Convenience Store"}, "geometry": {"type": "Point", "coordinates": [-89.96164, 35.14059]}}, {"type": "Feature", "properties": {"name": "Smile Mart", "type": "Convenience Store"}, "geometry": {"type": "Point", "coordinates": [-89.9158, 35.15111]}}, {"type": "Feature", "properties": {"name": "Nat Jac Mart ", "type": "Convenience Store"}, "geometry": {"type": "Point", "coordinates": [-89.9425, 35.17208]}}, {"type": "Feature", "properties": {"name": "H&a Investment Llc", "type": "Convenience Store"}, "geometry": {"type": "Point", "coordinates": [-89.98041, 35.15093]}}, {"type": "Feature", "properties": {"name": "H&a Investment Llc", "type": "Convenience Store"}, "geometry": {"type": "Point", "coordinates": [-90.01624, 35.13678]}}, {"type": "Feature", "properties": {"name": "DollarTree 7093", "type": "Other"}, "geometry": {"type": "Point", "coordinates": [-89.96123, 35.14573]}}, {"type": "Feature", "properties": {"name": "Mendenhall Exxon Inc", "type": "Convenience Store"}, "geometry": {"type": "Point", "coordinates": [-89.88479, 35.03537]}}, {"type": "Feature", "properties": {"name": "Mapco Store # 3261 3261", "type": "Convenience Store"}, "geometry": {"type": "Point", "coordinates": [-89.99043, 35.1264]}}, {"type": "Feature", "properties": {"name": "Crump Market", "type": "Convenience Store"}, "geometry": {"type": "Point", "coordinates": [-90.02658, 35.13177]}}, {"type": "Feature", "properties": {"name": "Williams Shop And Grill", "type": "Convenience Store"}, "geometry": {"type": "Point", "coordinates": [-90.03688, 35.12208]}}, {"type": "Feature", "properties": {"name": "Dodge's Store 6606", "type": "Convenience Store"}, "geometry": {"type": "Point", "coordinates": [-90.02553, 35.04145]}}, {"type": "Feature", "properties": {"name": "RT Mart Inc", "type": "Convenience Store"}, "geometry": {"type": "Point", "coordinates": [-89.90572, 35.06287]}}, {"type": "Feature", "properties": {"name": "Food N Fuel Market", "type": "Convenience Store"}, "geometry": {"type": "Point", "coordinates": [-89.91183, 35.20647]}}, {"type": "Feature", "properties": {"name": "Mapco N / A", "type": "Convenience Store"}, "geometry": {"type": "Point", "coordinates": [-89.99177, 35.05287]}}, {"type": "Feature", "properties": {"name": "Express Gas", "type": "Convenience Store"}, "geometry": {"type": "Point", "coordinates": [-89.92588, 35.22022]}}, {"type": "Feature", "properties": {"name": "Cash Saver 327", "type": "Super Store"}, "geometry": {"type": "Point", "coordinates": [-90.05616, 35.09329]}}, {"type": "Feature", "properties": {"name": "Rio Grande Fresh Market Inc.", "type": "Supermarket"}, "geometry": {"type": "Point", "coordinates": [-89.89064, 35.15137]}}, {"type": "Feature", "properties": {"name": "Family Dollar 11953", "type": "Other"}, "geometry": {"type": "Point", "coordinates": [-89.98499, 35.10571]}}, {"type": "Feature", "properties": {"name": "Red Lion", "type": "Convenience Store"}, "geometry": {"type": "Point", "coordinates": [-89.857, 35.06021]}}, {"type": "Feature", "properties": {"name": "King Ali Grocery", "type": "Convenience Store"}, "geometry": {"type": "Point", "coordinates": [-89.98348, 35.16672]}}, {"type": "Feature", "properties": {"name": "Shell On Range Line", "type": "Convenience Store"}, "geometry": {"type": "Point", "coordinates": [-89.97584, 35.19946]}}, {"type": "Feature", "properties": {"name": "Covington Express Inc", "type": "Convenience Store"}, "geometry": {"type": "Point", "coordinates": [-89.89547, 35.19383]}}, {"type": "Feature", "properties": {"name": "Stone House Market Llc", "type": "Grocery Store"}, "geometry": {"type": "Point", "coordinates": [-89.91024, 35.14882]}}, {"type": "Feature", "properties": {"name": "DollarTree 7772", "type": "Other"}, "geometry": {"type": "Point", "coordinates": [-89.83613, 35.18231]}}, {"type": "Feature", "properties": {"name": "Thorntons LLC 232164", "type": "Convenience Store"}, "geometry": {"type": "Point", "coordinates": [-85.76953, 38.48904]}}, {"type": "Feature", "properties": {"name": "Dmc Food Mart", "type": "Convenience Store"}, "geometry": {"type": "Point", "coordinates": [-90.0621, 35.04728]}}, {"type": "Feature", "properties": {"name": "Fill And Save", "type": "Convenience Store"}, "geometry": {"type": "Point", "coordinates": [-90.08682, 35.02179]}}, {"type": "Feature", "properties": {"name": "Royal Deli & Grocery", "type": "Convenience Store"}, "geometry": {"type": "Point", "coordinates": [-89.97311, 35.0986]}}, {"type": "Feature", "properties": {"name": "Lion Mart", "type": "Convenience Store"}, "geometry": {"type": "Point", "coordinates": [-90.0347, 35.03534]}}, {"type": "Feature", "properties": {"name": "Dollar General 16592", "type": "Other"}, "geometry": {"type": "Point", "coordinates": [-82.76868, 42.89223]}}, {"type": "Feature", "properties": {"name": "Summer Fuel Llc # 1 1", "type": "Convenience Store"}, "geometry": {"type": "Point", "coordinates": [-89.97919, 35.15075]}}, {"type": "Feature", "properties": {"name": "Marathon Food Mart", "type": "Convenience Store"}, "geometry": {"type": "Point", "coordinates": [-89.94503, 35.19913]}}, {"type": "Feature", "properties": {"name": "Winchester Express", "type": "Convenience Store"}, "geometry": {"type": "Point", "coordinates": [-90.0079, 35.05378]}}, {"type": "Feature", "properties": {"name": "Grizzly Mart", "type": "Convenience Store"}, "geometry": {"type": "Point", "coordinates": [-89.83704, 35.19482]}}, {"type": "Feature", "properties": {"name": "Winchester Express", "type": "Convenience Store"}, "geometry": {"type": "Point", "coordinates": [-89.94385, 35.05142]}}, {"type": "Feature", "properties": {"name": "H&a Investment Llc", "type": "Convenience Store"}, "geometry": {"type": "Point", "coordinates": [-89.92748, 35.14909]}}, {"type": "Feature", "properties": {"name": "Winchester Omega", "type": "Convenience Store"}, "geometry": {"type": "Point", "coordinates": [-89.94827, 35.05265]}}, {"type": "Feature", "properties": {"name": "Macon Express", "type": "Convenience Store"}, "geometry": {"type": "Point", "coordinates": [-89.94753, 35.16254]}}, {"type": "Feature", "properties": {"name": "DollarTree 619", "type": "Other"}, "geometry": {"type": "Point", "coordinates": [-89.90576, 35.06125]}}, {"type": "Feature", "properties": {"name": "Rosewood Market", "type": "Convenience Store"}, "geometry": {"type": "Point", "coordinates": [-90.04388, 35.09477]}}, {"type": "Feature", "properties": {"name": "Family Dollar 11811", "type": "Other"}, "geometry": {"type": "Point", "coordinates": [-89.85537, 35.04974]}}, {"type": "Feature", "properties": {"name": "Pilot Travel Center 152", "type": "Convenience Store"}, "geometry": {"type": "Point", "coordinates": [-85.77402, 38.49179]}}, {"type": "Feature", "properties": {"name": "Kroger 402", "type": "Super Store"}, "geometry": {"type": "Point", "coordinates": [-90.00296, 35.13549]}}, {"type": "Feature", "properties": {"name": "Mt Moriah Bp", "type": "Convenience Store"}, "geometry": {"type": "Point", "coordinates": [-89.84398, 35.06424]}}, {"type": "Feature", "properties": {"name": "Hop In Exxon", "type": "Convenience Store"}, "geometry": {"type": "Point", "coordinates": [-90.02498, 35.05374]}}, {"type": "Feature", "properties": {"name": "Marathon Shelby Drive Inc", "type": "Convenience Store"}, "geometry": {"type": "Point", "coordinates": [-89.93627, 35.02029]}}, {"type": "Feature", "properties": {"name": "Austin Peay Express Gas", "type": "Convenience Store"}, "geometry": {"type": "Point", "coordinates": [-89.91644, 35.21307]}}, {"type": "Feature", "properties": {"name": "Friendly Food Market", "type": "Grocery Store"}, "geometry": {"type": "Point", "coordinates": [-89.97614, 35.18109]}}, {"type": "Feature", "properties": {"name": "Jerusalem Market", "type": "Grocery Store"}, "geometry": {"type": "Point", "coordinates": [-89.90079, 35.14951]}}, {"type": "Feature", "properties": {"name": "Summer Avenue Llc", "type": "Convenience Store"}, "geometry": {"type": "Point", "coordinates": [-89.94059, 35.14974]}}, {"type": "Feature", "properties": {"name": "Macon Bp Express", "type": "Convenience Store"}, "geometry": {"type": "Point", "coordinates": [-89.91776, 35.1626]}}, {"type": "Feature", "properties": {"name": "Speedway 7175", "type": "Convenience Store"}, "geometry": {"type": "Point", "coordinates": [-89.91997, 35.02154]}}, {"type": "Feature", "properties": {"name": "Garrison Food Mart #7 ", "type": "Convenience Store"}, "geometry": {"type": "Point", "coordinates": [-100.539, 34.72903]}}, {"type": "Feature", "properties": {"name": "Freeway Express", "type": "Convenience Store"}, "geometry": {"type": "Point", "coordinates": [-90.02715, 35.10988]}}, {"type": "Feature", "properties": {"name": "Mike's Market", "type": "Grocery Store"}, "geometry": {"type": "Point", "coordinates": [-89.93058, 35.05526]}}, {"type": "Feature", "properties": {"name": "Kirby Convenience Inc.", "type": "Convenience Store"}, "geometry": {"type": "Point", "coordinates": [-89.84296, 35.06923]}}, {"type": "Feature", "properties": {"name": "ZS Express", "type": "Convenience Store"}, "geometry": {"type": "Point", "coordinates": [-89.88442, 35.06217]}}, {"type": "Feature", "properties": {"name": "Zenith African Groceries", "type": "Other"}, "geometry": {"type": "Point", "coordinates": [-89.86571, 35.07392]}}, {"type": "Feature", "properties": {"name": "S-mart", "type": "Convenience Store"}, "geometry": {"type": "Point", "coordinates": [-89.90028, 35.20718]}}, {"type": "Feature", "properties": {"name": "Poplar Investments Inc.", "type": "Convenience Store"}, "geometry": {"type": "Point", "coordinates": [-89.9123, 35.11847]}}, {"type": "Feature", "properties": {"name": "La Isla 2", "type": "Convenience Store"}, "geometry": {"type": "Point", "coordinates": [-89.98408, 35.07938]}}, {"type": "Feature", "properties": {"name": "Rl Express Bp", "type": "Convenience Store"}, "geometry": {"type": "Point", "coordinates": [-89.87178, 35.18285]}}, {"type": "Feature", "properties": {"name": "Mega Foods Supermarket", "type": "Supermarket"}, "geometry": {"type": "Point", "coordinates": [-89.88722, 35.06311]}}, {"type": "Feature", "properties": {"name": "Baba2 Enterprise Inc", "type": "Convenience Store"}, "geometry": {"type": "Point", "coordinates": [-90.06015, 35.05493]}}, {"type": "Feature", "properties": {"name": "Kirby Discount Express", "type": "Convenience Store"}, "geometry": {"type": "Point", "coordinates": [-89.84383, 35.05867]}}, {"type": "Feature", "properties": {"name": "Brooks C Store Llc", "type": "Convenience Store"}, "geometry": {"type": "Point", "coordinates": [-90.00681, 35.06102]}}, {"type": "Feature", "properties": {"name": "Shelby Food & Fuel", "type": "Convenience Store"}, "geometry": {"type": "Point", "coordinates": [-89.99584, 35.02167]}}, {"type": "Feature", "properties": {"name": "Park Express", "type": "Convenience Store"}, "geometry": {"type": "Point", "coordinates": [-89.93336, 35.10756]}}, {"type": "Feature", "properties": {"name": "Latino City Market Inc", "type": "Convenience Store"}, "geometry": {"type": "Point", "coordinates": [-89.93099, 35.09169]}}, {"type": "Feature", "properties": {"name": "Dollar General 20594", "type": "Other"}, "geometry": {"type": "Point", "coordinates": [-89.8654, 35.17505]}}, {"type": "Feature", "properties": {"name": "Sunshine Mart", "type": "Convenience Store"}, "geometry": {"type": "Point", "coordinates": [-89.85077, 35.18944]}}, {"type": "Feature", "properties": {"name": "Corner Food Mart", "type": "Convenience Store"}, "geometry": {"type": "Point", "coordinates": [-90.05988, 35.06031]}}, {"type": "Feature", "properties": {"name": "Highland Food Mart", "type": "Convenience Store"}, "geometry": {"type": "Point", "coordinates": [-89.94605, 35.10827]}}, {"type": "Feature", "properties": {"name": "Watkins Food Mart", "type": "Convenience Store"}, "geometry": {"type": "Point", "coordinates": [-90.0073, 35.19903]}}, {"type": "Feature", "properties": {"name": "Winchester Xpress", "type": "Convenience Store"}, "geometry": {"type": "Point", "coordinates": [-89.95136, 35.05222]}}, {"type": "Feature", "properties": {"name": "Bright Start Inc", "type": "Convenience Store"}, "geometry": {"type": "Point", "coordinates": [-90.01723, 35.17094]}}, {"type": "Feature", "properties": {"name": "Carniceria Gallegos Inc", "type": "Supermarket"}, "geometry": {"type": "Point", "coordinates": [-89.91145, 35.15826]}}, {"type": "Feature", "properties": {"name": "Shop N Go Mart Inc", "type": "Convenience Store"}, "geometry": {"type": "Point", "coordinates": [-90.00748, 35.02638]}}, {"type": "Feature", "properties": {"name": "In and Out Deli & Tobacco", "type": "Convenience Store"}, "geometry": {"type": "Point", "coordinates": [-90.05803, 35.09395]}}, {"type": "Feature", "properties": {"name": "Land Star Mart & Deli", "type": "Convenience Store"}, "geometry": {"type": "Point", "coordinates": [-89.92931, 35.22029]}}, {"type": "Feature", "properties": {"name": "Superlo Foods #8", "type": "Super Store"}, "geometry": {"type": "Point", "coordinates": [-89.98781, 35.10574]}}, {"type": "Feature", "properties": {"name": "Dollar General 22506", "type": "Other"}, "geometry": {"type": "Point", "coordinates": [-90.05424, 35.1422]}}, {"type": "Feature", "properties": {"name": "Express Mart ", "type": "Convenience Store"}, "geometry": {"type": "Point", "coordinates": [-89.89497, 35.10873]}}, {"type": "Feature", "properties": {"name": "Youngs Food Mart", "type": "Convenience Store"}, "geometry": {"type": "Point", "coordinates": [-89.96688, 35.13961]}}, {"type": "Feature", "properties": {"name": "DollarTree 8679", "type": "Other"}, "geometry": {"type": "Point", "coordinates": [-89.90914, 35.09125]}}, {"type": "Feature", "properties": {"name": "Knight Arnold Express ", "type": "Convenience Store"}, "geometry": {"type": "Point", "coordinates": [-89.92986, 35.06522]}}, {"type": "Feature", "properties": {"name": "M Mart", "type": "Convenience Store"}, "geometry": {"type": "Point", "coordinates": [-90.00699, 35.02393]}}, {"type": "Feature", "properties": {"name": "Amigos Express", "type": "Convenience Store"}, "geometry": {"type": "Point", "coordinates": [-89.9083, 35.14796]}}, {"type": "Feature", "properties": {"name": "Los Primos Market Inc", "type": "Convenience Store"}, "geometry": {"type": "Point", "coordinates": [-89.93632, 35.17068]}}, {"type": "Feature", "properties": {"name": "Guatemala 502 Llc 1", "type": "Supermarket"}, "geometry": {"type": "Point", "coordinates": [-89.91943, 35.05209]}}, {"type": "Feature", "properties": {"name": "Msrz Enterprise Inc", "type": "Convenience Store"}, "geometry": {"type": "Point", "coordinates": [-89.98797, 35.06803]}}, {"type": "Feature", "properties": {"name": "T-brothers Supermarket", "type": "Convenience Store"}, "geometry": {"type": "Point", "coordinates": [-89.94718, 35.24419]}}, {"type": "Feature", "properties": {"name": "A2Z Express Mart", "type": "Convenience Store"}, "geometry": {"type": "Point", "coordinates": [-89.93102, 35.1628]}}, {"type": "Feature", "properties": {"name": "Watkins Bp", "type": "Convenience Store"}, "geometry": {"type": "Point", "coordinates": [-90.00751, 35.19729]}}, {"type": "Feature", "properties": {"name": "Save N Go Mart ", "type": "Convenience Store"}, "geometry": {"type": "Point", "coordinates": [-89.86954, 35.07476]}}, {"type": "Feature", "properties": {"name": "V Mart no", "type": "Convenience Store"}, "geometry": {"type": "Point", "coordinates": [-90.01833, 35.10404]}}, {"type": "Feature", "properties": {"name": "Brooks Food Mart", "type": "Convenience Store"}, "geometry": {"type": "Point", "coordinates": [-90.02288, 35.06215]}}, {"type": "Feature", "properties": {"name": "Florida Food Mart Llc", "type": "Convenience Store"}, "geometry": {"type": "Point", "coordinates": [-90.0623, 35.10768]}}, {"type": "Feature", "properties": {"name": "Green Leaf Learning Farm", "type": "Farmers and Markets"}, "geometry": {"type": "Point", "coordinates": [-90.04245, 35.11888]}}, {"type": "Feature", "properties": {"name": "Downtown Food And Fuel NONE", "type": "Convenience Store"}, "geometry": {"type": "Point", "coordinates": [-90.05432, 35.13002]}}, {"type": "Feature", "properties": {"name": "DollarTree 8885", "type": "Other"}, "geometry": {"type": "Point", "coordinates": [-89.86945, 35.17185]}}, {"type": "Feature", "properties": {"name": "H Food Mart", "type": "Convenience Store"}, "geometry": {"type": "Point", "coordinates": [-90.10712, 35.00457]}}, {"type": "Feature", "properties": {"name": "Roma Mart NONE", "type": "Convenience Store"}, "geometry": {"type": "Point", "coordinates": [-90.04419, 35.08603]}}, {"type": "Feature", "properties": {"name": "City Gas Express", "type": "Convenience Store"}, "geometry": {"type": "Point", "coordinates": [-90.07937, 35.02986]}}, {"type": "Feature", "properties": {"name": "Highland Food Mart", "type": "Convenience Store"}, "geometry": {"type": "Point", "coordinates": [-89.94481, 35.14938]}}, {"type": "Feature", "properties": {"name": "Sunrise Stores LLC 11", "type": "Convenience Store"}, "geometry": {"type": "Point", "coordinates": [-82.76885, 42.89521]}}, {"type": "Feature", "properties": {"name": "Gordin's Food & Butcher Shoppe 6581", "type": "Supermarket"}, "geometry": {"type": "Point", "coordinates": [-89.95529, 35.08261]}}, {"type": "Feature", "properties": {"name": "All In One N/A", "type": "Convenience Store"}, "geometry": {"type": "Point", "coordinates": [-89.77833, 35.20369]}}, {"type": "Feature", "properties": {"name": "Jeet Express", "type": "Convenience Store"}, "geometry": {"type": "Point", "coordinates": [-90.02042, 35.02142]}}, {"type": "Feature", "properties": {"name": "Quick Mart N /A", "type": "Convenience Store"}, "geometry": {"type": "Point", "coordinates": [-89.79352, 35.02007]}}, {"type": "Feature", "properties": {"name": "Holmes Express", "type": "Convenience Store"}, "geometry": {"type": "Point", "coordinates": [-89.90214, 35.00602]}}, {"type": "Feature", "properties": {"name": "Getwell Express", "type": "Convenience Store"}, "geometry": {"type": "Point", "coordinates": [-89.93766, 35.02119]}}, {"type": "Feature", "properties": {"name": "51 Express", "type": "Convenience Store"}, "geometry": {"type": "Point", "coordinates": [-90.01199, 35.23812]}}, {"type": "Feature", "properties": {"name": "Dollar General 22317", "type": "Other"}, "geometry": {"type": "Point", "coordinates": [-90.01901, 35.1276]}}, {"type": "Feature", "properties": {"name": "All Yours Mart N / A", "type": "Convenience Store"}, "geometry": {"type": "Point", "coordinates": [-89.9841, 35.16699]}}, {"type": "Feature", "properties": {"name": "Amg Raines Mini Mart", "type": "Convenience Store"}, "geometry": {"type": "Point", "coordinates": [-90.09039, 35.03555]}}, {"type": "Feature", "properties": {"name": "Sams Discount ", "type": "Convenience Store"}, "geometry": {"type": "Point", "coordinates": [-90.09849, 35.03564]}}, {"type": "Feature", "properties": {"name": "On Ur Way ", "type": "Convenience Store"}, "geometry": {"type": "Point", "coordinates": [-90.01857, 35.15797]}}, {"type": "Feature", "properties": {"name": "Airways Food Mart", "type": "Convenience Store"}, "geometry": {"type": "Point", "coordinates": [-89.9905, 35.03598]}}, {"type": "Feature", "properties": {"name": "Blooming Town LLC 01", "type": "Convenience Store"}, "geometry": {"type": "Point", "coordinates": [-90.04744, 35.15723]}}, {"type": "Feature", "properties": {"name": "Exxon At Third & Hornlake", "type": "Convenience Store"}, "geometry": {"type": "Point", "coordinates": [-90.06985, 35.03817]}}, {"type": "Feature", "properties": {"name": "Getwell Stop And Shop", "type": "Convenience Store"}, "geometry": {"type": "Point", "coordinates": [-89.9317, 35.08307]}}, {"type": "Feature", "properties": {"name": "Super Discount Market ", "type": "Convenience Store"}, "geometry": {"type": "Point", "coordinates": [-89.95926, 35.10004]}}, {"type": "Feature", "properties": {"name": "Nite-n-day Food Market NONE", "type": "Grocery Store"}, "geometry": {"type": "Point", "coordinates": [-89.98384, 35.17407]}}, {"type": "Feature", "properties": {"name": "Ham Kirk Grocery NOVE", "type": "Convenience Store"}, "geometry": {"type": "Point", "coordinates": [-90.02156, 35.10742]}}, {"type": "Feature", "properties": {"name": "Mar Mar Market", "type": "Convenience Store"}, "geometry": {"type": "Point", "coordinates": [-90.01025, 35.10015]}}, {"type": "Feature", "properties": {"name": "Guatemala 502 Llc", "type": "Grocery Store"}, "geometry": {"type": "Point", "coordinates": [-89.93164, 35.09827]}}, {"type": "Feature", "properties": {"name": "South Point Grocery", "type": "Supermarket"}, "geometry": {"type": "Point", "coordinates": [-90.05738, 35.13074]}}, {"type": "Feature", "properties": {"name": "Quince Mini Mart", "type": "Convenience Store"}, "geometry": {"type": "Point", "coordinates": [-89.90906, 35.09238]}}, {"type": "Feature", "properties": {"name": "Algoodh Discount Tobacco NONE", "type": "Convenience Store"}, "geometry": {"type": "Point", "coordinates": [-90.07018, 35.05593]}}, {"type": "Feature", "properties": {"name": "Shell Food Mart", "type": "Convenience Store"}, "geometry": {"type": "Point", "coordinates": [-90.01421, 35.14756]}}, {"type": "Feature", "properties": {"name": "Land And Us Farm NAFMNP", "type": "Farmers and Markets"}, "geometry": {"type": "Point", "coordinates": [-90.12764, 35.02552]}}, {"type": "Feature", "properties": {"name": "Lion Mart No 2 NONE", "type": "Convenience Store"}, "geometry": {"type": "Point", "coordinates": [-89.90937, 35.05111]}}, {"type": "Feature", "properties": {"name": "645 Chelsea Operations LLC", "type": "Convenience Store"}, "geometry": {"type": "Point", "coordinates": [-90.03593, 35.16351]}}, {"type": "Feature", "properties": {"name": "Save A Lot 30249", "type": "Supermarket"}, "geometry": {"type": "Point", "coordinates": [-90.08759, 35.01998]}}, {"type": "Feature", "properties": {"name": "Epic General Partnership LLC", "type": "Convenience Store"}, "geometry": {"type": "Point", "coordinates": [-89.79381, 35.05947]}}, {"type": "Feature", "properties": {"name": "Stop N Go Mart Llc", "type": "Convenience Store"}, "geometry": {"type": "Point", "coordinates": [-89.88643, 35.07984]}}, {"type": "Feature", "properties": {"name": "Prescott Mart", "type": "Convenience Store"}, "geometry": {"type": "Point", "coordinates": [-89.94623, 35.08617]}}, {"type": "Feature", "properties": {"name": "Exxon Hop In Winchester", "type": "Convenience Store"}, "geometry": {"type": "Point", "coordinates": [-89.82945, 35.04985]}}, {"type": "Feature", "properties": {"name": "I Gas NONE", "type": "Convenience Store"}, "geometry": {"type": "Point", "coordinates": [-90.01096, 35.15861]}}, {"type": "Feature", "properties": {"name": "Family Dollar 12973", "type": "Other"}, "geometry": {"type": "Point", "coordinates": [-100.54823, 34.7239]}}, {"type": "Feature", "properties": {"name": "Blue Birt Express", "type": "Convenience Store"}, "geometry": {"type": "Point", "coordinates": [-90.04224, 35.16568]}}, {"type": "Feature", "properties": {"name": "Corner Food Market", "type": "Convenience Store"}, "geometry": {"type": "Point", "coordinates": [-89.92265, 35.052]}}, {"type": "Feature", "properties": {"name": "Racetrack 1", "type": "Convenience Store"}, "geometry": {"type": "Point", "coordinates": [-89.92899, 35.25779]}}, {"type": "Feature", "properties": {"name": "Valero", "type": "Convenience Store"}, "geometry": {"type": "Point", "coordinates": [-90.00981, 35.1217]}}, {"type": "Feature", "properties": {"name": "Black Farmers Market Memphis", "type": "Farmers and Markets"}, "geometry": {"type": "Point", "coordinates": [-90.04584, 35.11554]}}, {"type": "Feature", "properties": {"name": "Murphy USA 6908", "type": "Convenience Store"}, "geometry": {"type": "Point", "coordinates": [-89.8641, 35.0706]}}, {"type": "Feature", "properties": {"name": "Raleigh Quick Stop", "type": "Convenience Store"}, "geometry": {"type": "Point", "coordinates": [-89.94506, 35.24333]}}, {"type": "Feature", "properties": {"name": "Old Austin Peay Express Mart", "type": "Convenience Store"}, "geometry": {"type": "Point", "coordinates": [-89.92088, 35.20536]}}, {"type": "Feature", "properties": {"name": "Gordon Food Service Store MP209", "type": "Supermarket"}, "geometry": {"type": "Point", "coordinates": [-90.01279, 35.1368]}}, {"type": "Feature", "properties": {"name": "Dixie Grill And Deli", "type": "Convenience Store"}, "geometry": {"type": "Point", "coordinates": [-90.02595, 35.14716]}}, {"type": "Feature", "properties": {"name": "Scooties Mighty Mart", "type": "Convenience Store"}, "geometry": {"type": "Point", "coordinates": [-89.94356, 35.11668]}}, {"type": "Feature", "properties": {"name": "Elvis Food Mart", "type": "Convenience Store"}, "geometry": {"type": "Point", "coordinates": [-90.02461, 35.05457]}}, {"type": "Feature", "properties": {"name": "The One ", "type": "Convenience Store"}, "geometry": {"type": "Point", "coordinates": [-90.04554, 35.13674]}}, {"type": "Feature", "properties": {"name": "Blooming 5521 Llc 00", "type": "Convenience Store"}, "geometry": {"type": "Point", "coordinates": [-89.87822, 35.10571]}}, {"type": "Feature", "properties": {"name": "Shelby Mart NO", "type": "Convenience Store"}, "geometry": {"type": "Point", "coordinates": [-90.0424, 35.02125]}}, {"type": "Feature", "properties": {"name": "Stop & Shop", "type": "Convenience Store"}, "geometry": {"type": "Point", "coordinates": [-89.97626, 35.19792]}}, {"type": "Feature", "properties": {"name": "Speedy Star", "type": "Convenience Store"}, "geometry": {"type": "Point", "coordinates": [-89.98193, 35.10867]}}, {"type": "Feature", "properties": {"name": "Valero", "type": "Convenience Store"}, "geometry": {"type": "Point", "coordinates": [-90.03019, 35.21628]}}, {"type": "Feature", "properties": {"name": "Amazing Express", "type": "Convenience Store"}, "geometry": {"type": "Point", "coordinates": [-89.94689, 35.24407]}}, {"type": "Feature", "properties": {"name": "Dollar General 22748", "type": "Other"}, "geometry": {"type": "Point", "coordinates": [-89.84058, 35.06739]}}, {"type": "Feature", "properties": {"name": "Memphis Farmers Market", "type": "Farmers and Markets"}, "geometry": {"type": "Point", "coordinates": [-90.05994, 35.13063]}}, {"type": "Feature", "properties": {"name": "DollarTree 9682", "type": "Other"}, "geometry": {"type": "Point", "coordinates": [-90.02182, 35.01921]}}, {"type": "Feature", "properties": {"name": "South Memphis Market", "type": "Convenience Store"}, "geometry": {"type": "Point", "coordinates": [-90.02092, 35.10744]}}, {"type": "Feature", "properties": {"name": "Fresh Roots Farmers Market NAFMNP", "type": "Farmers and Markets"}, "geometry": {"type": "Point", "coordinates": [-90.04584, 35.11554]}}, {"type": "Feature", "properties": {"name": "Fresh Roots Farmers Market NAFMNP", "type": "Farmers and Markets"}, "geometry": {"type": "Point", "coordinates": [-89.85918, 35.05101]}}, {"type": "Feature", "properties": {"name": "Poplar Express", "type": "Convenience Store"}, "geometry": {"type": "Point", "coordinates": [-90.01595, 35.14424]}}, {"type": "Feature", "properties": {"name": "Cherry Market", "type": "Convenience Store"}, "geometry": {"type": "Point", "coordinates": [-89.91631, 35.09098]}}, {"type": "Feature", "properties": {"name": "Dollar General 24291", "type": "Other"}, "geometry": {"type": "Point", "coordinates": [-89.79321, 35.19989]}}, {"type": "Feature", "properties": {"name": "Shell Food Mart", "type": "Convenience Store"}, "geometry": {"type": "Point", "coordinates": [-89.87749, 35.07407]}}, {"type": "Feature", "properties": {"name": "Sunrise Food Mart", "type": "Convenience Store"}, "geometry": {"type": "Point", "coordinates": [-89.89357, 35.22176]}}, {"type": "Feature", "properties": {"name": "B & H Express NONE", "type": "Convenience Store"}, "geometry": {"type": "Point", "coordinates": [-90.02132, 35.1698]}}, {"type": "Feature", "properties": {"name": "Kwick Food Mart", "type": "Convenience Store"}, "geometry": {"type": "Point", "coordinates": [-89.88544, 35.04387]}}, {"type": "Feature", "properties": {"name": "Shell Food Mart", "type": "Convenience Store"}, "geometry": {"type": "Point", "coordinates": [-89.86584, 35.05039]}}, {"type": "Feature", "properties": {"name": "Sun Rise Pro ", "type": "Convenience Store"}, "geometry": {"type": "Point", "coordinates": [-89.98274, 35.1749]}}, {"type": "Feature", "properties": {"name": "E Shelby Hop In", "type": "Convenience Store"}, "geometry": {"type": "Point", "coordinates": [-89.99622, 35.0204]}}, {"type": "Feature", "properties": {"name": "Marathon Express Mart", "type": "Convenience Store"}, "geometry": {"type": "Point", "coordinates": [-89.92577, 35.24274]}}, {"type": "Feature", "properties": {"name": "Whitehaven Food Mart", "type": "Convenience Store"}, "geometry": {"type": "Point", "coordinates": [-90.02449, 35.00022]}}, {"type": "Feature", "properties": {"name": "Shelby Food And Fuel Inc.", "type": "Convenience Store"}, "geometry": {"type": "Point", "coordinates": [-89.86568, 35.0194]}}, {"type": "Feature", "properties": {"name": "Holmes Food And Fuel Corp", "type": "Convenience Store"}, "geometry": {"type": "Point", "coordinates": [-89.86382, 35.00634]}}, {"type": "Feature", "properties": {"name": "Abbey Mart", "type": "Convenience Store"}, "geometry": {"type": "Point", "coordinates": [-89.83167, 34.99497]}}, {"type": "Feature", "properties": {"name": "Dollar General 25656", "type": "Other"}, "geometry": {"type": "Point", "coordinates": [-85.76277, 38.48595]}}, {"type": "Feature", "properties": {"name": "Dollar General 25463", "type": "Other"}, "geometry": {"type": "Point", "coordinates": [-92.172, 40.47081]}}, {"type": "Feature", "properties": {"name": "Hop-in Exxon", "type": "Convenience Store"}, "geometry": {"type": "Point", "coordinates": [-89.95216, 35.05254]}}, {"type": "Feature", "properties": {"name": "Save A Lot 30250", "type": "Supermarket"}, "geometry": {"type": "Point", "coordinates": [-89.93127, 35.10638]}}, {"type": "Feature", "properties": {"name": "Sunshine Grocery LLC", "type": "Convenience Store"}, "geometry": {"type": "Point", "coordinates": [-89.93238, 35.18364]}}, {"type": "Feature", "properties": {"name": "New Kings Grocery", "type": "Convenience Store"}, "geometry": {"type": "Point", "coordinates": [-89.98357, 35.1662]}}, {"type": "Feature", "properties": {"name": "Hyde Park Grocery NONE", "type": "Convenience Store"}, "geometry": {"type": "Point", "coordinates": [-89.98795, 35.17895]}}, {"type": "Feature", "properties": {"name": "Grave Xpress Mart N / A", "type": "Convenience Store"}, "geometry": {"type": "Point", "coordinates": [-90.04124, 35.04493]}}, {"type": "Feature", "properties": {"name": "H & N Market", "type": "Convenience Store"}, "geometry": {"type": "Point", "coordinates": [-89.99717, 35.02108]}}, {"type": "Feature", "properties": {"name": "Cromwell Pizza And Delli", "type": "Convenience Store"}, "geometry": {"type": "Point", "coordinates": [-89.90319, 35.04662]}}, {"type": "Feature", "properties": {"name": "Smoke & Vape 1 Llc", "type": "Convenience Store"}, "geometry": {"type": "Point", "coordinates": [-90.01603, 35.1255]}}, {"type": "Feature", "properties": {"name": "Lit Junior Ap 4", "type": "Super Store"}, "geometry": {"type": "Point", "coordinates": [-89.91456, 35.2157]}}, {"type": "Feature", "properties": {"name": "Dollar General 23977", "type": "Other"}, "geometry": {"type": "Point", "coordinates": [-90.06126, 35.05292]}}, {"type": "Feature", "properties": {"name": "Family Best Market", "type": "Grocery Store"}, "geometry": {"type": "Point", "coordinates": [-89.8568, 35.0508]}}, {"type": "Feature", "properties": {"name": "Am Market none", "type": "Convenience Store"}, "geometry": {"type": "Point", "coordinates": [-89.89642, 35.19418]}}, {"type": "Feature", "properties": {"name": "A & B Circle K Food Mart", "type": "Convenience Store"}, "geometry": {"type": "Point", "coordinates": [-89.99148, 35.11039]}}, {"type": "Feature", "properties": {"name": "Moe Truck Stop Market", "type": "Convenience Store"}, "geometry": {"type": "Point", "coordinates": [-89.92382, 35.05122]}}, {"type": "Feature", "properties": {"name": "Raines In & Out", "type": "Convenience Store"}, "geometry": {"type": "Point", "coordinates": [-89.86604, 35.03486]}}, {"type": "Feature", "properties": {"name": "Gordins Food And Butcher Shoppe 6607", "type": "Supermarket"}, "geometry": {"type": "Point", "coordinates": [-90.07067, 35.03634]}}, {"type": "Feature", "properties": {"name": "Cash Express", "type": "Convenience Store"}, "geometry": {"type": "Point", "coordinates": [-89.93101, 35.0923]}}, {"type": "Feature", "properties": {"name": "Getwell Gas Express", "type": "Convenience Store"}, "geometry": {"type": "Point", "coordinates": [-89.93088, 35.09844]}}, {"type": "Feature", "properties": {"name": "Melrose Express", "type": "Convenience Store"}, "geometry": {"type": "Point", "coordinates": [-89.96865, 35.10807]}}, {"type": "Feature", "properties": {"name": "Warford Shell", "type": "Convenience Store"}, "geometry": {"type": "Point", "coordinates": [-89.95805, 35.20039]}}, {"type": "Feature", "properties": {"name": "Discount Meat & Grocery", "type": "Specialty Store"}, "geometry": {"type": "Point", "coordinates": [-89.86515, 35.03486]}}, {"type": "Feature", "properties": {"name": "Gordins Food And Butcher Shoppe 6621", "type": "Supermarket"}, "geometry": {"type": "Point", "coordinates": [-90.03175, 35.21354]}}, {"type": "Feature", "properties": {"name": "Cherry Express ", "type": "Convenience Store"}, "geometry": {"type": "Point", "coordinates": [-89.91722, 35.09016]}}, {"type": "Feature", "properties": {"name": "ALDI 63045 63045", "type": "Supermarket"}, "geometry": {"type": "Point", "coordinates": [-90.02512, 35.03812]}}, {"type": "Feature", "properties": {"name": "Fill N Save No 4", "type": "Convenience Store"}, "geometry": {"type": "Point", "coordinates": [-90.01917, 35.05409]}}, {"type": "Feature", "properties": {"name": "Milestones Enterprises Inc", "type": "Convenience Store"}, "geometry": {"type": "Point", "coordinates": [-89.99046, 35.12293]}}, {"type": "Feature", "properties": {"name": "Airways Food Mart", "type": "Convenience Store"}, "geometry": {"type": "Point", "coordinates": [-89.98581, 35.08263]}}, {"type": "Feature", "properties": {"name": "Panaderia La Ilucion 3", "type": "Grocery Store"}, "geometry": {"type": "Point", "coordinates": [-89.91672, 35.16233]}}, {"type": "Feature", "properties": {"name": "In And Out Market", "type": "Convenience Store"}, "geometry": {"type": "Point", "coordinates": [-90.03773, 35.10742]}}, {"type": "Feature", "properties": {"name": "SOUTH MEMPHIS FARMERS MARKET", "type": "Farmers and Markets"}, "geometry": {"type": "Point", "coordinates": [-90.03404, 35.10855]}}, {"type": "Feature", "properties": {"name": "Express Gas", "type": "Convenience Store"}, "geometry": {"type": "Point", "coordinates": [-89.92151, 35.05155]}}, {"type": "Feature", "properties": {"name": "Speedy Express", "type": "Convenience Store"}, "geometry": {"type": "Point", "coordinates": [-89.94074, 35.14937]}}, {"type": "Feature", "properties": {"name": "Fill N Go Travel Center", "type": "Convenience Store"}, "geometry": {"type": "Point", "coordinates": [-90.05906, 35.06435]}}, {"type": "Feature", "properties": {"name": "Balaji Super Market", "type": "Grocery Store"}, "geometry": {"type": "Point", "coordinates": [-89.79591, 35.04459]}}, {"type": "Feature", "properties": {"name": "ASAB Market", "type": "Convenience Store"}, "geometry": {"type": "Point", "coordinates": [-89.97013, 35.10806]}}, {"type": "Feature", "properties": {"name": "Marvin's Hot Kitchen & Deli", "type": "Convenience Store"}, "geometry": {"type": "Point", "coordinates": [-89.94022, 35.06438]}}, {"type": "Feature", "properties": {"name": "Breedlove Grocery", "type": "Convenience Store"}, "geometry": {"type": "Point", "coordinates": [-90.02224, 35.16177]}}, {"type": "Feature", "properties": {"name": "Tienda Hispana La Estrella", "type": "Convenience Store"}, "geometry": {"type": "Point", "coordinates": [-89.90189, 35.1486]}}, {"type": "Feature", "properties": {"name": "La Fiesta Supermarket", "type": "Grocery Store"}, "geometry": {"type": "Point", "coordinates": [-89.93095, 35.09585]}}, {"type": "Feature", "properties": {"name": "Egy Management Vi Llc Appling", "type": "Convenience Store"}, "geometry": {"type": "Point", "coordinates": [-89.81361, 35.18933]}}, {"type": "Feature", "properties": {"name": "Smart Mart Expess 0", "type": "Convenience Store"}, "geometry": {"type": "Point", "coordinates": [-89.9932, 35.24243]}}, {"type": "Feature", "properties": {"name": "Bennington Mini Mart", "type": "Convenience Store"}, "geometry": {"type": "Point", "coordinates": [-89.83101, 35.00799]}}, {"type": "Feature", "properties": {"name": "Third St Hop In", "type": "Convenience Store"}, "geometry": {"type": "Point", "coordinates": [-90.05688, 35.08611]}}, {"type": "Feature", "properties": {"name": "Airport Food Mart", "type": "Convenience Store"}, "geometry": {"type": "Point", "coordinates": [-89.99035, 35.02101]}}, {"type": "Feature", "properties": {"name": "E-K Super Mart N / A", "type": "Convenience Store"}, "geometry": {"type": "Point", "coordinates": [-90.03613, 35.16402]}}, {"type": "Feature", "properties": {"name": "Superlo Foods 7", "type": "Super Store"}, "geometry": {"type": "Point", "coordinates": [-89.90575, 35.06414]}}, {"type": "Feature", "properties": {"name": "All In One Food & Fuel", "type": "Convenience Store"}, "geometry": {"type": "Point", "coordinates": [-89.93741, 35.02036]}}, {"type": "Feature", "properties": {"name": "Perkins Market Place LLC", "type": "Grocery Store"}, "geometry": {"type": "Point", "coordinates": [-89.90614, 35.06998]}}, {"type": "Feature", "properties": {"name": "Royal King Grocery", "type": "Convenience Store"}, "geometry": {"type": "Point", "coordinates": [-90.09253, 35.03549]}}, {"type": "Feature", "properties": {"name": "Mou Food Mart", "type": "Convenience Store"}, "geometry": {"type": "Point", "coordinates": [-90.00338, 35.22744]}}, {"type": "Feature", "properties": {"name": "Yale Tobacco Discount N / A", "type": "Convenience Store"}, "geometry": {"type": "Point", "coordinates": [-89.89265, 35.22065]}}, {"type": "Feature", "properties": {"name": "Superlo Foods 4", "type": "Super Store"}, "geometry": {"type": "Point", "coordinates": [-89.84527, 35.04957]}}, {"type": "Feature", "properties": {"name": "Flash Mart", "type": "Grocery Store"}, "geometry": {"type": "Point", "coordinates": [-89.96197, 35.17443]}}, {"type": "Feature", "properties": {"name": "La Fiesta", "type": "Grocery Store"}, "geometry": {"type": "Point", "coordinates": [-89.90456, 35.06407]}}, {"type": "Feature", "properties": {"name": "Stage Exxon", "type": "Convenience Store"}, "geometry": {"type": "Point", "coordinates": [-89.86431, 35.20463]}}, {"type": "Feature", "properties": {"name": "Jubilee Express", "type": "Convenience Store"}, "geometry": {"type": "Point", "coordinates": [-90.00795, 35.19618]}}, {"type": "Feature", "properties": {"name": "CIRCLE K 4703941", "type": "Convenience Store"}, "geometry": {"type": "Point", "coordinates": [-90.03122, 35.06112]}}, {"type": "Feature", "properties": {"name": "Shop N Rite", "type": "Convenience Store"}, "geometry": {"type": "Point", "coordinates": [-89.99503, 35.09221]}}, {"type": "Feature", "properties": {"name": "Lakewood Grab & Go", "type": "Convenience Store"}, "geometry": {"type": "Point", "coordinates": [-89.95309, 35.05194]}}, {"type": "Feature", "properties": {"name": "University Discount Mart", "type": "Convenience Store"}, "geometry": {"type": "Point", "coordinates": [-89.94582, 35.1148]}}, {"type": "Feature", "properties": {"name": "Z National", "type": "Grocery Store"}, "geometry": {"type": "Point", "coordinates": [-89.93179, 35.07414]}}, {"type": "Feature", "properties": {"name": "The Spot Mart", "type": "Convenience Store"}, "geometry": {"type": "Point", "coordinates": [-90.03389, 35.14569]}}, {"type": "Feature", "properties": {"name": "E Mart NONE", "type": "Convenience Store"}, "geometry": {"type": "Point", "coordinates": [-90.02035, 35.11563]}}, {"type": "Feature", "properties": {"name": "Pride Mart # 3 NONE", "type": "Convenience Store"}, "geometry": {"type": "Point", "coordinates": [-89.98485, 35.11974]}}, {"type": "Feature", "properties": {"name": "Bp Food Mart", "type": "Convenience Store"}, "geometry": {"type": "Point", "coordinates": [-89.95257, 35.13011]}}, {"type": "Feature", "properties": {"name": "Mendenhall Gas And Express Inc", "type": "Convenience Store"}, "geometry": {"type": "Point", "coordinates": [-89.88532, 35.05093]}}, {"type": "Feature", "properties": {"name": "Kash Express 1", "type": "Convenience Store"}, "geometry": {"type": "Point", "coordinates": [-89.9258, 35.23328]}}, {"type": "Feature", "properties": {"name": "F & A Grocery", "type": "Convenience Store"}, "geometry": {"type": "Point", "coordinates": [-90.0448, 35.08622]}}, {"type": "Feature", "properties": {"name": "Exxon Mart 3rd Street", "type": "Convenience Store"}, "geometry": {"type": "Point", "coordinates": [-90.055, 35.12483]}}, {"type": "Feature", "properties": {"name": "Shell at Summer Avenue", "type": "Convenience Store"}, "geometry": {"type": "Point", "coordinates": [-89.88601, 35.15547]}}, {"type": "Feature", "properties": {"name": "Guatelinda", "type": "Grocery Store"}, "geometry": {"type": "Point", "coordinates": [-89.86459, 35.06033]}}, {"type": "Feature", "properties": {"name": "Park Ave Food Market", "type": "Convenience Store"}, "geometry": {"type": "Point", "coordinates": [-89.96238, 35.10815]}}, {"type": "Feature", "properties": {"name": "ALDI 75005 75005", "type": "Supermarket"}, "geometry": {"type": "Point", "coordinates": [-89.90315, 35.14863]}}, {"type": "Feature", "properties": {"name": "Top-Nash", "type": "Convenience Store"}, "geometry": {"type": "Point", "coordinates": [-89.92053, 35.2056]}}, {"type": "Feature", "properties": {"name": "Rose's 559", "type": "Other"}, "geometry": {"type": "Point", "coordinates": [-89.82964, 35.02042]}}, {"type": "Feature", "properties": {"name": "Gem Texaco", "type": "Convenience Store"}, "geometry": {"type": "Point", "coordinates": [-89.93177, 35.07373]}}, {"type": "Feature", "properties": {"name": "A OK GROCERY", "type": "Convenience Store"}, "geometry": {"type": "Point", "coordinates": [-89.97584, 35.19988]}}, {"type": "Feature", "properties": {"name": "High Point Grocery", "type": "Grocery Store"}, "geometry": {"type": "Point", "coordinates": [-89.93769, 35.14478]}}, {"type": "Feature", "properties": {"name": "Lit Junior 2", "type": "Supermarket"}, "geometry": {"type": "Point", "coordinates": [-90.00854, 35.0538]}}, {"type": "Feature", "properties": {"name": "Rooster Market Llc", "type": "Convenience Store"}, "geometry": {"type": "Point", "coordinates": [-89.90505, 35.06989]}}, {"type": "Feature", "properties": {"name": "Graham Food Mart", "type": "Convenience Store"}, "geometry": {"type": "Point", "coordinates": [-89.92666, 35.1803]}}, {"type": "Feature", "properties": {"name": "Blooming Whitten", "type": "Convenience Store"}, "geometry": {"type": "Point", "coordinates": [-89.83567, 35.19579]}}, {"type": "Feature", "properties": {"name": "Rico 1 Stop Shop Inc", "type": "Convenience Store"}, "geometry": {"type": "Point", "coordinates": [-89.90234, 35.05097]}}, {"type": "Feature", "properties": {"name": "PENNY PANTRY", "type": "Convenience Store"}, "geometry": {"type": "Point", "coordinates": [-90.03193, 35.26202]}}, {"type": "Feature", "properties": {"name": "ALDI 40068 40068", "type": "Supermarket"}, "geometry": {"type": "Point", "coordinates": [-89.9056, 35.07274]}}, {"type": "Feature", "properties": {"name": "Bd Express", "type": "Convenience Store"}, "geometry": {"type": "Point", "coordinates": [-89.96932, 35.10776]}}, {"type": "Feature", "properties": {"name": "Landmark Farmer's Market", "type": "Farmers and Markets"}, "geometry": {"type": "Point", "coordinates": [-89.97913, 35.11272]}}, {"type": "Feature", "properties": {"name": "M & N Tobacco Discount", "type": "Convenience Store"}, "geometry": {"type": "Point", "coordinates": [-90.00848, 35.03519]}}, {"type": "Feature", "properties": {"name": "Superlo Foods  6", "type": "Super Store"}, "geometry": {"type": "Point", "coordinates": [-89.90957, 35.09225]}}, {"type": "Feature", "properties": {"name": "Mississippi And Walker Mart", "type": "Convenience Store"}, "geometry": {"type": "Point", "coordinates": [-90.03841, 35.11897]}}, {"type": "Feature", "properties": {"name": "Poplar Mini Mart & Deli", "type": "Convenience Store"}, "geometry": {"type": "Point", "coordinates": [-90.03459, 35.1451]}}, {"type": "Feature", "properties": {"name": "Brothers Food Mart", "type": "Convenience Store"}, "geometry": {"type": "Point", "coordinates": [-89.99079, 35.07772]}}, {"type": "Feature", "properties": {"name": "La Michoacana Wholesale Inc", "type": "Grocery Store"}, "geometry": {"type": "Point", "coordinates": [-89.93329, 35.03791]}}, {"type": "Feature", "properties": {"name": "Airways Express", "type": "Convenience Store"}, "geometry": {"type": "Point", "coordinates": [-89.99186, 35.05376]}}, {"type": "Feature", "properties": {"name": "Riverdale Gas & Grocery", "type": "Convenience Store"}, "geometry": {"type": "Point", "coordinates": [-89.83185, 35.0345]}}, {"type": "Feature", "properties": {"name": "Express Gas", "type": "Convenience Store"}, "geometry": {"type": "Point", "coordinates": [-90.03268, 35.2072]}}, {"type": "Feature", "properties": {"name": "Bloomingriver Llc", "type": "Convenience Store"}, "geometry": {"type": "Point", "coordinates": [-90.06654, 35.12866]}}, {"type": "Feature", "properties": {"name": "Amba Express", "type": "Convenience Store"}, "geometry": {"type": "Point", "coordinates": [-89.83054, 35.02088]}}, {"type": "Feature", "properties": {"name": "Friendly Market", "type": "Convenience Store"}, "geometry": {"type": "Point", "coordinates": [-90.03759, 35.11586]}}, {"type": "Feature", "properties": {"name": "Quick Mart NONE", "type": "Convenience Store"}, "geometry": {"type": "Point", "coordinates": [-89.92518, 35.23453]}}, {"type": "Feature", "properties": {"name": "Dollar General 25425", "type": "Other"}, "geometry": {"type": "Point", "coordinates": [-89.86581, 35.03296]}}, {"type": "Feature", "properties": {"name": "CIRCLE K 4703960", "type": "Convenience Store"}, "geometry": {"type": "Point", "coordinates": [-90.01872, 35.07847]}}, {"type": "Feature", "properties": {"name": "Shelby Express", "type": "Convenience Store"}, "geometry": {"type": "Point", "coordinates": [-90.00796, 35.02143]}}, {"type": "Feature", "properties": {"name": "Three Diamonds Food Mart", "type": "Convenience Store"}, "geometry": {"type": "Point", "coordinates": [-89.96298, 35.08601]}}, {"type": "Feature", "properties": {"name": "DollarTree 9621", "type": "Other"}, "geometry": {"type": "Point", "coordinates": [-89.93173, 35.09895]}}, {"type": "Feature", "properties": {"name": "CIRCLE K 4703963", "type": "Convenience Store"}, "geometry": {"type": "Point", "coordinates": [-89.95507, 35.0203]}}, {"type": "Feature", "properties": {"name": "CIRCLE K 4703972", "type": "Convenience Store"}, "geometry": {"type": "Point", "coordinates": [-89.85622, 35.16262]}}, {"type": "Feature", "properties": {"name": "CIRCLE K 4703965", "type": "Convenience Store"}, "geometry": {"type": "Point", "coordinates": [-90.05969, 35.06245]}}, {"type": "Feature", "properties": {"name": "Frayser Discount Mart Llc", "type": "Convenience Store"}, "geometry": {"type": "Point", "coordinates": [-89.97602, 35.22001]}}, {"type": "Feature", "properties": {"name": "Kimble Fish Market ", "type": "Specialty Store"}, "geometry": {"type": "Point", "coordinates": [-90.08688, 35.0211]}}, {"type": "Feature", "properties": {"name": "2100 Sycamore Inc", "type": "Convenience Store"}, "geometry": {"type": "Point", "coordinates": [-89.87077, 35.18317]}}, {"type": "Feature", "properties": {"name": "CIRCLE K 4703968", "type": "Convenience Store"}, "geometry": {"type": "Point", "coordinates": [-89.84438, 35.05012]}}, {"type": "Feature", "properties": {"name": "CIRCLE K 4703951", "type": "Convenience Store"}, "geometry": {"type": "Point", "coordinates": [-90.02457, 35.05771]}}, {"type": "Feature", "properties": {"name": "CIRCLE K 4703912", "type": "Convenience Store"}, "geometry": {"type": "Point", "coordinates": [-89.85706, 35.06928]}}, {"type": "Feature", "properties": {"name": "CIRCLE K 4703918", "type": "Convenience Store"}, "geometry": {"type": "Point", "coordinates": [-90.0137, 35.06076]}}, {"type": "Feature", "properties": {"name": "All In One Shelby Drive", "type": "Convenience Store"}, "geometry": {"type": "Point", "coordinates": [-89.8494, 35.0209]}}, {"type": "Feature", "properties": {"name": "Crump Food Mart", "type": "Convenience Store"}, "geometry": {"type": "Point", "coordinates": [-90.03477, 35.12988]}}, {"type": "Feature", "properties": {"name": "Dollar General 30915", "type": "Other"}, "geometry": {"type": "Point", "coordinates": [-90.02085, 35.1158]}}, {"type": "Feature", "properties": {"name": "Quick & Easy Market", "type": "Convenience Store"}, "geometry": {"type": "Point", "coordinates": [-90.04452, 35.10096]}}, {"type": "Feature", "properties": {"name": "Bellevue Food Shop", "type": "Convenience Store"}, "geometry": {"type": "Point", "coordinates": [-90.02232, 35.1101]}}, {"type": "Feature", "properties": {"name": "Guatemala 502llc", "type": "Grocery Store"}, "geometry": {"type": "Point", "coordinates": [-89.90887, 35.14833]}}, {"type": "Feature", "properties": {"name": "Memphis Party Store", "type": "Convenience Store"}, "geometry": {"type": "Point", "coordinates": [-82.76908, 42.89173]}}, {"type": "Feature", "properties": {"name": "Perkins Express N / A", "type": "Convenience Store"}, "geometry": {"type": "Point", "coordinates": [-89.90856, 35.04608]}}, {"type": "Feature", "properties": {"name": "African Foods Market And Accessories", "type": "Grocery Store"}, "geometry": {"type": "Point", "coordinates": [-90.00848, 35.03519]}}, {"type": "Feature", "properties": {"name": "Parkway Express", "type": "Convenience Store"}, "geometry": {"type": "Point", "coordinates": [-90.03432, 35.10871]}}, {"type": "Feature", "properties": {"name": "Airways Express", "type": "Convenience Store"}, "geometry": {"type": "Point", "coordinates": [-89.98489, 35.07977]}}, {"type": "Feature", "properties": {"name": "Near Stop Mart", "type": "Convenience Store"}, "geometry": {"type": "Point", "coordinates": [-90.07368, 35.03571]}}, {"type": "Feature", "properties": {"name": "Park Fuel", "type": "Convenience Store"}, "geometry": {"type": "Point", "coordinates": [-89.89581, 35.10627]}}, {"type": "Feature", "properties": {"name": "Dollar General 31006", "type": "Other"}, "geometry": {"type": "Point", "coordinates": [-89.94545, 35.10851]}}, {"type": "Feature", "properties": {"name": "Star White Llc", "type": "Convenience Store"}, "geometry": {"type": "Point", "coordinates": [-89.98427, 35.21774]}}, {"type": "Feature", "properties": {"name": "Nahar Store", "type": "Convenience Store"}, "geometry": {"type": "Point", "coordinates": [-89.95277, 35.08488]}}, {"type": "Feature", "properties": {"name": "Discount Grocery & Food", "type": "Convenience Store"}, "geometry": {"type": "Point", "coordinates": [-89.94867, 35.10822]}}, {"type": "Feature", "properties": {"name": "Z Market", "type": "Convenience Store"}, "geometry": {"type": "Point", "coordinates": [-89.88384, 35.05009]}}, {"type": "Feature", "properties": {"name": "Gas N Snack", "type": "Convenience Store"}, "geometry": {"type": "Point", "coordinates": [-90.05521, 35.09572]}}, {"type": "Feature", "properties": {"name": "Panaderia Y Taqueria San Juan", "type": "Grocery Store"}, "geometry": {"type": "Point", "coordinates": [-89.90784, 35.07437]}}, {"type": "Feature", "properties": {"name": "E-market NONE", "type": "Convenience Store"}, "geometry": {"type": "Point", "coordinates": [-90.03448, 35.14531]}}, {"type": "Feature", "properties": {"name": "Family Farmers Coop Market(DMF)", "type": "Farmers and Markets"}, "geometry": {"type": "Point", "coordinates": [-89.96054, 35.18235]}}, {"type": "Feature", "properties": {"name": "Tn White Diamond Llc", "type": "Convenience Store"}, "geometry": {"type": "Point", "coordinates": [-89.99043, 35.00602]}}, {"type": "Feature", "properties": {"name": "Icarus Mart", "type": "Convenience Store"}, "geometry": {"type": "Point", "coordinates": [-90.00682, 35.00682]}}, {"type": "Feature", "properties": {"name": "TJ'S Hometown Grocery NA", "type": "Other"}, "geometry": {"type": "Point", "coordinates": [-92.16314, 40.45129]}}, {"type": "Feature", "properties": {"name": "Lamar Seafood Market", "type": "Grocery Store"}, "geometry": {"type": "Point", "coordinates": [-89.98608, 35.10751]}}, {"type": "Feature", "properties": {"name": "Levi Mart N / A", "type": "Convenience Store"}, "geometry": {"type": "Point", "coordinates": [-90.08342, 35.04317]}}, {"type": "Feature", "properties": {"name": "Hills Supermarket", "type": "Grocery Store"}, "geometry": {"type": "Point", "coordinates": [-89.9948, 35.20595]}}, {"type": "Feature", "properties": {"name": "Sunmoon Market", "type": "Convenience Store"}, "geometry": {"type": "Point", "coordinates": [-90.0032, 35.21216]}}, {"type": "Feature", "properties": {"name": "North Memphis Market", "type": "Convenience Store"}, "geometry": {"type": "Point", "coordinates": [-90.00428, 35.16416]}}, {"type": "Feature", "properties": {"name": "Lion Mart ", "type": "Convenience Store"}, "geometry": {"type": "Point", "coordinates": [-90.06891, 35.0204]}}, {"type": "Feature", "properties": {"name": "Winchester Gas And Express Inc", "type": "Convenience Store"}, "geometry": {"type": "Point", "coordinates": [-89.88666, 35.05092]}}, {"type": "Feature", "properties": {"name": "Mj Cancun Market Inc", "type": "Convenience Store"}, "geometry": {"type": "Point", "coordinates": [-89.88535, 35.06231]}}, {"type": "Feature", "properties": {"name": "DJ's Mart", "type": "Convenience Store"}, "geometry": {"type": "Point", "coordinates": [-89.88541, 35.04488]}}, {"type": "Feature", "properties": {"name": "East Holmes Express Inc", "type": "Convenience Store"}, "geometry": {"type": "Point", "coordinates": [-90.00721, 35.0068]}}, {"type": "Feature", "properties": {"name": "Dollar General 30094", "type": "Other"}, "geometry": {"type": "Point", "coordinates": [-89.95091, 35.14917]}}, {"type": "Feature", "properties": {"name": "W Food Mart", "type": "Convenience Store"}, "geometry": {"type": "Point", "coordinates": [-89.98928, 35.00682]}}, {"type": "Feature", "properties": {"name": "Best Corner Express N/ A", "type": "Convenience Store"}, "geometry": {"type": "Point", "coordinates": [-89.96249, 35.08534]}}, {"type": "Feature", "properties": {"name": "Winchester Express", "type": "Convenience Store"}, "geometry": {"type": "Point", "coordinates": [-89.88706, 35.05029]}}, {"type": "Feature", "properties": {"name": "Tienda Santa Maria Quiche Guatemala", "type": "Grocery Store"}, "geometry": {"type": "Point", "coordinates": [-89.90942, 35.05159]}}, {"type": "Feature", "properties": {"name": "Brothers Xpress NONE", "type": "Convenience Store"}, "geometry": {"type": "Point", "coordinates": [-89.93771, 35.03627]}}, {"type": "Feature", "properties": {"name": "La Fiesta Whitten LLC", "type": "Grocery Store"}, "geometry": {"type": "Point", "coordinates": [-89.83764, 35.16751]}}, {"type": "Feature", "properties": {"name": "Woodstock Mart", "type": "Convenience Store"}, "geometry": {"type": "Point", "coordinates": [-89.984, 35.27218]}}, {"type": "Feature", "properties": {"name": "MAPCO Express Inc. 7449", "type": "Convenience Store"}, "geometry": {"type": "Point", "coordinates": [-90.00407, 35.14264]}}, {"type": "Feature", "properties": {"name": "Q Mark", "type": "Convenience Store"}, "geometry": {"type": "Point", "coordinates": [-89.83829, 35.04885]}}, {"type": "Feature", "properties": {"name": "Hop In", "type": "Convenience Store"}, "geometry": {"type": "Point", "coordinates": [-89.84814, 35.01985]}}, {"type": "Feature", "properties": {"name": "Cash Express", "type": "Convenience Store"}, "geometry": {"type": "Point", "coordinates": [-89.85703, 35.06077]}}, {"type": "Feature", "properties": {"name": "Save N Go", "type": "Convenience Store"}, "geometry": {"type": "Point", "coordinates": [-89.98438, 35.10816]}}, {"type": "Feature", "properties": {"name": "Community Grocery NONE", "type": "Convenience Store"}, "geometry": {"type": "Point", "coordinates": [-90.06778, 35.01837]}}, {"type": "Feature", "properties": {"name": "Papa Hwy 61 Operations LLC", "type": "Convenience Store"}, "geometry": {"type": "Point", "coordinates": [-90.08825, 35.02149]}}, {"type": "Feature", "properties": {"name": "Mallory Food Mart", "type": "Convenience Store"}, "geometry": {"type": "Point", "coordinates": [-90.05252, 35.08677]}}, {"type": "Feature", "properties": {"name": "Costco Wholesale 0353", "type": "Super Store"}, "geometry": {"type": "Point", "coordinates": [-89.79763, 35.04578]}}, {"type": "Feature", "properties": {"name": "Gas Usa Deli", "type": "Convenience Store"}, "geometry": {"type": "Point", "coordinates": [-90.06905, 35.03672]}}, {"type": "Feature", "properties": {"name": "ALDI 70117", "type": "Supermarket"}, "geometry": {"type": "Point", "coordinates": [-90.03534, 35.13793]}}, {"type": "Feature", "properties": {"name": "Jungle Orchid", "type": "Farmers and Markets"}, "geometry": {"type": "Point", "coordinates": [-90.05343, 35.10466]}}, {"type": "Feature", "properties": {"name": "Raina Food & Fuels", "type": "Convenience Store"}, "geometry": {"type": "Point", "coordinates": [-89.91321, 35.20557]}}, {"type": "Feature", "properties": {"name": "Las Islas", "type": "Grocery Store"}, "geometry": {"type": "Point", "coordinates": [-89.93074, 35.0875]}}, {"type": "Feature", "properties": {"name": "Genos Market", "type": "Convenience Store"}, "geometry": {"type": "Point", "coordinates": [-90.00003, 35.17016]}}, {"type": "Feature", "properties": {"name": "Welcome Memphis Market", "type": "Convenience Store"}, "geometry": {"type": "Point", "coordinates": [-90.02058, 35.12894]}}, {"type": "Feature", "properties": {"name": "Moe Express", "type": "Convenience Store"}, "geometry": {"type": "Point", "coordinates": [-89.97929, 35.1396]}}, {"type": "Feature", "properties": {"name": "A & W Grocery NONE", "type": "Convenience Store"}, "geometry": {"type": "Point", "coordinates": [-89.99503, 35.09866]}}, {"type": "Feature", "properties": {"name": "County Line Mart", "type": "Convenience Store"}, "geometry": {"type": "Point", "coordinates": [-90.05194, 35.10778]}}, {"type": "Feature", "properties": {"name": "Chelsea Food Mart", "type": "Convenience Store"}, "geometry": {"type": "Point", "coordinates": [-90.03979, 35.16296]}}, {"type": "Feature", "properties": {"name": "Montes Market ", "type": "Convenience Store"}, "geometry": {"type": "Point", "coordinates": [-90.00719, 35.02544]}}, {"type": "Feature", "properties": {"name": "Lion Mart No 4 NONE", "type": "Convenience Store"}, "geometry": {"type": "Point", "coordinates": [-90.0592, 35.06667]}}, {"type": "Feature", "properties": {"name": "Quick Store 01", "type": "Convenience Store"}, "geometry": {"type": "Point", "coordinates": [-90.02674, 35.13432]}}, {"type": "Feature", "properties": {"name": "Hop In", "type": "Convenience Store"}, "geometry": {"type": "Point", "coordinates": [-89.79658, 35.01986]}}, {"type": "Feature", "properties": {"name": "Mapco 794 ", "type": "Convenience Store"}, "geometry": {"type": "Point", "coordinates": [-89.87584, 35.07397]}}, {"type": "Feature", "properties": {"name": "Tn Travel Center", "type": "Convenience Store"}, "geometry": {"type": "Point", "coordinates": [-90.05867, 35.069]}}, {"type": "Feature", "properties": {"name": "Quick And Save Market NONE", "type": "Convenience Store"}, "geometry": {"type": "Point", "coordinates": [-89.9622, 35.08663]}}, {"type": "Feature", "properties": {"name": "Platinum Energy Inc", "type": "Convenience Store"}, "geometry": {"type": "Point", "coordinates": [-90.00214, 35.06045]}}, {"type": "Feature", "properties": {"name": "Baba Food Mart", "type": "Convenience Store"}, "geometry": {"type": "Point", "coordinates": [-89.84824, 35.02102]}}, {"type": "Feature", "properties": {"name": "African Express Market ", "type": "Grocery Store"}, "geometry": {"type": "Point", "coordinates": [-90.02134, 35.05379]}}, {"type": "Feature", "properties": {"name": "A1 Stop & Shop", "type": "Convenience Store"}, "geometry": {"type": "Point", "coordinates": [-90.00693, 35.05312]}}, {"type": "Feature", "properties": {"name": "Ramon's Meat Market", "type": "Other"}, "geometry": {"type": "Point", "coordinates": [-89.93086, 35.08751]}}, {"type": "Feature", "properties": {"name": "Express Food Market", "type": "Convenience Store"}, "geometry": {"type": "Point", "coordinates": [-89.96282, 35.08722]}}, {"type": "Feature", "properties": {"name": "Elvis 901 Llc", "type": "Convenience Store"}, "geometry": {"type": "Point", "coordinates": [-90.01906, 35.07786]}}, {"type": "Feature", "properties": {"name": "Chelsea Express", "type": "Convenience Store"}, "geometry": {"type": "Point", "coordinates": [-89.98962, 35.17384]}}, {"type": "Feature", "properties": {"name": "Mapco 790", "type": "Convenience Store"}, "geometry": {"type": "Point", "coordinates": [-89.95171, 35.14978]}}, {"type": "Feature", "properties": {"name": "Tn Lease 1", "type": "Convenience Store"}, "geometry": {"type": "Point", "coordinates": [-89.89526, 35.08533]}}, {"type": "Feature", "properties": {"name": "Go Mart", "type": "Convenience Store"}, "geometry": {"type": "Point", "coordinates": [-90.04293, 35.10731]}}, {"type": "Feature", "properties": {"name": "Mclemore Food Mart", "type": "Convenience Store"}, "geometry": {"type": "Point", "coordinates": [-90.0546, 35.11565]}}, {"type": "Feature", "properties": {"name": "Memphis Best Meat", "type": "Grocery Store"}, "geometry": {"type": "Point", "coordinates": [-89.97506, 35.1988]}}, {"type": "Feature", "properties": {"name": "Malcolm X None", "type": "Convenience Store"}, "geometry": {"type": "Point", "coordinates": [-90.01474, 35.22509]}}, {"type": "Feature", "properties": {"name": "Mapco", "type": "Convenience Store"}, "geometry": {"type": "Point", "coordinates": [-89.90615, 35.06282]}}, {"type": "Feature", "properties": {"name": "H & N Market And Deli Tn", "type": "Convenience Store"}, "geometry": {"type": "Point", "coordinates": [-90.02728, 35.14246]}}, {"type": "Feature", "properties": {"name": "Minit Stop Food Store", "type": "Convenience Store"}, "geometry": {"type": "Point", "coordinates": [-89.88079, 35.17401]}}, {"type": "Feature", "properties": {"name": "Shamsan Gas Express", "type": "Convenience Store"}, "geometry": {"type": "Point", "coordinates": [-90.05566, 35.10718]}}, {"type": "Feature", "properties": {"name": "Skylight Mart", "type": "Convenience Store"}, "geometry": {"type": "Point", "coordinates": [-90.02059, 35.0541]}}, {"type": "Feature", "properties": {"name": "No It All Mart", "type": "Convenience Store"}, "geometry": {"type": "Point", "coordinates": [-89.9661, 35.10766]}}, {"type": "Feature", "properties": {"name": "NYC Deli & Market", "type": "Convenience Store"}, "geometry": {"type": "Point", "coordinates": [-89.88625, 35.0613]}}, {"type": "Feature", "properties": {"name": "Silwan Gas and Grocery Investment", "type": "Convenience Store"}, "geometry": {"type": "Point", "coordinates": [-89.79639, 35.01754]}}, {"type": "Feature", "properties": {"name": "Goodstop 5349", "type": "Convenience Store"}, "geometry": {"type": "Point", "coordinates": [-85.80841, 38.42519]}}, {"type": "Feature", "properties": {"name": "The Blue Store", "type": "Convenience Store"}, "geometry": {"type": "Point", "coordinates": [-89.97423, 35.15791]}}]}