{"type": "FeatureCollection", "name": "memphis-neighborhoods", "note": "Census tracts from the City of Memphis Neighborhoods layer, each of which the city labels with a neighbourhood name, grouped into the names this map uses by nearest gazetteer centre within that name's stated reach, made contiguous, then simplified. The boundaries are real tract lines. The grouping is ours, and it is not a community-drawn boundary.", "source": "https://maps.memphistn.gov/mapping/rest/services/Basemaps/Common_Services_PROD/MapServer/35", "retrieved": "2026-08-03", "features": [{"type": "Feature", "properties": {"name": "Berclair", "tracts": 6, "cityNames": ["Berclair", "Berclair East", "Grahamwood", "Normandy Meadows East", "Pidgeon Estates", "Red Acres"]}, "geometry": {"type": "Polygon", "coordinates": [[[-89.94405185785311, 35.16176249805073], [-89.94413985861496, 35.15927949917319], [-89.94429485842566, 35.155741497552235], [-89.94441085787831, 35.15226749713957], [-89.94451885693502, 35.14947349657704], [-89.94467885766691, 35.144306494658764], [-89.94479185584818, 35.140918494931064], [-89.94495485695313, 35.13648949388399], [-89.94508985667234, 35.13157949302871], [-89.94517885725911, 35.129285492766215], [-89.94522485549324, 35.127796492261496], [-89.94378285554465, 35.1274854922071], [-89.94202785560162, 35.12712349169695], [-89.94024385534628, 35.12674149210096], [-89.93435285373167, 35.125507491780475], [-89.93014285244026, 35.12461849227129], [-89.92577385114018, 35.123701493041956], [-89.92577285041695, 35.12434649241263], [-89.92572685038618, 35.125980492547214], [-89.92553385183899, 35.131070493330235], [-89.92554285026317, 35.13150349342162], [-89.91867584975364, 35.13135149472922], [-89.91475684691873, 35.13125449497551], [-89.90836684553683, 35.13111049423437], [-89.9043598455333, 35.13103149523993], [-89.89914584396124, 35.130904495282316], [-89.8984608444211, 35.13081849533741], [-89.89744384282334, 35.130659494602014], [-89.88971284177521, 35.13050749580352], [-89.8868428403251, 35.13046249509464], [-89.88631884044347, 35.13057249596728], [-89.88608183971868, 35.130680495423874], [-89.88558184012649, 35.13102849555562], [-89.8850458405493, 35.131183495264345], [-89.88467283938209, 35.13120449521642], [-89.88252383925375, 35.13112049537566], [-89.87929983869965, 35.13116449582784], [-89.87913983886608, 35.13161749611173], [-89.87864083730214, 35.13229149541513], [-89.87857383825332, 35.13255649605492], [-89.87858383829908, 35.133367495800854], [-89.87850583758295, 35.13497549598584], [-89.87884583823988, 35.13502349667647], [-89.87915183856164, 35.13527149697769], [-89.87905183810422, 35.13551049576229], [-89.87881183970133, 35.14077449732473], [-89.884362840659, 35.140852497375896], [-89.88584684044037, 35.14089049686519], [-89.88722084061688, 35.14090149731333], [-89.8875868421114, 35.140781497219365], [-89.88809784247259, 35.14105949737541], [-89.88832084205532, 35.14126849712124], [-89.88841084067039, 35.14153149765914], [-89.888367841911, 35.14302249697546], [-89.88824484188734, 35.146728498608574], [-89.8880518415435, 35.15215349912961], [-89.88804984279199, 35.15244549935682], [-89.88817384264055, 35.152732499660694], [-89.88861084158525, 35.15307450032592], [-89.88794984233458, 35.15368949959984], [-89.88723284210909, 35.154282499888375], [-89.88678484239543, 35.15471450030029], [-89.88479984140031, 35.156548501534346], [-89.88223784082011, 35.158862501608226], [-89.88474484204706, 35.16039650119724], [-89.88698684206179, 35.16179750097616], [-89.88756484326844, 35.162233501387846], [-89.88807884220601, 35.16257250177894], [-89.89083084365531, 35.16463750246182], [-89.89216284399905, 35.16562650181192], [-89.89298484380652, 35.166274502265914], [-89.89389584509908, 35.16749750166489], [-89.89431384467551, 35.168206502890584], [-89.89468084509662, 35.16869450258171], [-89.89575684624562, 35.169961503075285], [-89.8979088458487, 35.1723895025768], [-89.89827284589676, 35.172580502692036], [-89.89848084630923, 35.17281350355909], [-89.8990078456656, 35.17216850344825], [-89.89942384738883, 35.17172550252564], [-89.90101784677508, 35.17019950264105], [-89.9018578470242, 35.16945950218207], [-89.90252184664793, 35.16890550217181], [-89.9029898482497, 35.16843050154747], [-89.90361884771333, 35.167875502427904], [-89.9040678481502, 35.16744450232862], [-89.90446884800821, 35.167116502259205], [-89.90487784736379, 35.16669950154594], [-89.90524284723679, 35.16619450121998], [-89.90549584695678, 35.165668501562656], [-89.90565184838901, 35.16504850146547], [-89.90568184762792, 35.16471750136754], [-89.9057428477273, 35.162292500450434], [-89.90581884789529, 35.161879500238236], [-89.907580847511, 35.16190650038019], [-89.90902884820568, 35.161915499691126], [-89.90917284814572, 35.16197050092566], [-89.90930684893833, 35.16178350039529], [-89.90981584875136, 35.16190750063004], [-89.91556685062388, 35.161993500042236], [-89.9173468515796, 35.16202750041667], [-89.93029285492304, 35.162335499964335], [-89.93486285516623, 35.162416499909206], [-89.93935885668793, 35.162511498762555], [-89.93948985710749, 35.16249849854723], [-89.93961885697894, 35.16094449885068], [-89.9403908565577, 35.16107949881946], [-89.94405185785311, 35.16176249805073]]]}}, {"type": "Feature", "properties": {"name": "Binghampton", "tracts": 6, "cityNames": ["Chickasaw", "Leas Woods", "Summer Ave", "The Heights South", "The Heights West", "Waynoka"]}, "geometry": {"type": "Polygon", "coordinates": [[[-89.94522485549324, 35.127796492261496], [-89.94517885725911, 35.129285492766215], [-89.94508985667234, 35.13157949302871], [-89.94495485695313, 35.13648949388399], [-89.94479185584818, 35.140918494931064], [-89.94467885766691, 35.144306494658764], [-89.94451885693502, 35.14947349657704], [-89.94441085787831, 35.15226749713957], [-89.94429485842566, 35.155741497552235], [-89.94413985861496, 35.15927949917319], [-89.94405185785311, 35.16176249805073], [-89.94525785780014, 35.16202349868855], [-89.94956085987631, 35.16286849861016], [-89.95082786082101, 35.16312549843136], [-89.95096886038802, 35.16318549928424], [-89.95320486055496, 35.164466499809464], [-89.95593586118956, 35.16272049849322], [-89.95681186232204, 35.162216497940655], [-89.95751286175567, 35.16189049858353], [-89.95799086250489, 35.161702498351275], [-89.96236786240425, 35.16013849688801], [-89.96270286393664, 35.16003849757099], [-89.96394286332053, 35.15974449760372], [-89.96641686313887, 35.1591844972794], [-89.97165586572363, 35.15796849761174], [-89.97191986531426, 35.15793949703413], [-89.97372886658229, 35.15791649677128], [-89.97860486804557, 35.157894496801184], [-89.97945586726705, 35.157897496229936], [-89.98022886756904, 35.15798649636955], [-89.98073586773224, 35.15442049578088], [-89.98096986718565, 35.15261049498217], [-89.98101786776454, 35.15254749551681], [-89.98112686754449, 35.15182549615578], [-89.9814028668307, 35.15050949518555], [-89.98166586839307, 35.14940949574831], [-89.98213886822109, 35.14623049418729], [-89.98225286712558, 35.14516149364772], [-89.98250086861931, 35.14335249378307], [-89.98306486778563, 35.1405474922299], [-89.98221686714056, 35.140219492429196], [-89.9791288670289, 35.13912349266447], [-89.97804786675535, 35.138711492912776], [-89.97603586509773, 35.13802749283582], [-89.97490286494563, 35.13762149303203], [-89.97373286498362, 35.137147492476124], [-89.97151486436, 35.13635549334922], [-89.9677208638935, 35.13498249197125], [-89.96615986322091, 35.13444649254561], [-89.96473886318874, 35.13390249291972], [-89.96336986213677, 35.133380492589424], [-89.96002785978527, 35.13213149253206], [-89.95930286006217, 35.131879492679985], [-89.9530258586582, 35.12988449252902], [-89.95176485845957, 35.12951349244221], [-89.94703185800974, 35.12823549170353], [-89.94606485664067, 35.12798649208118], [-89.94522485549324, 35.127796492261496]]]}}, {"type": "Feature", "properties": {"name": "Downtown / Clayborn", "tracts": 8, "cityNames": ["Downtown", "Edge", "Lauderdale Courts", "New Pathways", "New Pathways South", "South Bluffs", "South Main Historic District", "Uptown"]}, "geometry": {"type": "Polygon", "coordinates": [[[-90.04695288460388, 35.126585487661664], [-90.04455488405522, 35.126573488268605], [-90.04325288384871, 35.12653048822473], [-90.04271488282504, 35.126493487126545], [-90.04164288277231, 35.12628748751598], [-90.0408458830792, 35.126024487694636], [-90.0387828831646, 35.125059487472704], [-90.03794088146901, 35.1248044871298], [-90.03742488108499, 35.124708487632255], [-90.03669088203938, 35.12463348746398], [-90.03528188080443, 35.124607487418906], [-90.03529088102528, 35.12500648767748], [-90.03519988078867, 35.12744648799173], [-90.03500288204349, 35.13357048966584], [-90.03500788116806, 35.13386148911921], [-90.03498888090148, 35.134639489624476], [-90.03490588195912, 35.13531448873283], [-90.03490288248439, 35.135956489924425], [-90.03498688125165, 35.136359489728136], [-90.0352278821744, 35.136654490270324], [-90.03586188166089, 35.137189489298514], [-90.03545988107966, 35.13753449008207], [-90.03518388089515, 35.13762649063184], [-90.03487988112153, 35.13762249064204], [-90.034834881814, 35.138666490126546], [-90.03375088206572, 35.13857348948075], [-90.0337148820807, 35.13903449099215], [-90.03289188154999, 35.14457649082516], [-90.03274188176218, 35.14553549136284], [-90.03248888204217, 35.14672049144339], [-90.03201488149094, 35.1499134933832], [-90.03189088164238, 35.15042149313355], [-90.03140488139559, 35.15318249269934], [-90.03117088104383, 35.155065494172], [-90.03094988111091, 35.15701249396703], [-90.03198088295238, 35.15697049415308], [-90.03326188234416, 35.15699349394894], [-90.03375088296403, 35.15697749485805], [-90.03541488267047, 35.1566164936009], [-90.03587688262783, 35.15650049370732], [-90.03634688387942, 35.15651649362648], [-90.03733088406861, 35.1566214937066], [-90.03742788415296, 35.15614649404775], [-90.03747788348338, 35.155669493900206], [-90.03796688410323, 35.155679493493196], [-90.03914588428609, 35.15579649267907], [-90.04053788490427, 35.155866494101524], [-90.03979488473949, 35.157113493640566], [-90.03960188439565, 35.15747449416109], [-90.03937688426477, 35.158639493780186], [-90.03920888403528, 35.15917249461262], [-90.03849888438079, 35.16119249434523], [-90.03834288474518, 35.161722494584026], [-90.03844088465448, 35.16323149462056], [-90.03868788452668, 35.16323749528756], [-90.0427358854364, 35.1634934944468], [-90.04313088634491, 35.16353849451981], [-90.04399388616027, 35.16373449526554], [-90.04437988684796, 35.16278349448715], [-90.04564288579807, 35.163120494319145], [-90.04688988665131, 35.16348049438844], [-90.0483958870723, 35.16389549500022], [-90.04907188818824, 35.16375649439055], [-90.04930088672046, 35.16382649410384], [-90.04936488719288, 35.16262449376777], [-90.04956988813062, 35.16172649412369], [-90.05005388782926, 35.16042449402108], [-90.05086888706573, 35.15959549372734], [-90.05248088779194, 35.15831749301391], [-90.05323388800244, 35.15770049286801], [-90.054827888287, 35.153331492898], [-90.05490088898024, 35.153111492281916], [-90.055560888406, 35.15311049192385], [-90.05747288870786, 35.15314549196193], [-90.0588538894554, 35.153154492242095], [-90.06461389065043, 35.15313749130401], [-90.06633589187982, 35.15314149200033], [-90.0658378901408, 35.152292492390856], [-90.06538689095241, 35.15138949210843], [-90.06497189085073, 35.150398491479805], [-90.06459589020876, 35.14927349143297], [-90.06430389013072, 35.14809749117128], [-90.06417289060947, 35.14736549064174], [-90.0640628901063, 35.14644949019703], [-90.06400488948167, 35.14523749078895], [-90.06401589114896, 35.14464049031296], [-90.06408988987047, 35.14361749000604], [-90.06426189029793, 35.142453489543364], [-90.06449688957625, 35.141423489823765], [-90.06480589027106, 35.140407489412844], [-90.06518788986249, 35.13940748841924], [-90.06548289031356, 35.13875148859382], [-90.06598289080408, 35.13778748913986], [-90.06655289071648, 35.136850488931394], [-90.06807589175423, 35.13501048766121], [-90.0685668911256, 35.13443348858071], [-90.07144289062684, 35.1311104868876], [-90.07292089145874, 35.1293394874883], [-90.07412089245632, 35.12815048666593], [-90.07519989218173, 35.127102485549514], [-90.07434889206193, 35.12644048606033], [-90.0738708904144, 35.12600248571558], [-90.07318089174973, 35.12543748555273], [-90.072762891275, 35.12516848686002], [-90.07221689075372, 35.124950486470134], [-90.07192889087364, 35.12487748646529], [-90.07092489149129, 35.124810486222145], [-90.06983389027367, 35.12479948580407], [-90.06688088988122, 35.124728486342974], [-90.06555688993342, 35.124742485951856], [-90.0651278886897, 35.12471948585844], [-90.06195888748887, 35.12464948630069], [-90.06166088846135, 35.124584486552564], [-90.06080288777055, 35.12462348699547], [-90.05985588739131, 35.124620487075106], [-90.05990188832035, 35.125312486352655], [-90.05985288701824, 35.12575148669405], [-90.05980788771072, 35.12690648693405], [-90.05914188843717, 35.12689448685356], [-90.05708088727408, 35.1268084878168], [-90.0559568873428, 35.1268054872422], [-90.05308388551968, 35.126753487061016], [-90.04912088499877, 35.12663748648067], [-90.04695288460388, 35.126585487661664]]]}}, {"type": "Feature", "properties": {"name": "East Memphis", "tracts": 11, "cityNames": ["Audubon Park", "Belle Meade", "Colonial Acres", "Colonial View", "Halley Rd", "Macon Cv", "Mary Lou Heights", "Normal Station", "Sea Isle Park", "University Area", "White Station"]}, "geometry": {"type": "Polygon", "coordinates": [[[-89.93103785024603, 35.09299148619035], [-89.93112084918839, 35.08919948570275], [-89.93126584985166, 35.08318848416862], [-89.93132784977594, 35.07987148260583], [-89.93017584935727, 35.079704483383054], [-89.92653484815334, 35.07922348398445], [-89.92325184714969, 35.078748483498], [-89.9231338471489, 35.079870483553485], [-89.92304284691231, 35.081438484380854], [-89.92081184676822, 35.08133748420373], [-89.92070984666097, 35.08584348538397], [-89.92066784592986, 35.08600148565562], [-89.92029784693233, 35.08594948516266], [-89.91684184567632, 35.085852485751936], [-89.91415584524755, 35.08581248541569], [-89.91090384330774, 35.085779485270564], [-89.90716084379318, 35.08570048495795], [-89.90399184169402, 35.08565748613277], [-89.90153084139617, 35.08566048601736], [-89.89598684011119, 35.085641485521364], [-89.89547884012308, 35.085631486148316], [-89.8949108398605, 35.08573648648702], [-89.89457483940151, 35.085882485991206], [-89.89419584018314, 35.086180486886995], [-89.89224383880001, 35.0887014867353], [-89.89157383932849, 35.089598488074536], [-89.89091283828118, 35.08926748696711], [-89.89024883865747, 35.089055486340406], [-89.88943983926879, 35.08894348666057], [-89.88890483771986, 35.08896548688547], [-89.88845283780825, 35.089040486805665], [-89.88785783778148, 35.0892274875706], [-89.88553483667758, 35.090154487672926], [-89.88484983623914, 35.09031348733836], [-89.88470983649705, 35.094255488084904], [-89.88443283828425, 35.101576489148464], [-89.88424283741513, 35.10620549026857], [-89.88019983652829, 35.10381849057908], [-89.87923083640773, 35.10322649040979], [-89.87620583514695, 35.10147249035355], [-89.87451883497597, 35.10046848939782], [-89.8741678353467, 35.10030448980029], [-89.87350583447449, 35.100085490222156], [-89.87306583425841, 35.09998048924922], [-89.87255883409522, 35.09992048884253], [-89.87167383453856, 35.09991649067573], [-89.87011683496225, 35.09998448961778], [-89.87007883353078, 35.101466489542744], [-89.87008783375161, 35.101915490814704], [-89.86997583359862, 35.1056444917927], [-89.86991183492285, 35.10733649127033], [-89.86970083413732, 35.112434492556176], [-89.8695698355144, 35.11387349306727], [-89.86898583445998, 35.1188724940474], [-89.86810283545144, 35.126323494633], [-89.86773483520541, 35.12952449589698], [-89.86754083503666, 35.1309554965907], [-89.86235083375401, 35.13084349644131], [-89.86208683326505, 35.13085749646842], [-89.86053883301128, 35.13074549691893], [-89.85960583377404, 35.13080149634559], [-89.8590198330698, 35.13088149692906], [-89.85789583313853, 35.131168496869556], [-89.85706583203682, 35.13151449587281], [-89.8564108317356, 35.13188949740019], [-89.85584883221912, 35.13225949706768], [-89.85510083203151, 35.13281349758426], [-89.85548083107479, 35.13316149741608], [-89.85596183219704, 35.133476498027036], [-89.85627983131606, 35.13377249638737], [-89.85657583249036, 35.13412849758653], [-89.85692883266778, 35.134396496950494], [-89.85900083370153, 35.13590849786485], [-89.86021983406735, 35.13683949748592], [-89.8612438344395, 35.13767949764064], [-89.8626168338928, 35.13852149828363], [-89.86335383331145, 35.138915497493734], [-89.86416583486982, 35.13943749759728], [-89.86435883431534, 35.13952449704428], [-89.86556483516071, 35.140186498884376], [-89.86631283534831, 35.14068349863967], [-89.86703283594686, 35.14105149773297], [-89.86776183586792, 35.14129949803599], [-89.86827983590177, 35.1416854989119], [-89.86866483586624, 35.1419234982048], [-89.86934683682995, 35.14225449849043], [-89.86978183612482, 35.14242949837044], [-89.87140283707184, 35.14329449909329], [-89.87200083657333, 35.14359849934757], [-89.8725048372618, 35.14372649834173], [-89.87272583809306, 35.14389049868705], [-89.87324183668046, 35.14483349848332], [-89.87362183752039, 35.145225498551866], [-89.87524783759198, 35.14663849893778], [-89.87818183951447, 35.14914549895926], [-89.87829083929441, 35.14925749890357], [-89.87843483923447, 35.14963149909601], [-89.87853983971478, 35.15042350052626], [-89.8771558394925, 35.15060950033981], [-89.87094983733532, 35.15150649966704], [-89.86813483613682, 35.151952499466034], [-89.86287683508212, 35.14685149931976], [-89.86319783457417, 35.14655649900424], [-89.86218183459793, 35.1457014992449], [-89.85970483350823, 35.148695499753906], [-89.85951583426066, 35.148548499973764], [-89.85907283367156, 35.14796649999122], [-89.85876183332694, 35.14699649909533], [-89.85855783311243, 35.146517499517444], [-89.85812883366535, 35.14602750030455], [-89.85775683322136, 35.14577550012726], [-89.8574238322371, 35.145613499338886], [-89.85700883303373, 35.14548749980866], [-89.85272983124702, 35.144578499096625], [-89.85201983159253, 35.14437550035893], [-89.85149983101054, 35.1440964993065], [-89.84953683065505, 35.14269249956452], [-89.84789182941856, 35.14153149986286], [-89.84758983019309, 35.14140249911867], [-89.84750182943122, 35.14168749917433], [-89.84735483001644, 35.144567499879976], [-89.84729983066319, 35.14646749958299], [-89.84722883051806, 35.14787850106528], [-89.84720083092898, 35.14933550037389], [-89.84720382950539, 35.15026550174861], [-89.84716582987056, 35.15047550101451], [-89.84688083126183, 35.150583500509896], [-89.84714283120266, 35.15149650176468], [-89.84723383143925, 35.15208150185048], [-89.84709583044868, 35.15346550220943], [-89.84804383065286, 35.15365550161602], [-89.84932083164331, 35.153853501901686], [-89.85107483176142, 35.15401550097581], [-89.8515808320997, 35.15402550150651], [-89.85130183244044, 35.15450050179747], [-89.85118583208951, 35.15488050120864], [-89.85101283273545, 35.15625650207797], [-89.85079083297761, 35.15687450247095], [-89.85594183300387, 35.15695650228919], [-89.85717983453458, 35.156856501998256], [-89.85855983455887, 35.157029502174204], [-89.8586118335391, 35.15660850062879], [-89.85874483450681, 35.15615050194059], [-89.85904183460775, 35.15592850095585], [-89.85950483439001, 35.15573950130756], [-89.85965583400275, 35.15647950101537], [-89.85967583499254, 35.15697950135455], [-89.85959583552491, 35.161517502854885], [-89.85959583462659, 35.1622215028429], [-89.85964983505328, 35.16255850280028], [-89.85983883519917, 35.16325650339417], [-89.85994983552725, 35.163479502236115], [-89.86036183525589, 35.16407350335368], [-89.8606638353797, 35.16441450312309], [-89.86165683578969, 35.16535050301527], [-89.86270083625334, 35.164954502850385], [-89.86947183740173, 35.16233550216756], [-89.87277283884704, 35.16107050235371], [-89.87423383816387, 35.16041250108455], [-89.87477283991076, 35.16012250135324], [-89.87592583925604, 35.15943250181206], [-89.87651683908483, 35.15904250171757], [-89.87727084001855, 35.15850650136164], [-89.8782318397432, 35.15772550040448], [-89.87910983962716, 35.15691850148802], [-89.87954383909711, 35.156487500610176], [-89.87991883991417, 35.15703550109539], [-89.88027783904103, 35.157442501306356], [-89.8810968402721, 35.15814150056398], [-89.88223784082011, 35.158862501608226], [-89.88479984140031, 35.156548501534346], [-89.88678484239543, 35.15471450030029], [-89.88723284210909, 35.154282499888375], [-89.88794984233458, 35.15368949959984], [-89.88861084158525, 35.15307450032592], [-89.88817384264055, 35.152732499660694], [-89.88804984279199, 35.15244549935682], [-89.8880518415435, 35.15215349912961], [-89.88824484188734, 35.146728498608574], [-89.888367841911, 35.14302249697546], [-89.88841084067039, 35.14153149765914], [-89.88832084205532, 35.14126849712124], [-89.88809784247259, 35.14105949737541], [-89.8875868421114, 35.140781497219365], [-89.88722084061688, 35.14090149731333], [-89.88584684044037, 35.14089049686519], [-89.884362840659, 35.140852497375896], [-89.87881183970133, 35.14077449732473], [-89.87905183810422, 35.13551049576229], [-89.87915183856164, 35.13527149697769], [-89.87884583823988, 35.13502349667647], [-89.87850583758295, 35.13497549598584], [-89.87858383829908, 35.133367495800854], [-89.87857383825332, 35.13255649605492], [-89.87864083730214, 35.13229149541513], [-89.87913983886608, 35.13161749611173], [-89.87929983869965, 35.13116449582784], [-89.88252383925375, 35.13112049537566], [-89.88467283938209, 35.13120449521642], [-89.8850458405493, 35.131183495264345], [-89.88558184012649, 35.13102849555562], [-89.88608183971868, 35.130680495423874], [-89.88631884044347, 35.13057249596728], [-89.8868428403251, 35.13046249509464], [-89.88971284177521, 35.13050749580352], [-89.89744384282334, 35.130659494602014], [-89.8984608444211, 35.13081849533741], [-89.89914584396124, 35.130904495282316], [-89.9043598455333, 35.13103149523993], [-89.90836684553683, 35.13111049423437], [-89.91475684691873, 35.13125449497551], [-89.91867584975364, 35.13135149472922], [-89.92554285026317, 35.13150349342162], [-89.92553385183899, 35.131070493330235], [-89.92572685038618, 35.125980492547214], [-89.92577285041695, 35.12434649241263], [-89.92577385114018, 35.123701493041956], [-89.93014285244026, 35.12461849227129], [-89.93435285373167, 35.125507491780475], [-89.94024385534628, 35.12674149210096], [-89.94202785560162, 35.12712349169695], [-89.94378285554465, 35.1274854922071], [-89.94522485549324, 35.127796492261496], [-89.94541785583708, 35.12320349102815], [-89.94552885616515, 35.120920490161964], [-89.94571485503968, 35.11624648964828], [-89.94577485621247, 35.11510348924016], [-89.9459838555515, 35.10941248863063], [-89.94604985567376, 35.10788848898392], [-89.94554085496242, 35.10789048860667], [-89.93889285383767, 35.10769748913831], [-89.93067385109629, 35.107506488110204], [-89.93068385114202, 35.10672248888892], [-89.93087684968924, 35.09942548710979], [-89.93103785024603, 35.09299148619035]]]}}, {"type": "Feature", "properties": {"name": "Frayser", "tracts": 13, "cityNames": ["Alta Vista", "Alta Vista North", "Alta Vista Stage", "Alta Vista West", "Frayser", "Hawkins Mill", "New Allen Rd", "New Chicago", "Overton", "Rangeline", "Scenic Hills", "Thomas St", "Westside"]}, "geometry": {"type": "Polygon", "coordinates": [[[-89.92943286087062, 35.26294652019708], [-89.92951386106148, 35.26291951916408], [-89.9306418611907, 35.262914519732405], [-89.93112686071429, 35.2628805190415], [-89.93299686118334, 35.26260251894072], [-89.93346886208477, 35.26250651856825], [-89.93456586315017, 35.26240951906969], [-89.93604386218543, 35.26218051899129], [-89.93792086322553, 35.26194251903441], [-89.93834686319788, 35.261847519099895], [-89.93970186310781, 35.26167151840189], [-89.94152686426935, 35.26140251931379], [-89.94217186452482, 35.261287519153015], [-89.94370086451204, 35.261090518568516], [-89.94480486525013, 35.26091051863597], [-89.9453308656799, 35.26085551837314], [-89.94641386560329, 35.26069851769742], [-89.9467658659558, 35.260672517883194], [-89.94736386545728, 35.2605495185362], [-89.94888586577181, 35.26033351830085], [-89.94974886558717, 35.26017951813462], [-89.95084386610444, 35.26005651803938], [-89.95119886683, 35.25996451815618], [-89.95141686728819, 35.25998751740324], [-89.95242086667054, 35.25987351794575], [-89.95468986824609, 35.25957151792568], [-89.95634586845492, 35.25933451742545], [-89.95691386871749, 35.25926851699562], [-89.95813186836008, 35.25908751836397], [-89.95992086953662, 35.25891151754], [-89.96214586983292, 35.25864451694389], [-89.96354187064907, 35.2584575174175], [-89.96491686975219, 35.25820451689681], [-89.96549287130898, 35.25787951742044], [-89.96641187120085, 35.256928516235654], [-89.96741987078116, 35.25599251667396], [-89.96840187132051, 35.25494751597151], [-89.96868587100263, 35.25456251656352], [-89.96908587103572, 35.25420251591047], [-89.96926287148604, 35.25421251584832], [-89.97003887216107, 35.25407351645495], [-89.97052187113651, 35.25404451570179], [-89.97144687177446, 35.25409651517307], [-89.97241887226808, 35.25412151578164], [-89.97344987231293, 35.25431951627977], [-89.97407387355031, 35.25449851560252], [-89.9745248727387, 35.25471951592177], [-89.97507387363302, 35.25512451570308], [-89.97541587304147, 35.25529251581186], [-89.97578087291444, 35.2556895163009], [-89.97600387339553, 35.25599551614906], [-89.97644987345936, 35.25676451657939], [-89.97663687395543, 35.25727551533146], [-89.97700687385128, 35.258740516023195], [-89.97747187418169, 35.2601585162889], [-89.97761287374868, 35.260902516119494], [-89.97791287422265, 35.261730517128115], [-89.97814287437642, 35.26194151708226], [-89.97864287486694, 35.26201951674548], [-89.97953687554275, 35.261794517512925], [-89.98000487534789, 35.26176151610601], [-89.9811538753935, 35.26188551629976], [-89.98200387479007, 35.26185151737763], [-89.98337687514169, 35.26174151589136], [-89.98371887544845, 35.26169051667862], [-89.98444587571967, 35.261397516854544], [-89.9856668757353, 35.26081351649355], [-89.9861368760886, 35.2606495158965], [-89.98658387597735, 35.26042651680198], [-89.98778687734796, 35.259984516608874], [-89.98850487739836, 35.25963551561447], [-89.98884887735495, 35.25956451652502], [-89.98967887666001, 35.25946451562534], [-89.99036987694625, 35.25935151594929], [-89.99067787691781, 35.25936951645348], [-89.99128687808658, 35.259283516697934], [-89.99199187771819, 35.25922951584949], [-89.99313087861638, 35.25930351605216], [-89.99362587728739, 35.25950351519134], [-89.99422787878346, 35.25981851551201], [-89.99453687857996, 35.25980751648782], [-89.99540287966667, 35.25998351609955], [-89.99588387899229, 35.2600425160547], [-89.9965238792249, 35.259914516134785], [-89.99714087989126, 35.25989651575159], [-89.99741487952764, 35.26000951613478], [-89.99770787943059, 35.26031851585884], [-89.99830888020345, 35.26079051528034], [-89.9988608796742, 35.26089451580271], [-90.00009888030658, 35.260874515374084], [-90.00111387955958, 35.26092351483845], [-90.00156988056749, 35.26105751614134], [-90.00187488016601, 35.261262515620274], [-90.00303088078265, 35.26234151578283], [-90.003387881158, 35.26278951623763], [-90.00348688179054, 35.262987516831465], [-90.00362088168484, 35.26350951594466], [-90.00384988111537, 35.26380251693405], [-90.00401188149708, 35.2637745164572], [-90.0043068819482, 35.26333851679522], [-90.00470388160821, 35.263122515925474], [-90.00496488262245, 35.263150515894075], [-90.00519888207586, 35.26331051615802], [-90.00529188106397, 35.26347151657238], [-90.00542288148354, 35.263993515501596], [-90.00539488279276, 35.26420551662165], [-90.0051668813905, 35.26450851669572], [-90.00455088144733, 35.2649685164119], [-90.00394488154994, 35.26538551723197], [-90.00333188197983, 35.26589851677423], [-90.00309888145301, 35.26615751714358], [-90.00310388147588, 35.266334517330385], [-90.0032448819412, 35.266552516361934], [-90.0039278818315, 35.2670595169855], [-90.0043838828394, 35.26718451609331], [-90.0048158808629, 35.26716951638655], [-90.00519288132976, 35.26692151731229], [-90.00556588249697, 35.266810517149516], [-90.00643288251028, 35.26667351674547], [-90.00690788198814, 35.26641351686217], [-90.00704988227835, 35.26627651725377], [-90.00729388177751, 35.26581751659919], [-90.00740688355204, 35.265473516529255], [-90.0073928815117, 35.265188517075046], [-90.00719888313958, 35.26479351634129], [-90.00667688200944, 35.26413351667711], [-90.00644488130754, 35.263788516330116], [-90.00640188164984, 35.26336951662493], [-90.00688188294717, 35.2622585154905], [-90.00702488216399, 35.26162851498925], [-90.00700888137216, 35.260669514913644], [-90.00688988154647, 35.26010851512068], [-90.00672588241325, 35.259703515304004], [-90.00637488278397, 35.259046515355415], [-90.00614288208206, 35.25870251514815], [-90.00552088139283, 35.2580995153239], [-90.00502188162554, 35.25768651437011], [-90.00520888122328, 35.257402514476944], [-90.00523388133765, 35.257047514494786], [-90.00540288139204, 35.256684514426006], [-90.00606088206631, 35.25632551421595], [-90.00721788160953, 35.25580351430816], [-90.00777188252671, 35.25557851542321], [-90.00854388210547, 35.25515951434848], [-90.00917388229233, 35.25489951346621], [-90.0095088829264, 35.25480651449141], [-90.01007788301386, 35.25474251372302], [-90.01073188259186, 35.254816514354765], [-90.01101388352248, 35.254981514122264], [-90.0113538832811, 35.2554395147045], [-90.01140988245928, 35.25600851387323], [-90.01133188264147, 35.25628751440916], [-90.01108788314232, 35.256584515107576], [-90.00976888231907, 35.257587513892716], [-90.00956088280492, 35.25777351488987], [-90.00915388220083, 35.25832451527938], [-90.00891688237436, 35.25878551541494], [-90.00881888246508, 35.25931051527484], [-90.00890788305186, 35.25951151564543], [-90.00920088295481, 35.259823515134684], [-90.01025188309114, 35.260473514797184], [-90.01051088265892, 35.26051951519639], [-90.0112128828158, 35.260457514811606], [-90.01171588367934, 35.26032351545062], [-90.01242188313587, 35.25989551524119], [-90.01278188388429, 35.25976351524153], [-90.0132678832328, 35.2597505151855], [-90.01413288359628, 35.25977551478365], [-90.01478788389748, 35.25954551481583], [-90.01539688416794, 35.25925251530514], [-90.01682388584454, 35.25850451435395], [-90.0173158841425, 35.25838251517973], [-90.01786088573718, 35.25829351498682], [-90.01871388550677, 35.25828951433298], [-90.01958588554298, 35.25842251506146], [-90.02018788524242, 35.25864251442508], [-90.02055588459014, 35.258733514550734], [-90.0210608851035, 35.258693514088954], [-90.02124988614771, 35.25860651455677], [-90.02195888597728, 35.25774251438656], [-90.022178885187, 35.25739251419915], [-90.02250388577532, 35.256618514038756], [-90.02294088651665, 35.25505951314858], [-90.02329888671693, 35.25436351314601], [-90.0236218858588, 35.253281513558385], [-90.02374888608041, 35.25273751315446], [-90.02393788622629, 35.25217251252056], [-90.02419288649442, 35.25169551340434], [-90.02505988560941, 35.25129351227882], [-90.0256628860321, 35.25122251248421], [-90.02602888752662, 35.251398513131925], [-90.02622388662198, 35.251563511787396], [-90.02633588677496, 35.25193051375028], [-90.02654688666216, 35.25214151354296], [-90.02702388758647, 35.25251651330011], [-90.02800388667934, 35.25316051225102], [-90.0281678876092, 35.2533505133015], [-90.02873988806974, 35.25337051338619], [-90.02904888786621, 35.25351051310712], [-90.0293008877613, 35.25352851417504], [-90.02953488721472, 35.25343151346724], [-90.02967488875343, 35.25321151316357], [-90.02980088735349, 35.25283151216633], [-90.02983488858699, 35.25212051328224], [-90.02969088864695, 35.25163551336288], [-90.02931288745688, 35.25103051254226], [-90.02886888794116, 35.250454512922474], [-90.02834988718408, 35.24996951257278], [-90.02823288790653, 35.24970151269595], [-90.02823188808162, 35.249451512439194], [-90.02837188782371, 35.24915351210609], [-90.02856688781738, 35.249009511818464], [-90.02893788753813, 35.24889551159278], [-90.02942388778494, 35.24887451195846], [-90.03042388786766, 35.24902051230796], [-90.03093388750558, 35.249140513282754], [-90.03134088810968, 35.24928051150558], [-90.03226188854967, 35.2495355118133], [-90.03261288817895, 35.24953851152734], [-90.03279488865215, 35.249395511829945], [-90.0329528888359, 35.249105512038646], [-90.03295988761026, 35.247929511779496], [-90.03289788858432, 35.24714751202484], [-90.0325958884605, 35.24621551155306], [-90.0323988879187, 35.24581851161951], [-90.0323348883446, 35.24553751109228], [-90.03236088828388, 35.24528951111563], [-90.03263288827044, 35.24480351145249], [-90.03284788835559, 35.2446245105316], [-90.03361888900774, 35.24414651105436], [-90.03441888817561, 35.243585510621614], [-90.03483088880257, 35.24337551055199], [-90.03520288834824, 35.24326051049302], [-90.03572688822989, 35.24318851101746], [-90.0361838890627, 35.24320951065713], [-90.03697788838275, 35.24317651048724], [-90.0373238897858, 35.24311851071194], [-90.03777088967455, 35.242965510106366], [-90.03800288947814, 35.24275051069047], [-90.03817988992846, 35.24246350985154], [-90.0384148901051, 35.241887510997984], [-90.03861888942127, 35.24119251017278], [-90.03865088920833, 35.24083650962637], [-90.03853988888025, 35.24038351027412], [-90.03823288873357, 35.24003450999825], [-90.03771188922501, 35.2397035108906], [-90.03592788896965, 35.239014510632096], [-90.0353978883419, 35.23885750947538], [-90.03525588894999, 35.23872251032198], [-90.03509388856828, 35.23839051021988], [-90.03512288798228, 35.23775050934399], [-90.03522388826464, 35.23733050999134], [-90.03547288868498, 35.236757509353275], [-90.03576888806268, 35.23635951000818], [-90.03665188886784, 35.235608509645054], [-90.03707788884017, 35.23535450964383], [-90.03762088809009, 35.23520050825056], [-90.03813988884718, 35.2351085087747], [-90.03911188934077, 35.23509150883622], [-90.03962389042516, 35.23497950902296], [-90.04048688934222, 35.23470450888437], [-90.04083588932168, 35.23465850851131], [-90.04127589043604, 35.23468350924367], [-90.041774889305, 35.23482850937708], [-90.04225689025216, 35.23487650909089], [-90.04260589023163, 35.234841509027234], [-90.04293188974655, 35.23465950859949], [-90.0430958906764, 35.23444850880593], [-90.04319089111094, 35.234173508334635], [-90.04320789082938, 35.23388850889033], [-90.04314489018188, 35.23357450917484], [-90.04301689103367, 35.233386508216604], [-90.042449890596, 35.23283850890137], [-90.04196088997617, 35.23220050774767], [-90.04177988932788, 35.231797508173344], [-90.04173488912204, 35.231444507864616], [-90.04182388970881, 35.23113250775773], [-90.04194088988469, 35.23098150755493], [-90.04237788972769, 35.2307375076392], [-90.04274989017166, 35.230623508142784], [-90.04323289094374, 35.230576508252305], [-90.0436688891652, 35.230632507915786], [-90.04452989022906, 35.23091550825763], [-90.0449698904451, 35.23088650876062], [-90.04596189192853, 35.230703508128016], [-90.04675789089842, 35.23070150712037], [-90.04796189119561, 35.230933507737795], [-90.04847889140457, 35.23105450772693], [-90.04926489212534, 35.23095050781385], [-90.0504518918058, 35.23066550731938], [-90.05134789213143, 35.230360507406175], [-90.05186189286566, 35.23015150699127], [-90.05234489273941, 35.22984050719584], [-90.05288589233949, 35.22959850781857], [-90.05319689358242, 35.22929750744638], [-90.05363689379847, 35.228679507367936], [-90.05373289226132, 35.228294507246446], [-90.05374089355554, 35.227830507133], [-90.05364889259572, 35.227482507324524], [-90.05342289353823, 35.227219506679376], [-90.05269589236867, 35.22681350749186], [-90.05193689141208, 35.22611950611764], [-90.051626892689, 35.2259175064232], [-90.05110389263227, 35.22565050724699], [-90.05081689167879, 35.22542850675183], [-90.05054889189016, 35.225100505900286], [-90.05035189134836, 35.22474250695677], [-90.0503108922388, 35.22412950629734], [-90.05044689268124, 35.22387950646484], [-90.05101089184754, 35.22333150677938], [-90.05156789223946, 35.223041506251995], [-90.05207989152723, 35.22282950609639], [-90.05275389209501, 35.22265450605953], [-90.05344489327953, 35.22253350601889], [-90.05458789168074, 35.22242450573079], [-90.0549908938835, 35.22228450664727], [-90.0552508932762, 35.22204250528219], [-90.0557808930056, 35.22113950478999], [-90.05616789261988, 35.21993050476931], [-90.05623289291722, 35.21950550498906], [-90.0562458924377, 35.21896950483336], [-90.05616489224685, 35.21854650499775], [-90.05595089288492, 35.21792750420757], [-90.05590289320436, 35.217359504542365], [-90.05601389263411, 35.21672350485695], [-90.05609789319801, 35.21648350441455], [-90.05654789345981, 35.215829505313614], [-90.05767789323886, 35.21456950376546], [-90.05882289308651, 35.213871504195204], [-90.05964089359433, 35.213175503732884], [-90.06063689347909, 35.21263050404544], [-90.06194289388354, 35.211701503692794], [-90.06326489418154, 35.21077850381223], [-90.06372889558534, 35.21021550304506], [-90.06389689401821, 35.210094502809845], [-90.06689689516465, 35.206794502873926], [-90.06549689415053, 35.20439450182565], [-90.06413789404264, 35.20110050153927], [-90.06367789283678, 35.19661550072305], [-90.06341389414446, 35.19136049887422], [-90.06441989317662, 35.17895949648532], [-90.06298489200242, 35.17999649698091], [-90.06078589074707, 35.18138549744063], [-90.05803089072133, 35.18282749801457], [-90.05746089080894, 35.18322849770701], [-90.05754888977417, 35.18299549805698], [-90.05742689137206, 35.182863497738225], [-90.05684789034052, 35.182974497519986], [-90.05554489030911, 35.18332349867719], [-90.05401288994884, 35.183999498448145], [-90.05186789001849, 35.18529349875216], [-90.05092488893888, 35.18551549813395], [-90.050406888905, 35.18602749926407], [-90.0482028885251, 35.187447499651356], [-90.04623488814673, 35.18833650002758], [-90.04412588820138, 35.189555500477475], [-90.04424888732672, 35.18974050045736], [-90.04497988869421, 35.1903184999861], [-90.04569188799852, 35.1909835000182], [-90.04599088864758, 35.191641499824065], [-90.04603088793223, 35.1923805003663], [-90.04596488781, 35.192998500045555], [-90.04583788758839, 35.19331149977887], [-90.04537888800408, 35.193750500349424], [-90.04492688899077, 35.193902500666326], [-90.04448788770131, 35.19380950076701], [-90.04303188750903, 35.193404500982396], [-90.0422008865824, 35.19284550037036], [-90.04141588748318, 35.19216750028562], [-90.0410168863767, 35.191874500378844], [-90.04036488734684, 35.1912365002439], [-90.04005588665204, 35.19098250012603], [-90.03960488656534, 35.190958499773224], [-90.0387738856387, 35.190581499786106], [-90.03789488592983, 35.18991450032382], [-90.0373578856294, 35.189664500111824], [-90.03730288627614, 35.189724500467776], [-90.03670088567837, 35.18983350060952], [-90.03641288579827, 35.18983350060952], [-90.0356548846666, 35.189741500364796], [-90.03517788553894, 35.189719500929215], [-90.03528388494583, 35.18723850034096], [-90.03551288527468, 35.18285149930054], [-90.03561788485668, 35.180742498561585], [-90.0358938850412, 35.17489649767669], [-90.03597188396068, 35.17357049733314], [-90.03608888413656, 35.17106049618018], [-90.0361898844189, 35.168062495560264], [-90.03622288403085, 35.16754649657293], [-90.03673888441489, 35.16405649588493], [-90.0367188843234, 35.16373749521334], [-90.0363118837193, 35.163872495687094], [-90.03260988331432, 35.165238495115844], [-90.03207688321186, 35.16545549609848], [-90.03098788164407, 35.16583249587054], [-90.0268518817691, 35.167367496372776], [-90.02515188117935, 35.167984496623625], [-90.02509988040251, 35.16969849602798], [-90.02498688132292, 35.1745624977307], [-90.02433288174494, 35.17452949828588], [-90.02406988108089, 35.17958949877005], [-90.0239998825573, 35.18049649958631], [-90.0241068808908, 35.18075149872487], [-90.02425188245239, 35.180840499551756], [-90.02460988085605, 35.180898499048155], [-90.02472388155718, 35.181016499414994], [-90.02471988225753, 35.18159749861085], [-90.02447988115969, 35.18210249871719], [-90.02310388133336, 35.18238450010972], [-90.02164288111821, 35.18283149945309], [-90.02080787999364, 35.18312749962973], [-90.0196428809528, 35.18385949992171], [-90.01842088021392, 35.18478350027646], [-90.01796687975418, 35.18507250019722], [-90.01795788043165, 35.18676750088692], [-90.01504387949895, 35.186745500646154], [-90.01393187836494, 35.1863505003825], [-90.01326187889343, 35.1863615005571], [-90.01191587830601, 35.18686650042826], [-90.00931887756569, 35.18740550087286], [-90.00809687772515, 35.18772950085122], [-90.0071998775746, 35.18781650078172], [-90.00692687776312, 35.18789650184239], [-90.00607687746825, 35.18781950130933], [-90.00535187774516, 35.1879805018067], [-90.00400587625941, 35.188185501704766], [-90.00278387641886, 35.18848450197182], [-90.0013938754505, 35.18877650170347], [-90.00030587640256, 35.189061500975306], [-89.99805887546664, 35.18942750238385], [-89.99783587498555, 35.189296501413246], [-89.99696887497223, 35.18944850198744], [-89.99615887396202, 35.1898625015588], [-89.99528987429886, 35.18996850253564], [-89.99458387484236, 35.19012850254301], [-89.9942708739496, 35.1903125027861], [-89.99393187491421, 35.19036950223018], [-89.99353587418075, 35.190508502123784], [-89.99319787407197, 35.19056850259062], [-89.99278987364296, 35.19048750206004], [-89.99129687364076, 35.19032650139103], [-89.99040687226459, 35.19009250163281], [-89.98966987284594, 35.18997450269761], [-89.9889138731607, 35.190090503294755], [-89.9885838725495, 35.19044550265043], [-89.9883598722435, 35.190761502360274], [-89.98792687170015, 35.191185502214665], [-89.98728687236587, 35.19150150271708], [-89.98678787170026, 35.19158450347464], [-89.98572387114515, 35.1915845027405], [-89.98530887194175, 35.1914355028856], [-89.98494287224388, 35.19059550348369], [-89.98467687120677, 35.18954750266738], [-89.98442687185984, 35.188982501712644], [-89.98397787142295, 35.18844250226097], [-89.9834118708102, 35.18817450251125], [-89.98258487097986, 35.18799150249483], [-89.98159887114086, 35.1880185027759], [-89.98109087025443, 35.18838150176832], [-89.98044987019692, 35.188636502596665], [-89.9800248709478, 35.18861350220643], [-89.97946186980978, 35.18877550251833], [-89.97876786915052, 35.188888502136756], [-89.97794286896999, 35.188879503608725], [-89.97744486902761, 35.18873250303804], [-89.97605386823435, 35.1881075022522], [-89.97571386847572, 35.18803250251028], [-89.97518286802305, 35.18804350319131], [-89.97434986924326, 35.18813650308336], [-89.97359886868257, 35.18814550242783], [-89.9726498677552, 35.188044503119684], [-89.97140986747299, 35.18763750262922], [-89.97088786634282, 35.18736950316117], [-89.97009986687056, 35.18685150348669], [-89.96954486612844, 35.1863915019601], [-89.96926586557088, 35.186116502389346], [-89.96868586651105, 35.18573250226474], [-89.96778586598747, 35.18471950226864], [-89.96744586712717, 35.18439050290407], [-89.96691786614923, 35.18407050273754], [-89.96652686633699, 35.183476502332496], [-89.9662098661446, 35.18328450286759], [-89.96524986534654, 35.183012502298574], [-89.96467886560924, 35.18296150204464], [-89.96441386439705, 35.182976501172476], [-89.96390986460689, 35.18285350295606], [-89.96299886421265, 35.18298050186942], [-89.9623828642695, 35.183178501982084], [-89.96112086424597, 35.183694503079366], [-89.95981886403948, 35.18429950381319], [-89.95934586421146, 35.18456350250835], [-89.95851586400806, 35.18489850244355], [-89.95761186328652, 35.18515250322508], [-89.9568658627487, 35.187149502849614], [-89.95667186347826, 35.18773450271468], [-89.9565408630587, 35.18839750349064], [-89.95648286333238, 35.188936503323966], [-89.95642086340808, 35.190508504326196], [-89.95638686397123, 35.19178250464753], [-89.95629986303427, 35.19429750532783], [-89.95633086389472, 35.19463550578458], [-89.95647586365968, 35.19522050534124], [-89.95659886458165, 35.19552150508542], [-89.95692386337335, 35.19605750588542], [-89.95801586441586, 35.197449505073905], [-89.95842086447182, 35.19812150556109], [-89.95856786478491, 35.19849650619512], [-89.95870386522735, 35.19916750556965], [-89.95877186499942, 35.200630505877605], [-89.95868386513587, 35.20129050561988], [-89.95850586486064, 35.20171850534871], [-89.95810786537568, 35.20220350570769], [-89.95766386406336, 35.20258750652708], [-89.95623886383322, 35.203624507177956], [-89.95587386396024, 35.20391950674318], [-89.95544486361483, 35.20444550697676], [-89.95449686430898, 35.20602650617477], [-89.95413786428378, 35.20673650718245], [-89.95394786431298, 35.20727850772439], [-89.95365586423493, 35.20823350706162], [-89.95272486374921, 35.21135150736587], [-89.95189186317276, 35.21427650834218], [-89.95179586381161, 35.21498950939024], [-89.95179086378873, 35.21570150825757], [-89.95184286456558, 35.216425509038814], [-89.95191886383526, 35.21674450988], [-89.95214986381393, 35.21727551000682], [-89.95260586482183, 35.21791851036434], [-89.95306086420818, 35.21833050882215], [-89.95496886521042, 35.21971150999196], [-89.95547586627193, 35.22009751000707], [-89.95585286584047, 35.220512509933734], [-89.95603586613858, 35.22079550961284], [-89.95621086604076, 35.22123050957858], [-89.95628786603365, 35.22176251069277], [-89.9562578649981, 35.2222545104291], [-89.95591586558966, 35.22358751038189], [-89.9549968647995, 35.227551511409466], [-89.95433386589899, 35.23035751138541], [-89.95414486575311, 35.23094551228083], [-89.95322486603635, 35.233055512062826], [-89.9524848653463, 35.23472351274735], [-89.95115186517769, 35.23782451374575], [-89.95078586458148, 35.23844751406885], [-89.95044486409962, 35.2388025133257], [-89.95012086513283, 35.23904951403103], [-89.94881086453042, 35.23997251448862], [-89.94826386418424, 35.24056351396872], [-89.94750586395087, 35.241683514611], [-89.94541186497246, 35.24480751497285], [-89.94506986376736, 35.245352515722466], [-89.942599864147, 35.249356516203655], [-89.94215586373298, 35.2499475162514], [-89.94181686290095, 35.250261515667454], [-89.94105586319286, 35.25076551657507], [-89.93986786278917, 35.25131351653892], [-89.93910786290597, 35.25170551658576], [-89.93835586162206, 35.25214051660474], [-89.93762886224916, 35.252620517103985], [-89.93480786210118, 35.25456051834523], [-89.93325186145148, 35.25561051805109], [-89.93265286122674, 35.255983517514416], [-89.93170685977408, 35.256511518109264], [-89.92946086045971, 35.25770651778609], [-89.92943286087062, 35.26294652019708]]]}}, {"type": "Feature", "properties": {"name": "Harbor Town", "tracts": 2, "cityNames": ["Harbor Town", "North Memphis West"]}, "geometry": {"type": "Polygon", "coordinates": [[[-90.03844088465448, 35.16323149462056], [-90.038048884119, 35.16326749494385], [-90.0367188843234, 35.16373749521334], [-90.03673888441489, 35.16405649588493], [-90.03622288403085, 35.16754649657293], [-90.0361898844189, 35.168062495560264], [-90.03608888413656, 35.17106049618018], [-90.03597188396068, 35.17357049733314], [-90.0358938850412, 35.17489649767669], [-90.03561788485668, 35.180742498561585], [-90.03551288527468, 35.18285149930054], [-90.03528388494583, 35.18723850034096], [-90.03517788553894, 35.189719500929215], [-90.0356548846666, 35.189741500364796], [-90.03641288579827, 35.18983350060952], [-90.03670088567837, 35.18983350060952], [-90.03730288627614, 35.189724500467776], [-90.0373578856294, 35.189664500111824], [-90.03789488592983, 35.18991450032382], [-90.0387738856387, 35.190581499786106], [-90.03960488656534, 35.190958499773224], [-90.04005588665204, 35.19098250012603], [-90.04036488734684, 35.1912365002439], [-90.0410168863767, 35.191874500378844], [-90.04141588748318, 35.19216750028562], [-90.0422008865824, 35.19284550037036], [-90.04303188750903, 35.193404500982396], [-90.04448788770131, 35.19380950076701], [-90.04492688899077, 35.193902500666326], [-90.04537888800408, 35.193750500349424], [-90.04583788758839, 35.19331149977887], [-90.04596488781, 35.192998500045555], [-90.04603088793223, 35.1923805003663], [-90.04599088864758, 35.191641499824065], [-90.04569188799852, 35.1909835000182], [-90.04497988869421, 35.1903184999861], [-90.04424888732672, 35.18974050045736], [-90.04412588820138, 35.189555500477475], [-90.04623488814673, 35.18833650002758], [-90.0482028885251, 35.187447499651356], [-90.050406888905, 35.18602749926407], [-90.05092488893888, 35.18551549813395], [-90.05186789001849, 35.18529349875216], [-90.05401288994884, 35.183999498448145], [-90.05554489030911, 35.18332349867719], [-90.05684789034052, 35.182974497519986], [-90.05742689137206, 35.182863497738225], [-90.05754888977417, 35.18299549805698], [-90.05746089080894, 35.18322849770701], [-90.05803089072133, 35.18282749801457], [-90.06078589074707, 35.18138549744063], [-90.06298489200242, 35.17999649698091], [-90.06441989317662, 35.17895949648532], [-90.06451489181455, 35.1777894961755], [-90.06460389240134, 35.17575749654737], [-90.06473189154951, 35.167368495086805], [-90.06446589141075, 35.160903492516226], [-90.0639278912854, 35.15468549268699], [-90.06461389065043, 35.15313749130401], [-90.0588538894554, 35.153154492242095], [-90.05747288870786, 35.15314549196193], [-90.055560888406, 35.15311049192385], [-90.05490088898024, 35.153111492281916], [-90.054827888287, 35.153331492898], [-90.05323388800244, 35.15770049286801], [-90.05248088779194, 35.15831749301391], [-90.05086888706573, 35.15959549372734], [-90.05005388782926, 35.16042449402108], [-90.04956988813062, 35.16172649412369], [-90.04936488719288, 35.16262449376777], [-90.04930088672046, 35.16382649410384], [-90.04907188818824, 35.16375649439055], [-90.0483958870723, 35.16389549500022], [-90.04688988665131, 35.16348049438844], [-90.04564288579807, 35.163120494319145], [-90.04437988684796, 35.16278349448715], [-90.04399388616027, 35.16373449526554], [-90.04313088634491, 35.16353849451981], [-90.0427358854364, 35.1634934944468], [-90.03868788452668, 35.16323749528756], [-90.03844088465448, 35.16323149462056]]]}}, {"type": "Feature", "properties": {"name": "Hickory Hill", "tracts": 21, "cityNames": ["Autumn Ridge East", "Bennington Park", "Blackberry Bush Rd", "Burlington", "Capleville", "Capleville East", "Capleville North", "Green Lodge", "Halle Park", "Hickory Hill East", "Hickory Hill Northeast", "Hickory Hill South", "Hickory Hill Southeast", "Keswick-Stornaway", "Kirby Trace", "Pebble Beach Ave", "Pine Cir", "Ridgeway Blvd", "Ridgeway Estates", "Williamsburg Colony", "Wilson Park"]}, "geometry": {"type": "Polygon", "coordinates": [[[-89.89297983929207, 35.083353485591324], [-89.89108283726219, 35.08215048679789], [-89.88993383811489, 35.081443485427165], [-89.8889778375148, 35.080889484807614], [-89.88748483751259, 35.07995948590611], [-89.88574383601664, 35.07889648481592], [-89.88440083670056, 35.07806248467173], [-89.88451083630542, 35.07775948519484], [-89.8846428356516, 35.07697748481983], [-89.88481483607904, 35.074260484102886], [-89.88495583654435, 35.07384548318134], [-89.88514683634004, 35.0735234838414], [-89.88531083547326, 35.07311248453442], [-89.8853468363566, 35.07283448337169], [-89.88552483573352, 35.06888848363989], [-89.88559783552844, 35.06695548359059], [-89.88565683687631, 35.06582148290056], [-89.88575183551423, 35.06351248182428], [-89.88582783568222, 35.061915481915115], [-89.88594683550791, 35.059095482135824], [-89.88620483614908, 35.051005480173856], [-89.88621583422311, 35.05054547944944], [-89.88833983513538, 35.05058247898487], [-89.88989783633325, 35.05062347908646], [-89.89741483801944, 35.05085647887841], [-89.89964783871167, 35.05091047848598], [-89.90296983917507, 35.051035479251844], [-89.90425684021126, 35.051067478599386], [-89.91078184131237, 35.05118647829222], [-89.91532984271258, 35.05136147813117], [-89.91798684372735, 35.05144647867403], [-89.91894284432743, 35.051444477667324], [-89.91932284337071, 35.05148347780124], [-89.92209184453846, 35.05153747772967], [-89.92217784475218, 35.05158847869148], [-89.9253728458923, 35.051673478262735], [-89.92782784634238, 35.051717478213675], [-89.92853684617195, 35.05177547777851], [-89.92952084725944, 35.05181847827882], [-89.93131384773561, 35.051824477594295], [-89.9339258485445, 35.05187647777193], [-89.93386484844515, 35.05103547778108], [-89.9334528478182, 35.04957347744224], [-89.93332884796963, 35.04872247778716], [-89.9332848466904, 35.046090477425125], [-89.9333328481676, 35.045592475716305], [-89.9334398473994, 35.045145476691914], [-89.93365684713437, 35.044625476906106], [-89.93382984738673, 35.044313476328384], [-89.93424384766354, 35.043758476450044], [-89.93451984784804, 35.043476475886216], [-89.935762847605, 35.042403475994405], [-89.93601384767516, 35.042128475443675], [-89.93640684803556, 35.04155147566831], [-89.93663084834154, 35.041044475548716], [-89.93678184795428, 35.04041347558081], [-89.93682284796216, 35.03991747438705], [-89.9368038476956, 35.038504475567244], [-89.93658984833367, 35.03741847478508], [-89.93654084792986, 35.03646047477422], [-89.93661084735174, 35.035826474466205], [-89.93692884826737, 35.03462547391645], [-89.93700384861043, 35.03405547361408], [-89.9370008482374, 35.03307847440578], [-89.93696684880052, 35.03078947330277], [-89.93705084756779, 35.03067047332124], [-89.93698484834387, 35.02797947261226], [-89.93694284761276, 35.02423547176284], [-89.93688684753626, 35.020582471283504], [-89.93681084646997, 35.019799471589195], [-89.93678284598255, 35.0162534711705], [-89.93682284616553, 35.01484547080476], [-89.93689684578537, 35.01387747028635], [-89.9368618465236, 35.00956546985378], [-89.9368198466908, 35.00604946878435], [-89.9368208465157, 35.00286346773008], [-89.93679184620339, 35.001959467801555], [-89.93676684519072, 35.000006467707934], [-89.93675584442174, 34.99797746769823], [-89.9367598446197, 34.994882466143366], [-89.91903784027042, 34.99480646648029], [-89.91523483958308, 34.994765467078146], [-89.9014698359069, 34.994669467625855], [-89.89208583232805, 34.99447546818974], [-89.8906738325167, 34.99447246789895], [-89.88639983254949, 34.99443046823206], [-89.88389783044711, 34.994398468786756], [-89.87841582998473, 34.994398468786756], [-89.87836982905569, 34.99433346902413], [-89.86718982642422, 34.994275469905574], [-89.85138982242253, 34.99419447064914], [-89.84839082110102, 34.994415469712514], [-89.84841582121538, 34.99849147108459], [-89.84845082137547, 35.00141447111302], [-89.84842682198435, 35.00314647154153], [-89.8485438221602, 35.00529647237227], [-89.84858382234317, 35.00582747248564], [-89.84825282190708, 35.00581647294507], [-89.84521682077562, 35.00584047341241], [-89.84400882028045, 35.00581447229259], [-89.83841381894187, 35.00575847313551], [-89.83621181731345, 35.00578947259481], [-89.83504081752652, 35.00578147292535], [-89.8325308177232, 35.00581547298671], [-89.83090581657818, 35.00586647305236], [-89.83109781709713, 35.01224747441738], [-89.83112581758452, 35.01419747481432], [-89.8311318174323, 35.01558247533022], [-89.83119381735659, 35.023802475831616], [-89.83100381738578, 35.023962476487895], [-89.8307448169197, 35.02432347691952], [-89.83048081732906, 35.02446347753824], [-89.82991081741666, 35.024988477723284], [-89.8296098180161, 35.02517547663855], [-89.82924981726767, 35.025246476704716], [-89.82911581737336, 35.02538447704037], [-89.82846781674486, 35.02563147789634], [-89.82789381663451, 35.02566447734663], [-89.82752681711169, 35.025818476812056], [-89.82672281684756, 35.02593847768474], [-89.82642281637361, 35.0260604778029], [-89.8253738167854, 35.0266764768249], [-89.82501181638716, 35.02685947748861], [-89.82453981638406, 35.027239477015556], [-89.82406681565773, 35.02720747789782], [-89.82393281666175, 35.02725047808864], [-89.82384081570191, 35.0275904778258], [-89.82354181684948, 35.02754847750642], [-89.82326081574378, 35.027589477398095], [-89.82299881670127, 35.02775747772616], [-89.82263881505452, 35.027781477639785], [-89.82225681636142, 35.027962477190286], [-89.82202481565952, 35.02832347834822], [-89.82156481535198, 35.02866447771492], [-89.81988181448067, 35.02965247821111], [-89.81954781546813, 35.02992247829701], [-89.81887381490036, 35.03029047797501], [-89.81856681475368, 35.03050447902877], [-89.8175118144194, 35.03104247926475], [-89.81687681510799, 35.03119647816078], [-89.81631681434301, 35.03159147865495], [-89.81613581459307, 35.03200947921622], [-89.81573581366165, 35.03237147831625], [-89.81533481380366, 35.03286647934678], [-89.81461381427853, 35.03350347941163], [-89.81439981401829, 35.03374547971679], [-89.81405981336134, 35.03449747937451], [-89.81404581401596, 35.03503048032894], [-89.81424681385741, 35.035733480789524], [-89.81415981381878, 35.0361614795761], [-89.81419981490005, 35.03663947947906], [-89.81418681358295, 35.03705147956459], [-89.81399281431251, 35.03749148027557], [-89.81381881333692, 35.03775448029137], [-89.81353881385276, 35.03788647976488], [-89.81363881431018, 35.03820548049303], [-89.81328481430783, 35.038348481023874], [-89.8131978133709, 35.03863348030677], [-89.8129308134072, 35.03893547982984], [-89.81301081377315, 35.040071480830505], [-89.8134658131595, 35.04052348028063], [-89.81362481406647, 35.04061448047285], [-89.8144488144221, 35.04083948094944], [-89.81466481433216, 35.04093148105415], [-89.81483081401349, 35.04114748050898], [-89.81482581488895, 35.04138948097692], [-89.81441381426198, 35.04204448089983], [-89.81433381479435, 35.04237348036541], [-89.81449381462792, 35.04273648160283], [-89.81489481448592, 35.04325248143684], [-89.81524181391724, 35.04358248141798], [-89.81537581560818, 35.043961481657206], [-89.81529581434393, 35.044175481477374], [-89.81474781507114, 35.04474648127174], [-89.81439881509169, 35.044925481061796], [-89.81383381520217, 35.04486048247348], [-89.81337881401919, 35.04489948207392], [-89.81294281400108, 35.04499648162176], [-89.81265781449405, 35.04528348167154], [-89.8123458134262, 35.04545248187237], [-89.8119658134846, 35.0453874822325], [-89.8117178137875, 35.04521048167252], [-89.81141181346572, 35.045205482083226], [-89.81091181297522, 35.04535348097465], [-89.81084581375131, 35.045557481690516], [-89.81105781346342, 35.04572348144283], [-89.81135581428755, 35.04573648190983], [-89.81149581402963, 35.04600648254218], [-89.81136481361006, 35.046190482042334], [-89.8119078137583, 35.0464484817546], [-89.81252381459974, 35.04684948248338], [-89.8135688148883, 35.04737048227067], [-89.81441881518317, 35.047543481829344], [-89.81497281520204, 35.04775148221219], [-89.81518481491415, 35.04787448157062], [-89.8171158154826, 35.04864848142699], [-89.81768681521989, 35.048980482004204], [-89.81819081501006, 35.049324482436894], [-89.81891481670486, 35.04975148194202], [-89.81702381631939, 35.05043048309209], [-89.81632081543928, 35.05060448219879], [-89.81557381417825, 35.05068548294976], [-89.81493781504194, 35.05068048296022], [-89.81298681528034, 35.05043448294891], [-89.81294681419904, 35.052210483129606], [-89.81272281568968, 35.05890248410329], [-89.81269181482924, 35.06049348471241], [-89.81257981557457, 35.06515948639039], [-89.8124978155588, 35.06708148547237], [-89.81245481500278, 35.06773048634199], [-89.81244681550517, 35.069397486465576], [-89.81237181606042, 35.0739514875219], [-89.8123068166614, 35.0768154883551], [-89.8122588151842, 35.077472487544796], [-89.8131738157764, 35.07746648864363], [-89.81389281744835, 35.077414487120926], [-89.81439481758868, 35.07740848821549], [-89.81616981762319, 35.07743248751039], [-89.81947581819306, 35.077489488104845], [-89.82205081919204, 35.077568487547346], [-89.82405781903016, 35.077617488056454], [-89.82505681928795, 35.07762248786672], [-89.82964282032299, 35.077709487162544], [-89.82965082071892, 35.078191487943435], [-89.8296128210841, 35.07922148806942], [-89.82955882065741, 35.08180448767972], [-89.82951982119766, 35.082810488592855], [-89.8307048212283, 35.082847488943045], [-89.83181382198927, 35.082863488632334], [-89.8340458228566, 35.08286048864487], [-89.83540282331467, 35.082881487819584], [-89.83642782351174, 35.082876488331614], [-89.84231982495125, 35.08288748852796], [-89.84408482404169, 35.08292348762297], [-89.84476482535557, 35.0828904877793], [-89.84525082560239, 35.08280348739225], [-89.8460888262017, 35.08256448762581], [-89.84670882544451, 35.08247848811681], [-89.84720382591215, 35.082476487870714], [-89.8520558279843, 35.082574487374764], [-89.85220982797007, 35.08254448738905], [-89.85254082750787, 35.08364348750583], [-89.85281382731934, 35.08421848736593], [-89.85317482789269, 35.08469548780476], [-89.85367582910644, 35.085142487159025], [-89.85409882870573, 35.08541048741613], [-89.85476682942573, 35.08570848856614], [-89.85531982872136, 35.085853487671294], [-89.85604582916768, 35.08593948729758], [-89.85989283023594, 35.08601848737871], [-89.86076583009704, 35.086147487625794], [-89.86154182987377, 35.0864224869416], [-89.86204583056222, 35.086701487820626], [-89.86246083066393, 35.08702648717743], [-89.8633538306165, 35.08786048756513], [-89.86382783026943, 35.08827748786875], [-89.86419083139091, 35.08851948758197], [-89.86481283208016, 35.088811487391766], [-89.86521883196103, 35.088944487806934], [-89.86603483281901, 35.08908848810028], [-89.86829783275019, 35.08922248847163], [-89.86951983259073, 35.089307488549146], [-89.8710238333619, 35.08938848764985], [-89.87133583353145, 35.08884748754768], [-89.8716778338382, 35.08834748779888], [-89.87207683314806, 35.087837487352374], [-89.87253983293033, 35.087338486988266], [-89.87316683454077, 35.08676548721053], [-89.87356283347756, 35.08644848740901], [-89.87411683349643, 35.08606448661837], [-89.87487383480321, 35.085619487340175], [-89.87570183445847, 35.085241486857385], [-89.87657283377143, 35.084905487081265], [-89.87714383530536, 35.084728486183174], [-89.87782883394716, 35.08456148661166], [-89.87871683567352, 35.08441148728611], [-89.8799838357199, 35.08430248704448], [-89.88402583588353, 35.08421348648967], [-89.88681383731785, 35.08415948612222], [-89.88756383805362, 35.08412948598435], [-89.88871083844943, 35.08404748560011], [-89.88991983787118, 35.08391148533691], [-89.89096283940823, 35.0837544859024], [-89.89255683969277, 35.08345548595636], [-89.89297983929207, 35.083353485591324]]]}}, {"type": "Feature", "properties": {"name": "Midtown", "tracts": 15, "cityNames": ["Annesdale Park", "Central Garden", "Cooper Young", "Crosstown", "East Midtown", "Green Meadows", "Idlewild", "Midtown", "Midtown Southwest", "Midtown West", "New Pathways East", "North Memphis", "Rhodes College", "Speedway Terrace", "Vollentine Evergreen"]}, "geometry": {"type": "Polygon", "coordinates": [[[-90.03500788116806, 35.13386148911921], [-90.03127488080092, 35.13352148972369], [-90.03085588050125, 35.13343748933453], [-90.03036787970632, 35.13315648999165], [-90.02979188084446, 35.13298649010139], [-90.02702187895349, 35.132881489646174], [-90.02472487958548, 35.132849490061226], [-90.02083487706287, 35.13274348955555], [-90.02081877026983, 35.13228242523852], [-90.02092177020198, 35.13081342532125], [-90.02100676969248, 35.12981042577225], [-90.0211277700663, 35.127661424585185], [-90.02120977008208, 35.125642423431195], [-90.02127976860564, 35.12378042420325], [-90.02130676926812, 35.123128424081436], [-90.02131476966406, 35.122949423149564], [-90.0213167661211, 35.122911484042234], [-90.02131676931388, 35.12291142336904], [-90.02088176912069, 35.12289242347218], [-90.02025976932975, 35.122933423978886], [-90.01911776805854, 35.12309442435342], [-90.01821576788512, 35.12317042372594], [-90.01597076749732, 35.12329342476441], [-90.0129857673178, 35.12337242465251], [-90.01191176761526, 35.12346142434159], [-90.00952576676214, 35.12355142538956], [-90.00637287570696, 35.123741417562194], [-90.00637587272742, 35.123654488601595], [-90.00639287334417, 35.12319248818882], [-90.00492787293106, 35.12314648785481], [-90.00511287198066, 35.11920348811281], [-90.00504787347997, 35.11896448849489], [-90.00510187211002, 35.11652848715564], [-90.00503987218572, 35.11643948650513], [-90.0030738723555, 35.116397486329504], [-90.000836870567, 35.11637148732967], [-89.99123486832659, 35.11613248748657], [-89.99117586787705, 35.11785748931586], [-89.99107986851588, 35.11978748952664], [-89.99098686952777, 35.120953488574656], [-89.99078986898597, 35.12507948977089], [-89.99070386787395, 35.12672749063155], [-89.9895258684143, 35.127181489824885], [-89.98817886890028, 35.12767249000558], [-89.98396786778395, 35.129296491108974], [-89.98401586656621, 35.128884490852904], [-89.9841558672066, 35.128375490472315], [-89.98421586658276, 35.127398490181484], [-89.98422086750394, 35.126790490245206], [-89.98426886718453, 35.125937489986114], [-89.98247486688344, 35.12587149057302], [-89.9772088654328, 35.12574648983484], [-89.97528186416402, 35.12569149056606], [-89.97451586353472, 35.12568449010877], [-89.97397486393464, 35.12562349029664], [-89.9736358631026, 35.125513490086306], [-89.97328786384638, 35.12531349072598], [-89.97298386407277, 35.125059490411616], [-89.97264586306565, 35.12551549074601], [-89.97179086364622, 35.12674449120851], [-89.9713038635745, 35.12763249035154], [-89.97105186278111, 35.12822849073019], [-89.97088786364789, 35.12876549133611], [-89.97073686313684, 35.12954949152065], [-89.9672628632358, 35.12949649097392], [-89.96704886207723, 35.12950049136289], [-89.967065862694, 35.130205491287796], [-89.96694386159695, 35.13048949170261], [-89.9648138626335, 35.13377149138367], [-89.96473886318874, 35.13390249291972], [-89.96615986322091, 35.13444649254561], [-89.9677208638935, 35.13498249197125], [-89.97151486436, 35.13635549334922], [-89.97373286498362, 35.137147492476124], [-89.97490286494563, 35.13762149303203], [-89.97603586509773, 35.13802749283582], [-89.97804786675535, 35.138711492912776], [-89.9791288670289, 35.13912349266447], [-89.98221686714056, 35.140219492429196], [-89.98306486778563, 35.1405474922299], [-89.98250086861931, 35.14335249378307], [-89.98225286712558, 35.14516149364772], [-89.98213886822109, 35.14623049418729], [-89.98166586839307, 35.14940949574831], [-89.9814028668307, 35.15050949518555], [-89.98112686754449, 35.15182549615578], [-89.98101786776454, 35.15254749551681], [-89.98096986718565, 35.15261049498217], [-89.98073586773224, 35.15442049578088], [-89.98022886756904, 35.15798649636955], [-89.98107386873937, 35.158187495814886], [-89.98178886841671, 35.15832949654136], [-89.9855818690583, 35.159188496209495], [-89.98645586964261, 35.159299496735976], [-89.99012387150904, 35.159640495956985], [-89.9910148709135, 35.15969449624953], [-89.99120787035903, 35.160024495952904], [-89.99055587132918, 35.160294495782665], [-89.99014387070223, 35.16054649652886], [-89.98983487090574, 35.160804495871936], [-89.98945887026379, 35.16100549643262], [-89.98914687009425, 35.161110496593814], [-89.988376869267, 35.16120549697255], [-89.98790987018509, 35.16133149639923], [-89.98754386958886, 35.16155749687526], [-89.98728686967091, 35.161829497258864], [-89.9871168697916, 35.16217949690567], [-89.98716887056847, 35.16234349678011], [-89.98959386998301, 35.16259549705332], [-89.98969287151382, 35.162588496831845], [-89.99093887074551, 35.162730497953824], [-89.99445987140055, 35.16309149704713], [-89.99637487297376, 35.1633024972216], [-89.99693687249024, 35.16334349647154], [-89.99952787338276, 35.16360749712933], [-90.00066587445603, 35.16373849617513], [-90.00169287520124, 35.16382749653326], [-90.00831987640959, 35.16449849651099], [-90.01090087635805, 35.16477149608639], [-90.01138787553145, 35.16135949551091], [-90.01163287755047, 35.15978549570948], [-90.01186087625778, 35.158166495479506], [-90.0142688768522, 35.15831749521725], [-90.01744287807591, 35.15856349520133], [-90.01792787759948, 35.158583495143446], [-90.01904187838332, 35.15838049535566], [-90.0214888802341, 35.15784149487918], [-90.02408287970304, 35.15728549443224], [-90.02475688027081, 35.1571944936445], [-90.02605988030223, 35.15717249494801], [-90.02826588123028, 35.15708449422706], [-90.02779488195041, 35.160626494317604], [-90.02762688172092, 35.16182349501922], [-90.0274508810955, 35.163212495320714], [-90.02722988026426, 35.164642495465074], [-90.0268518817691, 35.167367496372776], [-90.03098788164407, 35.16583249587054], [-90.03207688321186, 35.16545549609848], [-90.03260988331432, 35.165238495115844], [-90.0363118837193, 35.163872495687094], [-90.0367188843234, 35.16373749521334], [-90.038048884119, 35.16326749494385], [-90.03844088465448, 35.16323149462056], [-90.03834288474518, 35.161722494584026], [-90.03849888438079, 35.16119249434523], [-90.03920888403528, 35.15917249461262], [-90.03937688426477, 35.158639493780186], [-90.03960188439565, 35.15747449416109], [-90.03979488473949, 35.157113493640566], [-90.04053788490427, 35.155866494101524], [-90.03914588428609, 35.15579649267907], [-90.03796688410323, 35.155679493493196], [-90.03747788348338, 35.155669493900206], [-90.03742788415296, 35.15614649404775], [-90.03733088406861, 35.1566214937066], [-90.03634688387942, 35.15651649362648], [-90.03587688262783, 35.15650049370732], [-90.03541488267047, 35.1566164936009], [-90.03375088296403, 35.15697749485805], [-90.03326188234416, 35.15699349394894], [-90.03198088295238, 35.15697049415308], [-90.03094988111091, 35.15701249396703], [-90.03117088104383, 35.155065494172], [-90.03140488139559, 35.15318249269934], [-90.03189088164238, 35.15042149313355], [-90.03201488149094, 35.1499134933832], [-90.03248888204217, 35.14672049144339], [-90.03274188176218, 35.14553549136284], [-90.03289188154999, 35.14457649082516], [-90.0337148820807, 35.13903449099215], [-90.03375088206572, 35.13857348948075], [-90.034834881814, 35.138666490126546], [-90.03487988112153, 35.13762249064204], [-90.03518388089515, 35.13762649063184], [-90.03545988107966, 35.13753449008207], [-90.03586188166089, 35.137189489298514], [-90.0352278821744, 35.136654490270324], [-90.03498688125165, 35.136359489728136], [-90.03490288248439, 35.135956489924425], [-90.03490588195912, 35.13531448873283], [-90.03498888090148, 35.134639489624476], [-90.03500788116806, 35.13386148911921]]]}}, {"type": "Feature", "properties": {"name": "North Memphis", "tracts": 8, "cityNames": ["Douglass", "Guthrie Park", "Hollywood", "Hollywood West", "Midtown", "New Chicago East", "North Memphis East", "University Lane"]}, "geometry": {"type": "Polygon", "coordinates": [[[-89.95761186328652, 35.18515250322508], [-89.95851586400806, 35.18489850244355], [-89.95934586421146, 35.18456350250835], [-89.95981886403948, 35.18429950381319], [-89.96112086424597, 35.183694503079366], [-89.9623828642695, 35.183178501982084], [-89.96299886421265, 35.18298050186942], [-89.96390986460689, 35.18285350295606], [-89.96441386439705, 35.182976501172476], [-89.96467886560924, 35.18296150204464], [-89.96524986534654, 35.183012502298574], [-89.9662098661446, 35.18328450286759], [-89.96652686633699, 35.183476502332496], [-89.96691786614923, 35.18407050273754], [-89.96744586712717, 35.18439050290407], [-89.96778586598747, 35.18471950226864], [-89.96868586651105, 35.18573250226474], [-89.96926586557088, 35.186116502389346], [-89.96954486612844, 35.1863915019601], [-89.97009986687056, 35.18685150348669], [-89.97088786634282, 35.18736950316117], [-89.97140986747299, 35.18763750262922], [-89.9726498677552, 35.188044503119684], [-89.97359886868257, 35.18814550242783], [-89.97434986924326, 35.18813650308336], [-89.97518286802305, 35.18804350319131], [-89.97571386847572, 35.18803250251028], [-89.97605386823435, 35.1881075022522], [-89.97744486902761, 35.18873250303804], [-89.97794286896999, 35.188879503608725], [-89.97876786915052, 35.188888502136756], [-89.97946186980978, 35.18877550251833], [-89.9800248709478, 35.18861350220643], [-89.98044987019692, 35.188636502596665], [-89.98109087025443, 35.18838150176832], [-89.98159887114086, 35.1880185027759], [-89.98258487097986, 35.18799150249483], [-89.9834118708102, 35.18817450251125], [-89.98397787142295, 35.18844250226097], [-89.98442687185984, 35.188982501712644], [-89.98467687120677, 35.18954750266738], [-89.98494287224388, 35.19059550348369], [-89.98530887194175, 35.1914355028856], [-89.98572387114515, 35.1915845027405], [-89.98678787170026, 35.19158450347464], [-89.98728687236587, 35.19150150271708], [-89.98792687170015, 35.191185502214665], [-89.9883598722435, 35.190761502360274], [-89.9885838725495, 35.19044550265043], [-89.9889138731607, 35.190090503294755], [-89.98966987284594, 35.18997450269761], [-89.99040687226459, 35.19009250163281], [-89.99129687364076, 35.19032650139103], [-89.99278987364296, 35.19048750206004], [-89.99319787407197, 35.19056850259062], [-89.99353587418075, 35.190508502123784], [-89.99393187491421, 35.19036950223018], [-89.9942708739496, 35.1903125027861], [-89.99458387484236, 35.19012850254301], [-89.99528987429886, 35.18996850253564], [-89.99615887396202, 35.1898625015588], [-89.99696887497223, 35.18944850198744], [-89.99783587498555, 35.189296501413246], [-89.99805887546664, 35.18942750238385], [-90.00030587640256, 35.189061500975306], [-90.0013938754505, 35.18877650170347], [-90.00278387641886, 35.18848450197182], [-90.00400587625941, 35.188185501704766], [-90.00535187774516, 35.1879805018067], [-90.00607687746825, 35.18781950130933], [-90.00692687776312, 35.18789650184239], [-90.0071998775746, 35.18781650078172], [-90.00809687772515, 35.18772950085122], [-90.00931887756569, 35.18740550087286], [-90.01191587830601, 35.18686650042826], [-90.01326187889343, 35.1863615005571], [-90.01393187836494, 35.1863505003825], [-90.01504387949895, 35.186745500646154], [-90.01795788043165, 35.18676750088692], [-90.01796687975418, 35.18507250019722], [-90.01842088021392, 35.18478350027646], [-90.0196428809528, 35.18385949992171], [-90.02080787999364, 35.18312749962973], [-90.02164288111821, 35.18283149945309], [-90.02310388133336, 35.18238450010972], [-90.02447988115969, 35.18210249871719], [-90.02471988225753, 35.18159749861085], [-90.02472388155718, 35.181016499414994], [-90.02460988085605, 35.180898499048155], [-90.02425188245239, 35.180840499551756], [-90.0241068808908, 35.18075149872487], [-90.0239998825573, 35.18049649958631], [-90.02406988108089, 35.17958949877005], [-90.02433288174494, 35.17452949828588], [-90.02498688132292, 35.1745624977307], [-90.02509988040251, 35.16969849602798], [-90.02515188117935, 35.167984496623625], [-90.0268518817691, 35.167367496372776], [-90.02722988026426, 35.164642495465074], [-90.0274508810955, 35.163212495320714], [-90.02762688172092, 35.16182349501922], [-90.02779488195041, 35.160626494317604], [-90.02826588123028, 35.15708449422706], [-90.02605988030223, 35.15717249494801], [-90.02475688027081, 35.1571944936445], [-90.02408287970304, 35.15728549443224], [-90.0214888802341, 35.15784149487918], [-90.01904187838332, 35.15838049535566], [-90.01792787759948, 35.158583495143446], [-90.01744287807591, 35.15856349520133], [-90.0142688768522, 35.15831749521725], [-90.01186087625778, 35.158166495479506], [-90.01163287755047, 35.15978549570948], [-90.01138787553145, 35.16135949551091], [-90.01090087635805, 35.16477149608639], [-90.00831987640959, 35.16449849651099], [-90.00169287520124, 35.16382749653326], [-90.00066587445603, 35.16373849617513], [-89.99952787338276, 35.16360749712933], [-89.99693687249024, 35.16334349647154], [-89.99637487297376, 35.1633024972216], [-89.99445987140055, 35.16309149704713], [-89.99093887074551, 35.162730497953824], [-89.98969287151382, 35.162588496831845], [-89.98959386998301, 35.16259549705332], [-89.98716887056847, 35.16234349678011], [-89.9871168697916, 35.16217949690567], [-89.98728686967091, 35.161829497258864], [-89.98754386958886, 35.16155749687526], [-89.98790987018509, 35.16133149639923], [-89.988376869267, 35.16120549697255], [-89.98914687009425, 35.161110496593814], [-89.98945887026379, 35.16100549643262], [-89.98983487090574, 35.160804495871936], [-89.99014387070223, 35.16054649652886], [-89.99055587132918, 35.160294495782665], [-89.99120787035903, 35.160024495952904], [-89.9910148709135, 35.15969449624953], [-89.99012387150904, 35.159640495956985], [-89.98645586964261, 35.159299496735976], [-89.9855818690583, 35.159188496209495], [-89.98178886841671, 35.15832949654136], [-89.98107386873937, 35.158187495814886], [-89.98022886756904, 35.15798649636955], [-89.97945586726705, 35.157897496229936], [-89.97860486804557, 35.157894496801184], [-89.97372886658229, 35.15791649677128], [-89.97191986531426, 35.15793949703413], [-89.97165586572363, 35.15796849761174], [-89.96641686313887, 35.1591844972794], [-89.96394286332053, 35.15974449760372], [-89.96270286393664, 35.16003849757099], [-89.96236786240425, 35.16013849688801], [-89.95799086250489, 35.161702498351275], [-89.95751286175567, 35.16189049858353], [-89.95681186232204, 35.162216497940655], [-89.95593586118956, 35.16272049849322], [-89.95320486055496, 35.164466499809464], [-89.95206686037999, 35.16525349971686], [-89.95135786055043, 35.165816498518105], [-89.94922485941733, 35.167600499694366], [-89.94831685939612, 35.16829649999916], [-89.94513485957312, 35.170523499979865], [-89.94381685857478, 35.17145950078697], [-89.94340385902123, 35.171778500540306], [-89.94242585957814, 35.17261050110463], [-89.9420718586775, 35.172966501297644], [-89.94131285861921, 35.17392350182786], [-89.93994685883862, 35.175361502272374], [-89.94203385904267, 35.17472350246193], [-89.94367385935796, 35.17419250094158], [-89.94409385948254, 35.174079501449604], [-89.94669985954535, 35.17324150130366], [-89.94859086082913, 35.172703500298894], [-89.94806685915087, 35.17315950101464], [-89.94782786057289, 35.176324501479705], [-89.94779585988753, 35.17881750241004], [-89.94783886044354, 35.17986750215772], [-89.947891860147, 35.180432502608134], [-89.94812486067381, 35.180918502308224], [-89.94864386053258, 35.181292502304494], [-89.94969286101909, 35.18147450197862], [-89.94968186204675, 35.181847502348774], [-89.9496938617423, 35.183488502146346], [-89.94960286150572, 35.18619150389967], [-89.95006086126511, 35.18622450374938], [-89.95040586104662, 35.18620250409579], [-89.95090986173508, 35.185995503693064], [-89.95198986218374, 35.18584750308893], [-89.95287386191549, 35.18585450277633], [-89.95353286241466, 35.18579650314574], [-89.95503886283565, 35.1855835026914], [-89.95526686244128, 35.18557850363226], [-89.95649486302794, 35.18539550290886], [-89.95748986308779, 35.18521950224967], [-89.95761186328652, 35.18515250322508]]]}}, {"type": "Feature", "properties": {"name": "Orange Mound", "tracts": 13, "cityNames": ["Beltline", "Bethel Grove", "Castalia", "Castalia Heights", "Chickasaw Garden", "Cooper Young East", "Fairlawn", "Imogene Heights", "Joffre", "Messick Buntyn", "Orange Mound", "Orange Mound West", "Sherwood Forest"]}, "geometry": {"type": "Polygon", "coordinates": [[[-90.00998687289581, 35.10911548535135], [-90.00965987265765, 35.10860948540963], [-90.00962587322078, 35.10833348505256], [-90.00968087257405, 35.10657748500268], [-90.0098048724226, 35.10350948396715], [-90.0098398725827, 35.101882484691856], [-90.00976187276493, 35.10148748392679], [-90.0095158718193, 35.10091948346642], [-90.00950587267188, 35.10034548403475], [-90.0055508716486, 35.10020148451117], [-90.003700871271, 35.10015548369104], [-90.00312186934114, 35.10012048365681], [-90.00095886896911, 35.10138148450091], [-90.00023787034229, 35.1018374850734], [-89.99936786995592, 35.10233848466663], [-89.99831386944655, 35.10179648423985], [-89.99579386869914, 35.10052148457693], [-89.99411286747765, 35.09958848378512], [-89.99165886685248, 35.098349484503665], [-89.98999586607263, 35.09749648487372], [-89.98743686586549, 35.09624048361083], [-89.9874938657669, 35.09526348383318], [-89.98749486649012, 35.09471848312342], [-89.98759786552398, 35.091541483280075], [-89.98775686463432, 35.087981482249646], [-89.98782486620301, 35.086800482686435], [-89.98780286556338, 35.08653648214407], [-89.987633865509, 35.08613048151915], [-89.9863758647851, 35.0842734822821], [-89.98596686453119, 35.08331248134393], [-89.98580286360134, 35.082857480571114], [-89.98498886418979, 35.08017848072536], [-89.98482586398318, 35.07934448045343], [-89.98486186396819, 35.07897548069069], [-89.9852998636361, 35.07702948073975], [-89.98409186403924, 35.0769534809801], [-89.97926886227941, 35.07656748068256], [-89.97828886318649, 35.0765354803017], [-89.97755486144594, 35.076536480129995], [-89.97675386155487, 35.07656848124566], [-89.97564986081677, 35.07665448036813], [-89.97191886009946, 35.07701548175665], [-89.96500085863798, 35.077693481316366], [-89.96368985821066, 35.0778684809461], [-89.96264785739685, 35.07813348067915], [-89.96161285805235, 35.07844048166284], [-89.96091285754531, 35.07868948197382], [-89.95699485723024, 35.08017848219565], [-89.95596085681235, 35.08059248200418], [-89.95787785713709, 35.08219548257894], [-89.95764485661027, 35.08235848282072], [-89.95736585695101, 35.08242848194969], [-89.95601685688885, 35.08239848338049], [-89.95561585523423, 35.082467481984395], [-89.95515485600008, 35.08263848191661], [-89.95328885572897, 35.083769482733736], [-89.9526428556486, 35.08435748263918], [-89.95164785469045, 35.085571483268815], [-89.95019685541935, 35.0873644834883], [-89.94987185483103, 35.087904483447836], [-89.94966985426635, 35.08844448424243], [-89.94954985461574, 35.08916048447639], [-89.94938085545967, 35.09344048562632], [-89.94571585396629, 35.093365485342474], [-89.94243285296263, 35.09327748548014], [-89.9396288516348, 35.093211485337285], [-89.93226385118287, 35.09302848633229], [-89.93103785024603, 35.09299148619035], [-89.93087684968924, 35.09942548710979], [-89.93068385114202, 35.10672248888892], [-89.93067385109629, 35.107506488110204], [-89.93889285383767, 35.10769748913831], [-89.94554085496242, 35.10789048860667], [-89.94604985567376, 35.10788848898392], [-89.9459838555515, 35.10941248863063], [-89.94577485621247, 35.11510348924016], [-89.94571485503968, 35.11624648964828], [-89.94552885616515, 35.120920490161964], [-89.94541785583708, 35.12320349102815], [-89.94522485549324, 35.127796492261496], [-89.94606485664067, 35.12798649208118], [-89.94703185800974, 35.12823549170353], [-89.95176485845957, 35.12951349244221], [-89.9530258586582, 35.12988449252902], [-89.95930286006217, 35.131879492679985], [-89.96002785978527, 35.13213149253206], [-89.96336986213677, 35.133380492589424], [-89.96473886318874, 35.13390249291972], [-89.9648138626335, 35.13377149138367], [-89.96694386159695, 35.13048949170261], [-89.967065862694, 35.130205491287796], [-89.96704886207723, 35.12950049136289], [-89.9672628632358, 35.12949649097392], [-89.97073686313684, 35.12954949152065], [-89.97088786364789, 35.12876549133611], [-89.97105186278111, 35.12822849073019], [-89.9713038635745, 35.12763249035154], [-89.97179086364622, 35.12674449120851], [-89.97264586306565, 35.12551549074601], [-89.97298386407277, 35.125059490411616], [-89.97328786384638, 35.12531349072598], [-89.9736358631026, 35.125513490086306], [-89.97397486393464, 35.12562349029664], [-89.97451586353472, 35.12568449010877], [-89.97528186416402, 35.12569149056606], [-89.9772088654328, 35.12574648983484], [-89.98247486688344, 35.12587149057302], [-89.98426886718453, 35.125937489986114], [-89.98422086750394, 35.126790490245206], [-89.98421586658276, 35.127398490181484], [-89.9841558672066, 35.128375490472315], [-89.98401586656621, 35.128884490852904], [-89.98396786778395, 35.129296491108974], [-89.98817886890028, 35.12767249000558], [-89.9895258684143, 35.127181489824885], [-89.99070386787395, 35.12672749063155], [-89.99078986898597, 35.12507948977089], [-89.99098686952777, 35.120953488574656], [-89.99107986851588, 35.11978748952664], [-89.99117586787705, 35.11785748931586], [-89.99123486832659, 35.11613248748657], [-90.000836870567, 35.11637148732967], [-90.0030738723555, 35.116397486329504], [-90.00503987218572, 35.11643948650513], [-90.00485887153745, 35.116184486365306], [-90.00482087190262, 35.115972487393506], [-90.00489687117228, 35.11438248707489], [-90.00502187174408, 35.11073248651669], [-90.00509687118883, 35.108961486436506], [-90.00998687289581, 35.10911548535135]]]}}, {"type": "Feature", "properties": {"name": "Parkway Village", "tracts": 8, "cityNames": ["Colonial Acres South", "Mendenhall Estates", "Oakhaven", "Oakville", "Parkway Village", "Parkway Village East", "Parkway Village South", "Parkway Village Southwest"]}, "geometry": {"type": "Polygon", "coordinates": [[[-89.89297983929207, 35.083353485591324], [-89.89513183979344, 35.08471948642624], [-89.89563383903545, 35.08512148562606], [-89.89598684011119, 35.085641485521364], [-89.90153084139617, 35.08566048601736], [-89.90399184169402, 35.08565748613277], [-89.90716084379318, 35.08570048495795], [-89.91090384330774, 35.085779485270564], [-89.91415584524755, 35.08581248541569], [-89.91684184567632, 35.085852485751936], [-89.92029784693233, 35.08594948516266], [-89.92066784592986, 35.08600148565562], [-89.92070984666097, 35.08584348538397], [-89.92081184676822, 35.08133748420373], [-89.92304284691231, 35.081438484380854], [-89.9231338471489, 35.079870483553485], [-89.92325184714969, 35.078748483498], [-89.92653484815334, 35.07922348398445], [-89.93017584935727, 35.079704483383054], [-89.93132784977594, 35.07987148260583], [-89.93136684923567, 35.07845348280208], [-89.9314018493958, 35.077843482702356], [-89.93152884871908, 35.07641648300233], [-89.93379384919835, 35.07652548201802], [-89.94324485272436, 35.076927481897336], [-89.94882385416942, 35.07700448150376], [-89.9494768539225, 35.07696648162117], [-89.95014285409438, 35.0768714822048], [-89.95091685422126, 35.07668348269326], [-89.95115985479381, 35.076584482166375], [-89.95000085380414, 35.075596481733164], [-89.94945185290983, 35.07510448186837], [-89.94880585372776, 35.0744594817075], [-89.94816585259686, 35.07374948100409], [-89.94743685357412, 35.07281948085426], [-89.94435685206174, 35.06876848114767], [-89.94495185208851, 35.068538480044204], [-89.94523985196858, 35.068524480339704], [-89.94968685308648, 35.068659480593645], [-89.95045085406593, 35.06857048062013], [-89.95215285430552, 35.0686604797832], [-89.95421285474538, 35.06875048105277], [-89.95409085544496, 35.0679064800681], [-89.95405585438655, 35.06715747972105], [-89.95411085463813, 35.0656704793067], [-89.9540448545159, 35.06504447973196], [-89.95376085393545, 35.06423647938298], [-89.95351185441342, 35.0638074791805], [-89.95313385412165, 35.063285479117496], [-89.95210485372662, 35.062012478165634], [-89.95186185405237, 35.061861479290606], [-89.95073585357298, 35.06045547861244], [-89.95046685306114, 35.060011478669814], [-89.95027285289238, 35.05957147792787], [-89.9501608527394, 35.05919847830455], [-89.95008585329465, 35.0587284784109], [-89.95009585334039, 35.05793647821757], [-89.95017385225988, 35.05731647781176], [-89.95037785337269, 35.05648047832682], [-89.95059985313054, 35.05584447732423], [-89.95086185217305, 35.05538747764522], [-89.95137185360761, 35.05397647747044], [-89.95153885221556, 35.05332447722592], [-89.95167885285595, 35.0522504778758], [-89.95385985277134, 35.052292477265375], [-89.95481285479501, 35.05232247660597], [-89.95481685409464, 35.0490104759426], [-89.95482985361514, 35.04867347537489], [-89.95481185407178, 35.04695547554841], [-89.95479785292977, 35.04312947511883], [-89.9547718538888, 35.04186547479722], [-89.95480285295262, 35.04131147546423], [-89.95486585270183, 35.041099474550435], [-89.95543685423576, 35.04000947405888], [-89.95559885371915, 35.03963747362907], [-89.95575085315681, 35.039139473771364], [-89.9556648538414, 35.038668474356406], [-89.95546285327671, 35.03832347361973], [-89.95483285219154, 35.037619473805684], [-89.95473685193208, 35.03733647307392], [-89.9547298531577, 35.03635547356184], [-89.95466985288324, 35.03462047367949], [-89.9547498532492, 35.03425247363782], [-89.9548918526411, 35.034077473188525], [-89.95590185276954, 35.03339647368656], [-89.95611785357794, 35.033162473753144], [-89.95619185319777, 35.03289747294413], [-89.95623585357869, 35.03166447243295], [-89.95634285370882, 35.03022247244253], [-89.95627685178995, 35.02988847207463], [-89.9559758532877, 35.029481472472675], [-89.95487785149906, 35.028421472245924], [-89.95474885252597, 35.028178471939235], [-89.95473485318058, 35.02797847145371], [-89.95347985193142, 35.02798747231731], [-89.94633584961582, 35.027968472372855], [-89.94586085013798, 35.028000471928294], [-89.94404584992049, 35.02797847218932], [-89.94137684741354, 35.02798747231731], [-89.93815684795571, 35.027968473108466], [-89.93698484834387, 35.02797947261226], [-89.93705084756779, 35.03067047332124], [-89.93696684880052, 35.03078947330277], [-89.9370008482374, 35.03307847440578], [-89.93700384861043, 35.03405547361408], [-89.93692884826737, 35.03462547391645], [-89.93661084735174, 35.035826474466205], [-89.93654084792986, 35.03646047477422], [-89.93658984833367, 35.03741847478508], [-89.9368038476956, 35.038504475567244], [-89.93682284796216, 35.03991747438705], [-89.93678184795428, 35.04041347558081], [-89.93663084834154, 35.041044475548716], [-89.93640684803556, 35.04155147566831], [-89.93601384767516, 35.042128475443675], [-89.935762847605, 35.042403475994405], [-89.93451984784804, 35.043476475886216], [-89.93424384766354, 35.043758476450044], [-89.93382984738673, 35.044313476328384], [-89.93365684713437, 35.044625476906106], [-89.9334398473994, 35.045145476691914], [-89.9333328481676, 35.045592475716305], [-89.9332848466904, 35.046090477425125], [-89.93332884796963, 35.04872247778716], [-89.9334528478182, 35.04957347744224], [-89.93386484844515, 35.05103547778108], [-89.9339258485445, 35.05187647777193], [-89.93131384773561, 35.051824477594295], [-89.92952084725944, 35.05181847827882], [-89.92853684617195, 35.05177547777851], [-89.92782784634238, 35.051717478213675], [-89.9253728458923, 35.051673478262735], [-89.92217784475218, 35.05158847869148], [-89.92209184453846, 35.05153747772967], [-89.91932284337071, 35.05148347780124], [-89.91894284432743, 35.051444477667324], [-89.91798684372735, 35.05144647867403], [-89.91532984271258, 35.05136147813117], [-89.91078184131237, 35.05118647829222], [-89.90425684021126, 35.051067478599386], [-89.90296983917507, 35.051035479251844], [-89.89964783871167, 35.05091047848598], [-89.89741483801944, 35.05085647887841], [-89.88989783633325, 35.05062347908646], [-89.88833983513538, 35.05058247898487], [-89.88621583422311, 35.05054547944944], [-89.88620483614908, 35.051005480173856], [-89.88594683550791, 35.059095482135824], [-89.88582783568222, 35.061915481915115], [-89.88575183551423, 35.06351248182428], [-89.88565683687631, 35.06582148290056], [-89.88559783552844, 35.06695548359059], [-89.88552483573352, 35.06888848363989], [-89.8853468363566, 35.07283448337169], [-89.88531083547326, 35.07311248453442], [-89.88514683634004, 35.0735234838414], [-89.88495583654435, 35.07384548318134], [-89.88481483607904, 35.074260484102886], [-89.8846428356516, 35.07697748481983], [-89.88451083630542, 35.07775948519484], [-89.88440083670056, 35.07806248467173], [-89.88574383601664, 35.07889648481592], [-89.88748483751259, 35.07995948590611], [-89.8889778375148, 35.080889484807614], [-89.88993383811489, 35.081443485427165], [-89.89108283726219, 35.08215048679789], [-89.89297983929207, 35.083353485591324]]]}}, {"type": "Feature", "properties": {"name": "Raleigh", "tracts": 17, "cityNames": ["Blue Ridge Park", "Bolen Huse Rd", "Egypt", "Elmore Park", "Jackson", "Lakewood Hills", "Lantern Square", "Nutbush", "Poet Old Bartlett Park", "Raleigh Lagrange Rd", "Springhill", "Springhill West", "Stage Park Meadows", "Sugar Tree", "Sunset Trace", "The Heights", "Wells"]}, "geometry": {"type": "Polygon", "coordinates": [[[-89.95761186328652, 35.18515250322508], [-89.95748986308779, 35.18521950224967], [-89.95649486302794, 35.18539550290886], [-89.95526686244128, 35.18557850363226], [-89.95503886283565, 35.1855835026914], [-89.95353286241466, 35.18579650314574], [-89.95287386191549, 35.18585450277633], [-89.95198986218374, 35.18584750308893], [-89.95090986173508, 35.185995503693064], [-89.95040586104662, 35.18620250409579], [-89.95006086126511, 35.18622450374938], [-89.94960286150572, 35.18619150389967], [-89.9496938617423, 35.183488502146346], [-89.94968186204675, 35.181847502348774], [-89.94969286101909, 35.18147450197862], [-89.94864386053258, 35.181292502304494], [-89.94812486067381, 35.180918502308224], [-89.947891860147, 35.180432502608134], [-89.94783886044354, 35.17986750215772], [-89.94779585988753, 35.17881750241004], [-89.94782786057289, 35.176324501479705], [-89.94806685915087, 35.17315950101464], [-89.94859086082913, 35.172703500298894], [-89.94669985954535, 35.17324150130366], [-89.94409385948254, 35.174079501449604], [-89.94367385935796, 35.17419250094158], [-89.94203385904267, 35.17472350246193], [-89.93994685883862, 35.175361502272374], [-89.94131285861921, 35.17392350182786], [-89.9420718586775, 35.172966501297644], [-89.94242585957814, 35.17261050110463], [-89.94340385902123, 35.171778500540306], [-89.94381685857478, 35.17145950078697], [-89.94513485957312, 35.170523499979865], [-89.94831685939612, 35.16829649999916], [-89.94922485941733, 35.167600499694366], [-89.95135786055043, 35.165816498518105], [-89.95206686037999, 35.16525349971686], [-89.95320486055496, 35.164466499809464], [-89.95096886038802, 35.16318549928424], [-89.95082786082101, 35.16312549843136], [-89.94956085987631, 35.16286849861016], [-89.94525785780014, 35.16202349868855], [-89.94405185785311, 35.16176249805073], [-89.9403908565577, 35.16107949881946], [-89.93961885697894, 35.16094449885068], [-89.93948985710749, 35.16249849854723], [-89.93935885668793, 35.162511498762555], [-89.93486285516623, 35.162416499909206], [-89.93029285492304, 35.162335499964335], [-89.9173468515796, 35.16202750041667], [-89.91556685062388, 35.161993500042236], [-89.90981584875136, 35.16190750063004], [-89.90930684893833, 35.16178350039529], [-89.90917284814572, 35.16197050092566], [-89.90902884820568, 35.161915499691126], [-89.907580847511, 35.16190650038019], [-89.90581884789529, 35.161879500238236], [-89.9057428477273, 35.162292500450434], [-89.90568184762792, 35.16471750136754], [-89.90565184838901, 35.16504850146547], [-89.90549584695678, 35.165668501562656], [-89.90524284723679, 35.16619450121998], [-89.90487784736379, 35.16669950154594], [-89.90446884800821, 35.167116502259205], [-89.9040678481502, 35.16744450232862], [-89.90361884771333, 35.167875502427904], [-89.9029898482497, 35.16843050154747], [-89.90252184664793, 35.16890550217181], [-89.9018578470242, 35.16945950218207], [-89.90101784677508, 35.17019950264105], [-89.89942384738883, 35.17172550252564], [-89.8990078456656, 35.17216850344825], [-89.89848084630923, 35.17281350355909], [-89.89827284589676, 35.172580502692036], [-89.8979088458487, 35.1723895025768], [-89.89575684624562, 35.169961503075285], [-89.89468084509662, 35.16869450258171], [-89.89431384467551, 35.168206502890584], [-89.89389584509908, 35.16749750166489], [-89.89298484380652, 35.166274502265914], [-89.89216284399905, 35.16562650181192], [-89.89083084365531, 35.16463750246182], [-89.88807884220601, 35.16257250177894], [-89.88756484326844, 35.162233501387846], [-89.88698684206179, 35.16179750097616], [-89.88474484204706, 35.16039650119724], [-89.88223784082011, 35.158862501608226], [-89.87760683957922, 35.16301250191903], [-89.87631384049186, 35.16423650212537], [-89.87462683942259, 35.16591450281432], [-89.86956783855952, 35.170892503780564], [-89.8690458383277, 35.171431503683856], [-89.86779483817482, 35.172637505026934], [-89.8649648369077, 35.175426506263705], [-89.86482583699052, 35.17554850462281], [-89.86277783624622, 35.177577505632286], [-89.86018083640425, 35.180136505832714], [-89.85997183706519, 35.18036050686517], [-89.8586368354501, 35.18165550711198], [-89.85579383556082, 35.18444650726389], [-89.85145483349964, 35.18872150832347], [-89.85049683414805, 35.18970850781657], [-89.84947583414896, 35.190703508434474], [-89.8482488333872, 35.19187150807641], [-89.84512383256731, 35.1949515097526], [-89.83941383249932, 35.200557511372345], [-89.83586983137975, 35.20406651213055], [-89.83441183063931, 35.20548851301279], [-89.83560383124096, 35.205589512654385], [-89.8362748314357, 35.20559551239653], [-89.83691383184338, 35.20556651192582], [-89.83804283179751, 35.20543051198457], [-89.84050183154723, 35.204980511559114], [-89.8418138335961, 35.20484951218022], [-89.84190083273643, 35.20476151168314], [-89.84451383337026, 35.20472951174565], [-89.84802683362935, 35.20474351153631], [-89.84999283435789, 35.20476551130742], [-89.85233483483006, 35.204773512023415], [-89.85370783518168, 35.204761510949105], [-89.85694983707576, 35.204601510401545], [-89.85813483710639, 35.2046125117751], [-89.86023683827736, 35.204753510965915], [-89.86352483930389, 35.204764510850886], [-89.86417583940714, 35.204743510802345], [-89.86414783981805, 35.205837511415695], [-89.86367483909171, 35.20883351166374], [-89.86330283954604, 35.21112451210589], [-89.86326083881494, 35.21153651201867], [-89.86313683806806, 35.21458051332945], [-89.86293984022119, 35.219152513583076], [-89.86300583944512, 35.219931513845495], [-89.86314783973533, 35.220424514671215], [-89.8633058399191, 35.22077951427313], [-89.86359684017222, 35.22122751395452], [-89.86401284099715, 35.22153551445663], [-89.86435384058069, 35.221972514614336], [-89.86538684027535, 35.223462514497], [-89.8655178397966, 35.223917514854755], [-89.86538484062554, 35.22665351591511], [-89.86547684068704, 35.228041515333864], [-89.86527384119576, 35.22894051543785], [-89.86518084220765, 35.23088251555965], [-89.86513684182673, 35.231367515600226], [-89.86507784047886, 35.23274951662069], [-89.86505684146077, 35.23463751692988], [-89.86503984084402, 35.23510951692841], [-89.86663884204977, 35.235108516845834], [-89.86844884134608, 35.23508751584223], [-89.8695968424651, 35.23503951625328], [-89.8705058432095, 35.23503051623549], [-89.87126084306985, 35.23478051623852], [-89.87163984318651, 35.23470851657199], [-89.87214184332686, 35.23469751634214], [-89.87645584347705, 35.23473751543646], [-89.87650384405593, 35.235858516628674], [-89.87645184417738, 35.237328516484396], [-89.87647284499211, 35.238663517594276], [-89.8764448445047, 35.23988151678068], [-89.87632884415375, 35.24185851762446], [-89.8762398453636, 35.24454851827163], [-89.87615084477682, 35.2461495180484], [-89.87610984476895, 35.247275518167285], [-89.87604384554501, 35.24768151838538], [-89.87598984511835, 35.24923951967534], [-89.87599584496613, 35.25047151917741], [-89.8759378452398, 35.252373519589206], [-89.8758448453534, 35.25477652076245], [-89.873107844871, 35.25751852069042], [-89.87170284473234, 35.25890752131776], [-89.87089084407229, 35.25973952128666], [-89.86981984384447, 35.26091352159659], [-89.86917884378697, 35.261580522308726], [-89.8605928424211, 35.270171523517256], [-89.85889784185422, 35.2718915246701], [-89.85453984042479, 35.27626152469444], [-89.85480984076152, 35.27631952495611], [-89.85648884143488, 35.27623552547407], [-89.85933284294572, 35.27616152533441], [-89.86212184240831, 35.275933525569066], [-89.8642388436479, 35.27565952531717], [-89.86545184416593, 35.27568852420198], [-89.86681184409876, 35.27615852440562], [-89.86733784452854, 35.27615652451978], [-89.86818484445037, 35.276045525276665], [-89.8693198451506, 35.275323524861825], [-89.87003984485082, 35.27497952481997], [-89.87041384584296, 35.27488352444515], [-89.87123784619857, 35.274773524517556], [-89.87294484646101, 35.274746524492514], [-89.87376884591829, 35.27487552404213], [-89.87420684648454, 35.274879524610455], [-89.87508884746477, 35.2747915237959], [-89.8761408465277, 35.274879524610455], [-89.87667084715544, 35.274876524367556], [-89.87807784784225, 35.2748165246204], [-89.8784698465811, 35.274774523377516], [-89.87907884774987, 35.27485352347969], [-89.88034784744609, 35.27494852356548], [-89.88181584913055, 35.274897523865185], [-89.88300084826288, 35.274918524090815], [-89.88378784970689, 35.27496552394734], [-89.8844028489268, 35.27493652407027], [-89.88528184863567, 35.27499552340459], [-89.88629584896209, 35.27498652342189], [-89.88642084953389, 35.27496352329864], [-89.88712684988872, 35.27501752392845], [-89.88817685020014, 35.27497352360813], [-89.8894548510155, 35.2750305230018], [-89.89024685068574, 35.27503352397239], [-89.89117785117148, 35.275066523640376], [-89.89260885124939, 35.27504952401311], [-89.89343785162788, 35.27510952285429], [-89.89400685171536, 35.27507252337859], [-89.89468785285416, 35.27491752303251], [-89.89495285226971, 35.27491652344091], [-89.89562685193918, 35.27508952300103], [-89.89627685221751, 35.27516852352936], [-89.89666585237995, 35.27509652379361], [-89.89700885251162, 35.27493652407027], [-89.89761085310937, 35.274929522530485], [-89.89852985300124, 35.27482352323645], [-89.89928985378273, 35.27445452380943], [-89.90027185342377, 35.2738845225472], [-89.90080785300098, 35.27342152255308], [-89.90251685470989, 35.27294452235742], [-89.90326385507261, 35.272571521755715], [-89.90400585451414, 35.272347522845806], [-89.90552085515598, 35.27177752289157], [-89.90592785396342, 35.27164752244329], [-89.90705185569132, 35.271158522747534], [-89.90766785563446, 35.2709675220017], [-89.90827685590493, 35.270683521715085], [-89.90904185581098, 35.27041552212228], [-89.91003585604592, 35.27012352196179], [-89.91110185625087, 35.269783521925554], [-89.91177685574523, 35.269521522438446], [-89.91249985671682, 35.269148521477284], [-89.91312585670572, 35.26897852069166], [-89.91413185753453, 35.26862252187724], [-89.91447885696584, 35.2684665212528], [-89.91544285706354, 35.2681425208015], [-89.91614785759346, 35.26794252098076], [-89.91639685711549, 35.267796520975914], [-89.91726785822507, 35.2674555202914], [-89.91898885783291, 35.266827520706144], [-89.91978285805129, 35.26661252076328], [-89.92131485930987, 35.26598752035026], [-89.92229785967415, 35.26566852024914], [-89.92334485961253, 35.265215519552406], [-89.92425985930642, 35.2649555201247], [-89.92524386039392, 35.26455651937763], [-89.92633486071321, 35.26417151940633], [-89.92661685984719, 35.26397051959186], [-89.92943286087062, 35.26294652019708], [-89.92946086045971, 35.25770651778609], [-89.93170685977408, 35.256511518109264], [-89.93265286122674, 35.255983517514416], [-89.93325186145148, 35.25561051805109], [-89.93480786210118, 35.25456051834523], [-89.93762886224916, 35.252620517103985], [-89.93835586162206, 35.25214051660474], [-89.93910786290597, 35.25170551658576], [-89.93986786278917, 35.25131351653892], [-89.94105586319286, 35.25076551657507], [-89.94181686290095, 35.250261515667454], [-89.94215586373298, 35.2499475162514], [-89.942599864147, 35.249356516203655], [-89.94506986376736, 35.245352515722466], [-89.94541186497246, 35.24480751497285], [-89.94750586395087, 35.241683514611], [-89.94826386418424, 35.24056351396872], [-89.94881086453042, 35.23997251448862], [-89.95012086513283, 35.23904951403103], [-89.95044486409962, 35.2388025133257], [-89.95078586458148, 35.23844751406885], [-89.95115186517769, 35.23782451374575], [-89.9524848653463, 35.23472351274735], [-89.95322486603635, 35.233055512062826], [-89.95414486575311, 35.23094551228083], [-89.95433386589899, 35.23035751138541], [-89.9549968647995, 35.227551511409466], [-89.95591586558966, 35.22358751038189], [-89.9562578649981, 35.2222545104291], [-89.95628786603365, 35.22176251069277], [-89.95621086604076, 35.22123050957858], [-89.95603586613858, 35.22079550961284], [-89.95585286584047, 35.220512509933734], [-89.95547586627193, 35.22009751000707], [-89.95496886521042, 35.21971150999196], [-89.95306086420818, 35.21833050882215], [-89.95260586482183, 35.21791851036434], [-89.95214986381393, 35.21727551000682], [-89.95191886383526, 35.21674450988], [-89.95184286456558, 35.216425509038814], [-89.95179086378873, 35.21570150825757], [-89.95179586381161, 35.21498950939024], [-89.95189186317276, 35.21427650834218], [-89.95272486374921, 35.21135150736587], [-89.95365586423493, 35.20823350706162], [-89.95394786431298, 35.20727850772439], [-89.95413786428378, 35.20673650718245], [-89.95449686430898, 35.20602650617477], [-89.95544486361483, 35.20444550697676], [-89.95587386396024, 35.20391950674318], [-89.95623886383322, 35.203624507177956], [-89.95766386406336, 35.20258750652708], [-89.95810786537568, 35.20220350570769], [-89.95850586486064, 35.20171850534871], [-89.95868386513587, 35.20129050561988], [-89.95877186499942, 35.200630505877605], [-89.95870386522735, 35.19916750556965], [-89.95856786478491, 35.19849650619512], [-89.95842086447182, 35.19812150556109], [-89.95801586441586, 35.197449505073905], [-89.95692386337335, 35.19605750588542], [-89.95659886458165, 35.19552150508542], [-89.95647586365968, 35.19522050534124], [-89.95633086389472, 35.19463550578458], [-89.95629986303427, 35.19429750532783], [-89.95638686397123, 35.19178250464753], [-89.95642086340808, 35.190508504326196], [-89.95648286333238, 35.188936503323966], [-89.9565408630587, 35.18839750349064], [-89.95667186347826, 35.18773450271468], [-89.9568658627487, 35.187149502849614], [-89.95761186328652, 35.18515250322508]]]}}, {"type": "Feature", "properties": {"name": "Soulsville", "tracts": 4, "cityNames": ["Annesdale Snowden West", "Chandler Park", "Rozelle Annesdale", "Washington Heights"]}, "geometry": {"type": "Polygon", "coordinates": [[[-90.04695288460388, 35.126585487661664], [-90.04712288448319, 35.122390487044825], [-90.04722588351703, 35.11917848637479], [-90.04717488346341, 35.119115485282194], [-90.04716288376784, 35.11850048563277], [-90.04723088443822, 35.11653448465302], [-90.04719088425524, 35.116147484976246], [-90.04707788337903, 35.11587648483548], [-90.03604488106068, 35.11562348604067], [-90.03032587897522, 35.115496486305965], [-90.03038787889948, 35.1138824859322], [-90.0304468784507, 35.1117904857129], [-90.03037387865578, 35.11178748531996], [-90.03040887881588, 35.11108148456847], [-90.03042587853432, 35.10990348421554], [-90.03050287852723, 35.10877048396146], [-90.03057087919758, 35.1070574845653], [-90.02797387755898, 35.10698948417447], [-90.02200987614944, 35.10685448488392], [-90.02118587579383, 35.10689848374643], [-90.0217268753939, 35.10948648575086], [-90.01520287411772, 35.10927948485872], [-90.01460287496641, 35.10923848556398], [-90.01147487377345, 35.10916448527908], [-90.00998687289581, 35.10911548535135], [-90.00509687118883, 35.108961486436506], [-90.00502187174408, 35.11073248651669], [-90.00489687117228, 35.11438248707489], [-90.00482087190262, 35.115972487393506], [-90.00485887153745, 35.116184486365306], [-90.00503987218572, 35.11643948650513], [-90.00510187211002, 35.11652848715564], [-90.00504787347997, 35.11896448849489], [-90.00511287198066, 35.11920348811281], [-90.00492787293106, 35.12314648785481], [-90.00639287334417, 35.12319248818882], [-90.00637587272742, 35.123654488601595], [-90.00637287570696, 35.123741417562194], [-90.00952576676214, 35.12355142538956], [-90.01191176761526, 35.12346142434159], [-90.0129857673178, 35.12337242465251], [-90.01597076749732, 35.12329342476441], [-90.01821576788512, 35.12317042372594], [-90.01911776805854, 35.12309442435342], [-90.02025976932975, 35.122933423978886], [-90.02088176912069, 35.12289242347218], [-90.02131676931388, 35.12291142336904], [-90.0213167661211, 35.122911484042234], [-90.02131476966406, 35.122949423149564], [-90.02130676926812, 35.123128424081436], [-90.02127976860564, 35.12378042420325], [-90.02120977008208, 35.125642423431195], [-90.0211277700663, 35.127661424585185], [-90.02100676969248, 35.12981042577225], [-90.02092177020198, 35.13081342532125], [-90.02081877026983, 35.13228242523852], [-90.02083487706287, 35.13274348955555], [-90.02472487958548, 35.132849490061226], [-90.02702187895349, 35.132881489646174], [-90.02979188084446, 35.13298649010139], [-90.03036787970632, 35.13315648999165], [-90.03085588050125, 35.13343748933453], [-90.03127488080092, 35.13352148972369], [-90.03500788116806, 35.13386148911921], [-90.03500288204349, 35.13357048966584], [-90.03519988078867, 35.12744648799173], [-90.03529088102528, 35.12500648767748], [-90.03528188080443, 35.124607487418906], [-90.03669088203938, 35.12463348746398], [-90.03742488108499, 35.124708487632255], [-90.03794088146901, 35.1248044871298], [-90.0387828831646, 35.125059487472704], [-90.0408458830792, 35.126024487694636], [-90.04164288277231, 35.12628748751598], [-90.04271488282504, 35.126493487126545], [-90.04325288384871, 35.12653048822473], [-90.04455488405522, 35.126573488268605], [-90.04695288460388, 35.126585487661664]]]}}, {"type": "Feature", "properties": {"name": "South Memphis", "tracts": 13, "cityNames": ["Alcy-Ball", "Elvis Presley", "Fountain Court Block Club", "French Fort", "Gaston Park", "Hamilton", "Hernando Rd", "Longview Heights", "Mallory Heights", "River View", "Shadowlawn", "South Memphis", "Trigg"]}, "geometry": {"type": "Polygon", "coordinates": [[[-90.0738708904144, 35.12600248571558], [-90.07496489110677, 35.1247314862594], [-90.07527589145138, 35.12432248561762], [-90.076287892128, 35.12323948554835], [-90.07661689291426, 35.12286448533506], [-90.07678689279358, 35.122569484796514], [-90.0771818928038, 35.12110448461436], [-90.07726989266733, 35.120451485826486], [-90.07722889265945, 35.12007648526931], [-90.07706389280301, 35.11972348446271], [-90.07664689125485, 35.11931848528114], [-90.07628689230306, 35.119105484871], [-90.07453389111156, 35.118293484125765], [-90.07302289066769, 35.11744748422423], [-90.07178289128377, 35.11691348415168], [-90.07275789125212, 35.11547548377337], [-90.07312989079782, 35.11489948305473], [-90.0738828910083, 35.113846483603425], [-90.0745238910658, 35.11284348307502], [-90.07485089130395, 35.11208648278998], [-90.07498189172352, 35.111586482990276], [-90.0751578905523, 35.110707482914016], [-90.07566589054042, 35.108042482577396], [-90.07830389218692, 35.1081214825566], [-90.08062089254473, 35.10816248241333], [-90.08144689255016, 35.10812848158367], [-90.083604892001, 35.10812048238064], [-90.08487889351673, 35.096032479624235], [-90.0902208933387, 35.08713947742698], [-90.09169789344739, 35.08469747770513], [-90.09112689371007, 35.08404847725023], [-90.08924389282222, 35.0833794767455], [-90.08780389252345, 35.082958476661005], [-90.08690689237291, 35.08278847715131], [-90.0862298923304, 35.08262447654478], [-90.08393289116576, 35.081627477112434], [-90.08356189144499, 35.08151247675249], [-90.08180589077872, 35.081371477093526], [-90.08114789100279, 35.081304477102364], [-90.0804948903514, 35.0810914765894], [-90.07973689011804, 35.08065947669903], [-90.07913788989333, 35.08035647657494], [-90.07863889012604, 35.08001847769018], [-90.07822889004721, 35.07973447632659], [-90.07780589044792, 35.07909347666637], [-90.07687888926183, 35.077357476181824], [-90.0764268893502, 35.07677047563864], [-90.07590488822008, 35.07648347671528], [-90.07416188887093, 35.07630947615155], [-90.07351488806732, 35.076195476214785], [-90.07254488812184, 35.076157475955426], [-90.0721958881424, 35.07611247610906], [-90.07095888823322, 35.076059476094784], [-90.07047388781132, 35.0760614772334], [-90.06892788720735, 35.07601747643357], [-90.06800388729263, 35.075964477092775], [-90.06712788705848, 35.07587847650787], [-90.06650888674228, 35.075865477163816], [-90.06549288586774, 35.075880476915685], [-90.06399488584266, 35.07579547681482], [-90.06343288632618, 35.07570547669798], [-90.06287088591141, 35.07556347672019], [-90.06287488521104, 35.07584747716385], [-90.06305188566138, 35.08006947776821], [-90.06190688491539, 35.08018347743814], [-90.06130988523881, 35.08018947834493], [-90.06041988476096, 35.080156478130405], [-90.05952488515857, 35.08001847769018], [-90.05898288483525, 35.079887478467946], [-90.0582048845104, 35.07964247729847], [-90.05725988378097, 35.07929147739257], [-90.0558338828276, 35.0787364777962], [-90.05489688249408, 35.078448477896664], [-90.05392988292165, 35.07823147657844], [-90.0529818836158, 35.07816947819624], [-90.05049588230526, 35.077948477627196], [-90.04943888142282, 35.07782647706993], [-90.04825488121712, 35.07763147737923], [-90.0470708810114, 35.077363478031636], [-90.04631188095311, 35.077160477199236], [-90.04269687968845, 35.07608147832425], [-90.04167887916407, 35.075768477525365], [-90.04001987858219, 35.075338477807755], [-90.03688487861487, 35.07462347740689], [-90.03157287623517, 35.07345147807515], [-90.02685887515361, 35.07246147744643], [-90.02617287489025, 35.072305477178766], [-90.0248808747295, 35.07204747755217], [-90.02246187426442, 35.07152247684483], [-90.02184287304992, 35.07141547828051], [-90.02083287292147, 35.07130347790837], [-90.02016187452337, 35.071279477546064], [-90.0192158721724, 35.07130947726263], [-90.01840987225845, 35.07139147721592], [-90.01669787197312, 35.07164747840487], [-90.01447787169968, 35.072048478905835], [-90.01374587140558, 35.07219247814653], [-90.00963587057157, 35.07293347815553], [-90.00904986986735, 35.07302847848069], [-90.00576186973915, 35.07362647945092], [-90.00140786850768, 35.07440847885792], [-89.99249186563229, 35.07599347892798], [-89.9916068651773, 35.07612848005988], [-89.9908468652941, 35.07621648078093], [-89.98958386634399, 35.07630947982741], [-89.98860986440393, 35.076332480349954], [-89.98745586523374, 35.076307479430056], [-89.98548486448234, 35.076177480698604], [-89.9852998636361, 35.07702948073975], [-89.98486186396819, 35.07897548069069], [-89.98482586398318, 35.07934448045343], [-89.98498886418979, 35.08017848072536], [-89.98580286360134, 35.082857480571114], [-89.98596686453119, 35.08331248134393], [-89.9863758647851, 35.0842734822821], [-89.987633865509, 35.08613048151915], [-89.98780286556338, 35.08653648214407], [-89.98782486620301, 35.086800482686435], [-89.98775686463432, 35.087981482249646], [-89.98759786552398, 35.091541483280075], [-89.98749486649012, 35.09471848312342], [-89.9874938657669, 35.09526348383318], [-89.98743686586549, 35.09624048361083], [-89.98999586607263, 35.09749648487372], [-89.99165886685248, 35.098349484503665], [-89.99411286747765, 35.09958848378512], [-89.99579386869914, 35.10052148457693], [-89.99831386944655, 35.10179648423985], [-89.99936786995592, 35.10233848466663], [-90.00023787034229, 35.1018374850734], [-90.00095886896911, 35.10138148450091], [-90.00312186934114, 35.10012048365681], [-90.003700871271, 35.10015548369104], [-90.0055508716486, 35.10020148451117], [-90.00950587267188, 35.10034548403475], [-90.0095158718193, 35.10091948346642], [-90.00976187276493, 35.10148748392679], [-90.0098398725827, 35.101882484691856], [-90.0098048724226, 35.10350948396715], [-90.00968087257405, 35.10657748500268], [-90.00962587322078, 35.10833348505256], [-90.00965987265765, 35.10860948540963], [-90.00998687289581, 35.10911548535135], [-90.01147487377345, 35.10916448527908], [-90.01460287496641, 35.10923848556398], [-90.01520287411772, 35.10927948485872], [-90.0217268753939, 35.10948648575086], [-90.02118587579383, 35.10689848374643], [-90.02200987614944, 35.10685448488392], [-90.02797387755898, 35.10698948417447], [-90.03057087919758, 35.1070574845653], [-90.03050287852723, 35.10877048396146], [-90.03042587853432, 35.10990348421554], [-90.03040887881588, 35.11108148456847], [-90.03037387865578, 35.11178748531996], [-90.0304468784507, 35.1117904857129], [-90.03038787889948, 35.1138824859322], [-90.03032587897522, 35.115496486305965], [-90.03604488106068, 35.11562348604067], [-90.04707788337903, 35.11587648483548], [-90.04719088425524, 35.116147484976246], [-90.04723088443822, 35.11653448465302], [-90.04716288376784, 35.11850048563277], [-90.04717488346341, 35.119115485282194], [-90.04722588351703, 35.11917848637479], [-90.04712288448319, 35.122390487044825], [-90.04695288460388, 35.126585487661664], [-90.04912088499877, 35.12663748648067], [-90.05308388551968, 35.126753487061016], [-90.0559568873428, 35.1268054872422], [-90.05708088727408, 35.1268084878168], [-90.05914188843717, 35.12689448685356], [-90.05980788771072, 35.12690648693405], [-90.05985288701824, 35.12575148669405], [-90.05990188832035, 35.125312486352655], [-90.05985588739131, 35.124620487075106], [-90.06080288777055, 35.12462348699547], [-90.06166088846135, 35.124584486552564], [-90.06195888748887, 35.12464948630069], [-90.0651278886897, 35.12471948585844], [-90.06555688993342, 35.124742485951856], [-90.06688088988122, 35.124728486342974], [-90.06983389027367, 35.12479948580407], [-90.07092489149129, 35.124810486222145], [-90.07192889087364, 35.12487748646529], [-90.07221689075372, 35.124950486470134], [-90.072762891275, 35.12516848686002], [-90.07318089174973, 35.12543748555273], [-90.0738708904144, 35.12600248571558]]]}}, {"type": "Feature", "properties": {"name": "Westwood", "tracts": 5, "cityNames": ["Barton Heights", "Mitchell Road Neighbors", "Westhaven", "Westwood", "Westwood Meadows"]}, "geometry": {"type": "Polygon", "coordinates": [[[-90.05725988378097, 35.07929147739257], [-90.0582048845104, 35.07964247729847], [-90.05898288483525, 35.079887478467946], [-90.05952488515857, 35.08001847769018], [-90.06041988476096, 35.080156478130405], [-90.06130988523881, 35.08018947834493], [-90.06190688491539, 35.08018347743814], [-90.06305188566138, 35.08006947776821], [-90.06287488521104, 35.07584747716385], [-90.06287088591141, 35.07556347672019], [-90.06343288632618, 35.07570547669798], [-90.06399488584266, 35.07579547681482], [-90.06549288586774, 35.075880476915685], [-90.06650888674228, 35.075865477163816], [-90.06712788705848, 35.07587847650787], [-90.06800388729263, 35.075964477092775], [-90.06892788720735, 35.07601747643357], [-90.07047388781132, 35.0760614772334], [-90.07095888823322, 35.076059476094784], [-90.0721958881424, 35.07611247610906], [-90.07254488812184, 35.076157475955426], [-90.07351488806732, 35.076195476214785], [-90.07416188887093, 35.07630947615155], [-90.07590488822008, 35.07648347671528], [-90.0764268893502, 35.07677047563864], [-90.07687888926183, 35.077357476181824], [-90.07780589044792, 35.07909347666637], [-90.07822889004721, 35.07973447632659], [-90.07863889012604, 35.08001847769018], [-90.0801628909887, 35.07834147665139], [-90.08163589089943, 35.07674047645935], [-90.08264889050261, 35.07560747555928], [-90.08369289096623, 35.074462476122335], [-90.08676989120725, 35.07116147468172], [-90.0873148919036, 35.070688474852105], [-90.08806489174104, 35.07017647447739], [-90.08858989234591, 35.06984747378785], [-90.08959289280166, 35.06935947421774], [-90.09031189177867, 35.06909347400984], [-90.09410589404179, 35.06775847352173], [-90.09578189434212, 35.06720747318989], [-90.0966248949643, 35.06700647345189], [-90.09741289353826, 35.06688247355325], [-90.09799889424251, 35.0668194739536], [-90.09874289423216, 35.066782474422794], [-90.09954189537173, 35.06678947332183], [-90.10043089602468, 35.066879473713456], [-90.10163589524846, 35.06697647362419], [-90.10308089557012, 35.06714647372774], [-90.10567589666057, 35.06742947264341], [-90.11603889950743, 35.06850747276524], [-90.12059390147866, 35.06899847278019], [-90.12194690084046, 35.06916547259276], [-90.12302990166216, 35.06920347243199], [-90.12372290159821, 35.06918447251458], [-90.1248189028387, 35.06905947232869], [-90.12543390205862, 35.068938473107494], [-90.12673890353648, 35.06858047179088], [-90.12729190283213, 35.0683694717396], [-90.12841190346374, 35.06781747192103], [-90.12966990328931, 35.067026471615385], [-90.13027690390994, 35.066443472297294], [-90.13136290240973, 35.06485347070627], [-90.13190990365423, 35.0642934708128], [-90.13223090314628, 35.06363147146948], [-90.13240490412187, 35.06301547163931], [-90.13254490386394, 35.06229247134274], [-90.13261090398619, 35.06177847122443], [-90.13261090308788, 35.060906470396844], [-90.13251990285127, 35.06017647034014], [-90.1322889028726, 35.05925047084527], [-90.13132590349812, 35.05689646980962], [-90.1304989036678, 35.05481546978305], [-90.13008490249268, 35.05372946963047], [-90.12995690244618, 35.05299247003931], [-90.12989890182153, 35.05112946888847], [-90.12988490157782, 35.049089469120474], [-90.12991390189015, 35.04734846862494], [-90.12997090268988, 35.04653046843701], [-90.13044190286807, 35.04407546703882], [-90.13068390181908, 35.04253346673243], [-90.13042690100283, 35.04088546593721], [-90.13011390190668, 35.03903946567132], [-90.13004190193666, 35.03829146633777], [-90.12995690154786, 35.03694746618536], [-90.12995690154786, 35.03244746514682], [-90.13005590038374, 35.027983464005416], [-90.13011290118345, 35.02684946355854], [-90.13044090034822, 35.02499146291794], [-90.13197990127948, 35.01999846360827], [-90.13232190068793, 35.01891446223975], [-90.13334890143314, 35.0160744615483], [-90.13434790079262, 35.013566461071676], [-90.13471590103863, 35.01291646182591], [-90.13494290081935, 35.0123704609983], [-90.1351139014219, 35.011638460807724], [-90.13517690117109, 35.01120046124569], [-90.13522290030353, 35.01042446005926], [-90.13519990073732, 35.00770045951929], [-90.1352849002278, 35.006587459973716], [-90.13553290172156, 35.00474145993563], [-90.13570990127357, 35.00323445892346], [-90.13579190039101, 35.00269745966187], [-90.1361499005913, 34.999703458264705], [-90.1362629005692, 34.99890245806781], [-90.13651090026633, 34.99770145818532], [-90.1368618998956, 34.99657145827922], [-90.13704590001863, 34.99607245724147], [-90.13765290063924, 34.994720457713164], [-90.13492289982956, 34.99470845658534], [-90.12761289783259, 34.99469045783395], [-90.1157108949528, 34.99471945909104], [-90.09611688868796, 34.994769458620674], [-90.07539688374037, 34.99492246024416], [-90.06078987926692, 34.994860461174305], [-90.06078587906896, 34.99660046107747], [-90.06081387955636, 34.99913346100718], [-90.06402688023982, 34.99910846147553], [-90.0653278815197, 34.99911646106159], [-90.06651788157322, 34.99909246230109], [-90.06694588209372, 34.99914346140638], [-90.06718388174508, 34.999235461342565], [-90.06755888076549, 34.99952346095395], [-90.06804688156043, 35.00000646255691], [-90.06827588099098, 35.000396462022145], [-90.06859188135849, 35.00114946158896], [-90.06900388198544, 35.00186446134236], [-90.06911088301388, 35.00216246129675], [-90.06909388239713, 35.00249346234422], [-90.06856188211957, 35.00431546289794], [-90.06848688267482, 35.00498146303134], [-90.06814088217008, 35.00635046218066], [-90.06819088329712, 35.01240246371575], [-90.06823988280262, 35.01932246495443], [-90.0682548819729, 35.02051546481002], [-90.06822588345722, 35.02168646642543], [-90.06823288402823, 35.02336246615915], [-90.06824888392174, 35.023922465686354], [-90.06831188456924, 35.024364466658504], [-90.0684638840069, 35.02486646644206], [-90.0693978848657, 35.026690466048834], [-90.06985188442712, 35.02778846664044], [-90.06995588418421, 35.028166467628], [-90.07007088381192, 35.02948546673485], [-90.07009588392629, 35.03117646680925], [-90.07017988449019, 35.03463146861029], [-90.07014588505332, 35.03500746816995], [-90.07004188439792, 35.035494468240245], [-90.0732268863906, 35.035403468965654], [-90.06916688488701, 35.039452469383974], [-90.06788388404877, 35.04075046977325], [-90.06664188501503, 35.04211746975393], [-90.06605288303945, 35.04282146979271], [-90.06497988406011, 35.04422846983324], [-90.06396888320845, 35.045725470087085], [-90.06331388380556, 35.046804470892205], [-90.06250588334348, 35.04831247145007], [-90.06199688353044, 35.049385472417185], [-90.06153988359596, 35.050459471937906], [-90.06114988360862, 35.05151347229132], [-90.06082988394147, 35.052476472165246], [-90.06054688408425, 35.05343847233864], [-90.06030988425778, 35.05439447234882], [-90.06010288277193, 35.05534147287751], [-90.05986688366869, 35.05679947336383], [-90.05975988264024, 35.05772147321364], [-90.05954688310324, 35.05931847354135], [-90.05930888255354, 35.06168147469589], [-90.05920488369479, 35.063114474656544], [-90.05821988368068, 35.072696475693675], [-90.05798288295591, 35.07410147593697], [-90.05785088360975, 35.07432847723579], [-90.05773388343388, 35.07564247655714], [-90.05755988425493, 35.076960477536616], [-90.05733688377386, 35.07794047693342], [-90.05725288410825, 35.07847447796511], [-90.05725988378097, 35.07929147739257]]]}}, {"type": "Feature", "properties": {"name": "White Station", "tracts": 5, "cityNames": ["Greentrees", "Poplar Estates", "Poplar Ridge Farms", "River Oaks", "Sea Isle Park East"]}, "geometry": {"type": "Polygon", "coordinates": [[[-89.8307048212283, 35.082847488943045], [-89.83063782217947, 35.08413748901158], [-89.83038182208642, 35.08948249046201], [-89.83029382312118, 35.09147049085634], [-89.83029382312118, 35.094457490132925], [-89.83027382213139, 35.094714490581545], [-89.83699982397226, 35.09568649014967], [-89.83783282544701, 35.09578249003183], [-89.83985382463051, 35.096063490407644], [-89.84102982533864, 35.09625348999795], [-89.84212482585589, 35.0963984909347], [-89.84313982600722, 35.096564490205374], [-89.84411982689674, 35.096788490527416], [-89.84544182719473, 35.09718549116121], [-89.84547982682957, 35.098694490314905], [-89.84557782673886, 35.09932549111634], [-89.84304882666892, 35.09886949045701], [-89.8422298272345, 35.09873149080885], [-89.84108382576531, 35.09850849097423], [-89.8394788256101, 35.09826649077005], [-89.83789982539416, 35.09806549037325], [-89.83469782368306, 35.09769749034823], [-89.83162982276457, 35.09735849172129], [-89.830801822211, 35.09724049129836], [-89.82772082177203, 35.09689749098648], [-89.82659682094244, 35.09675549114863], [-89.8222778207694, 35.096261491100506], [-89.82165082005729, 35.09618149179907], [-89.82228882064007, 35.09842049151762], [-89.82285982127567, 35.100551492649075], [-89.82303382045463, 35.10098749259598], [-89.82345882060207, 35.10189349187886], [-89.82358082080081, 35.1019934928067], [-89.82395282124479, 35.10206649200281], [-89.82395882019426, 35.10223349247513], [-89.82389782189153, 35.10431449305168], [-89.82395382106971, 35.105891493893836], [-89.82389082221884, 35.10756049432924], [-89.8237978214341, 35.110413493616335], [-89.82373082148695, 35.11154649380839], [-89.82364282252172, 35.111684494541784], [-89.82356882110524, 35.11415549437871], [-89.82356182233087, 35.11484049519347], [-89.8234528207543, 35.115438495288984], [-89.82312682123936, 35.11643049612682], [-89.82144082179164, 35.11616349503224], [-89.81916682019319, 35.11816249568997], [-89.81946882121532, 35.11823949604181], [-89.82017782014657, 35.1183164963208], [-89.8208838213997, 35.11832849546072], [-89.82204682168903, 35.118538495553615], [-89.82282282146575, 35.11879749511863], [-89.82453682229921, 35.11924249627563], [-89.82522982313357, 35.11935849563127], [-89.82607382268235, 35.119432495476], [-89.82720082298667, 35.11960249573842], [-89.82758482222789, 35.11968749573665], [-89.8281178232287, 35.119886495653496], [-89.82860182292737, 35.11992749546887], [-89.82915482401962, 35.120051496290394], [-89.83031982395877, 35.12026049485396], [-89.83140382460539, 35.120569495263396], [-89.83259782485685, 35.1208204962932], [-89.83380582445372, 35.12103249587544], [-89.83467882521313, 35.121142495524495], [-89.83566682560026, 35.12132849611608], [-89.83648382538485, 35.121409495731385], [-89.83741982589346, 35.12129249487333], [-89.84075482677565, 35.120692495085976], [-89.84173282711704, 35.120779496192434], [-89.84236582767694, 35.12091449519174], [-89.84283982732988, 35.12109449620356], [-89.84351382789767, 35.12115849504694], [-89.84398282842602, 35.12135649503064], [-89.84407182811448, 35.12151949560608], [-89.84441282769802, 35.121892496119365], [-89.84467282798902, 35.12242749515029], [-89.84481282773112, 35.122564495089634], [-89.84510282815934, 35.12300349628208], [-89.84541782870191, 35.12330149521784], [-89.84640582819074, 35.12406349553665], [-89.847204828432, 35.12482649604509], [-89.84743582930899, 35.12508849609352], [-89.84762582927978, 35.12540749546061], [-89.8482458285226, 35.12614449631445], [-89.84917183078207, 35.12734249649652], [-89.85002283000355, 35.12801549672066], [-89.85054783060843, 35.12858649618068], [-89.85084683035916, 35.12884949654491], [-89.8512498307653, 35.12931649677468], [-89.85329783061127, 35.13146549763213], [-89.85365683153479, 35.131779496837275], [-89.8542618325056, 35.13219549666167], [-89.8547278317626, 35.13246649614227], [-89.85510083203151, 35.13281349758426], [-89.85584883221912, 35.13225949706768], [-89.8564108317356, 35.13188949740019], [-89.85706583203682, 35.13151449587281], [-89.85789583313853, 35.131168496869556], [-89.8590198330698, 35.13088149692906], [-89.85960583377404, 35.13080149634559], [-89.86053883301128, 35.13074549691893], [-89.86208683326505, 35.13085749646842], [-89.86235083375401, 35.13084349644131], [-89.86754083503666, 35.1309554965907], [-89.86773483520541, 35.12952449589698], [-89.86810283545144, 35.126323494633], [-89.86898583445998, 35.1188724940474], [-89.8695698355144, 35.11387349306727], [-89.86970083413732, 35.112434492556176], [-89.86991183492285, 35.10733649127033], [-89.86997583359862, 35.1056444917927], [-89.87008783375161, 35.101915490814704], [-89.87007883353078, 35.101466489542744], [-89.87011683496225, 35.09998448961778], [-89.87167383453856, 35.09991649067573], [-89.87255883409522, 35.09992048884253], [-89.87306583425841, 35.09998048924922], [-89.87350583447449, 35.100085490222156], [-89.8741678353467, 35.10030448980029], [-89.87451883497597, 35.10046848939782], [-89.87620583514695, 35.10147249035355], [-89.87923083640773, 35.10322649040979], [-89.88019983652829, 35.10381849057908], [-89.88424283741513, 35.10620549026857], [-89.88443283828425, 35.101576489148464], [-89.88470983649705, 35.094255488084904], [-89.88484983623914, 35.09031348733836], [-89.88553483667758, 35.090154487672926], [-89.88785783778148, 35.0892274875706], [-89.88845283780825, 35.089040486805665], [-89.88890483771986, 35.08896548688547], [-89.88943983926879, 35.08894348666057], [-89.89024883865747, 35.089055486340406], [-89.89091283828118, 35.08926748696711], [-89.89157383932849, 35.089598488074536], [-89.89224383880001, 35.0887014867353], [-89.89419584018314, 35.086180486886995], [-89.89457483940151, 35.085882485991206], [-89.8949108398605, 35.08573648648702], [-89.89547884012308, 35.085631486148316], [-89.89598684011119, 35.085641485521364], [-89.89563383903545, 35.08512148562606], [-89.89513183979344, 35.08471948642624], [-89.89297983929207, 35.083353485591324], [-89.89255683969277, 35.08345548595636], [-89.89096283940823, 35.0837544859024], [-89.88991983787118, 35.08391148533691], [-89.88871083844943, 35.08404748560011], [-89.88756383805362, 35.08412948598435], [-89.88681383731785, 35.08415948612222], [-89.88402583588353, 35.08421348648967], [-89.8799838357199, 35.08430248704448], [-89.87871683567352, 35.08441148728611], [-89.87782883394716, 35.08456148661166], [-89.87714383530536, 35.084728486183174], [-89.87657283377143, 35.084905487081265], [-89.87570183445847, 35.085241486857385], [-89.87487383480321, 35.085619487340175], [-89.87411683349643, 35.08606448661837], [-89.87356283347756, 35.08644848740901], [-89.87316683454077, 35.08676548721053], [-89.87253983293033, 35.087338486988266], [-89.87207683314806, 35.087837487352374], [-89.8716778338382, 35.08834748779888], [-89.87133583353145, 35.08884748754768], [-89.8710238333619, 35.08938848764985], [-89.86951983259073, 35.089307488549146], [-89.86829783275019, 35.08922248847163], [-89.86603483281901, 35.08908848810028], [-89.86521883196103, 35.088944487806934], [-89.86481283208016, 35.088811487391766], [-89.86419083139091, 35.08851948758197], [-89.86382783026943, 35.08827748786875], [-89.8633538306165, 35.08786048756513], [-89.86246083066393, 35.08702648717743], [-89.86204583056222, 35.086701487820626], [-89.86154182987377, 35.0864224869416], [-89.86076583009704, 35.086147487625794], [-89.85989283023594, 35.08601848737871], [-89.85604582916768, 35.08593948729758], [-89.85531982872136, 35.085853487671294], [-89.85476682942573, 35.08570848856614], [-89.85409882870573, 35.08541048741613], [-89.85367582910644, 35.085142487159025], [-89.85317482789269, 35.08469548780476], [-89.85281382731934, 35.08421848736593], [-89.85254082750787, 35.08364348750583], [-89.85220982797007, 35.08254448738905], [-89.8520558279843, 35.082574487374764], [-89.84720382591215, 35.082476487870714], [-89.84670882544451, 35.08247848811681], [-89.8460888262017, 35.08256448762581], [-89.84525082560239, 35.08280348739225], [-89.84476482535557, 35.0828904877793], [-89.84408482404169, 35.08292348762297], [-89.84231982495125, 35.08288748852796], [-89.83642782351174, 35.082876488331614], [-89.83540282331467, 35.082881487819584], [-89.8340458228566, 35.08286048864487], [-89.83181382198927, 35.082863488632334], [-89.8307048212283, 35.082847488943045]]]}}, {"type": "Feature", "properties": {"name": "Whitehaven", "tracts": 18, "cityNames": ["Bluebird Estate", "Gardenview Park", "Memphis Intl Airport", "Millbranch Rd", "Oakhaven South", "Oakhaven West", "Obrien Park", "Old Hickory Hills", "Red Oaks", "Richmond Colony", "Scaife", "Timothy Dr", "Valley Forge", "Whitehaven", "Whitehaven East", "Whitehaven Northeast", "Whitehaven Parks", "Whitehaven View"]}, "geometry": {"type": "Polygon", "coordinates": [[[-89.93698484834387, 35.02797947261226], [-89.93815684795571, 35.027968473108466], [-89.94137684741354, 35.02798747231731], [-89.94404584992049, 35.02797847218932], [-89.94586085013798, 35.028000471928294], [-89.94633584961582, 35.027968472372855], [-89.95347985193142, 35.02798747231731], [-89.95473485318058, 35.02797847145371], [-89.95474885252597, 35.028178471939235], [-89.95487785149906, 35.028421472245924], [-89.9559758532877, 35.029481472472675], [-89.95627685178995, 35.02988847207463], [-89.95634285370882, 35.03022247244253], [-89.95623585357869, 35.03166447243295], [-89.95619185319777, 35.03289747294413], [-89.95611785357794, 35.033162473753144], [-89.95590185276954, 35.03339647368656], [-89.9548918526411, 35.034077473188525], [-89.9547498532492, 35.03425247363782], [-89.95466985288324, 35.03462047367949], [-89.9547298531577, 35.03635547356184], [-89.95473685193208, 35.03733647307392], [-89.95483285219154, 35.037619473805684], [-89.95546285327671, 35.03832347361973], [-89.9556648538414, 35.038668474356406], [-89.95575085315681, 35.039139473771364], [-89.95559885371915, 35.03963747362907], [-89.95543685423576, 35.04000947405888], [-89.95486585270183, 35.041099474550435], [-89.95480285295262, 35.04131147546423], [-89.9547718538888, 35.04186547479722], [-89.95479785292977, 35.04312947511883], [-89.95481185407178, 35.04695547554841], [-89.95482985361514, 35.04867347537489], [-89.95481685409464, 35.0490104759426], [-89.95481285479501, 35.05232247660597], [-89.95385985277134, 35.052292477265375], [-89.95167885285595, 35.0522504778758], [-89.95153885221556, 35.05332447722592], [-89.95137185360761, 35.05397647747044], [-89.95086185217305, 35.05538747764522], [-89.95059985313054, 35.05584447732423], [-89.95037785337269, 35.05648047832682], [-89.95017385225988, 35.05731647781176], [-89.95009585334039, 35.05793647821757], [-89.95008585329465, 35.0587284784109], [-89.9501608527394, 35.05919847830455], [-89.95027285289238, 35.05957147792787], [-89.95046685306114, 35.060011478669814], [-89.95073585357298, 35.06045547861244], [-89.95186185405237, 35.061861479290606], [-89.95210485372662, 35.062012478165634], [-89.95313385412165, 35.063285479117496], [-89.95351185441342, 35.0638074791805], [-89.95376085393545, 35.06423647938298], [-89.9540448545159, 35.06504447973196], [-89.95411085463813, 35.0656704793067], [-89.95405585438655, 35.06715747972105], [-89.95409085544496, 35.0679064800681], [-89.95421285474538, 35.06875048105277], [-89.95215285430552, 35.0686604797832], [-89.95045085406593, 35.06857048062013], [-89.94968685308648, 35.068659480593645], [-89.94523985196858, 35.068524480339704], [-89.94495185208851, 35.068538480044204], [-89.94435685206174, 35.06876848114767], [-89.94743685357412, 35.07281948085426], [-89.94816585259686, 35.07374948100409], [-89.94880585372776, 35.0744594817075], [-89.94945185290983, 35.07510448186837], [-89.95000085380414, 35.075596481733164], [-89.95115985479381, 35.076584482166375], [-89.95091685422126, 35.07668348269326], [-89.95014285409438, 35.0768714822048], [-89.9494768539225, 35.07696648162117], [-89.94882385416942, 35.07700448150376], [-89.94324485272436, 35.076927481897336], [-89.93379384919835, 35.07652548201802], [-89.93152884871908, 35.07641648300233], [-89.9314018493958, 35.077843482702356], [-89.93136684923567, 35.07845348280208], [-89.93132784977594, 35.07987148260583], [-89.93126584985166, 35.08318848416862], [-89.93112084918839, 35.08919948570275], [-89.93103785024603, 35.09299148619035], [-89.93226385118287, 35.09302848633229], [-89.9396288516348, 35.093211485337285], [-89.94243285296263, 35.09327748548014], [-89.94571585396629, 35.093365485342474], [-89.94938085545967, 35.09344048562632], [-89.94954985461574, 35.08916048447639], [-89.94966985426635, 35.08844448424243], [-89.94987185483103, 35.087904483447836], [-89.95019685541935, 35.0873644834883], [-89.95164785469045, 35.085571483268815], [-89.9526428556486, 35.08435748263918], [-89.95328885572897, 35.083769482733736], [-89.95515485600008, 35.08263848191661], [-89.95561585523423, 35.082467481984395], [-89.95601685688885, 35.08239848338049], [-89.95736585695101, 35.08242848194969], [-89.95764485661027, 35.08235848282072], [-89.95787785713709, 35.08219548257894], [-89.95596085681235, 35.08059248200418], [-89.95699485723024, 35.08017848219565], [-89.96091285754531, 35.07868948197382], [-89.96161285805235, 35.07844048166284], [-89.96264785739685, 35.07813348067915], [-89.96368985821066, 35.0778684809461], [-89.96500085863798, 35.077693481316366], [-89.97191886009946, 35.07701548175665], [-89.97564986081677, 35.07665448036813], [-89.97675386155487, 35.07656848124566], [-89.97755486144594, 35.076536480129995], [-89.97828886318649, 35.0765354803017], [-89.97926886227941, 35.07656748068256], [-89.98409186403924, 35.0769534809801], [-89.9852998636361, 35.07702948073975], [-89.98548486448234, 35.076177480698604], [-89.98745586523374, 35.076307479430056], [-89.98860986440393, 35.076332480349954], [-89.98958386634399, 35.07630947982741], [-89.9908468652941, 35.07621648078093], [-89.9916068651773, 35.07612848005988], [-89.99249186563229, 35.07599347892798], [-90.00140786850768, 35.07440847885792], [-90.00576186973915, 35.07362647945092], [-90.00904986986735, 35.07302847848069], [-90.00963587057157, 35.07293347815553], [-90.01374587140558, 35.07219247814653], [-90.01447787169968, 35.072048478905835], [-90.01669787197312, 35.07164747840487], [-90.01840987225845, 35.07139147721592], [-90.0192158721724, 35.07130947726263], [-90.02016187452337, 35.071279477546064], [-90.02083287292147, 35.07130347790837], [-90.02184287304992, 35.07141547828051], [-90.02246187426442, 35.07152247684483], [-90.0248808747295, 35.07204747755217], [-90.02617287489025, 35.072305477178766], [-90.02685887515361, 35.07246147744643], [-90.03157287623517, 35.07345147807515], [-90.03688487861487, 35.07462347740689], [-90.04001987858219, 35.075338477807755], [-90.04167887916407, 35.075768477525365], [-90.04269687968845, 35.07608147832425], [-90.04631188095311, 35.077160477199236], [-90.0470708810114, 35.077363478031636], [-90.04825488121712, 35.07763147737923], [-90.04943888142282, 35.07782647706993], [-90.05049588230526, 35.077948477627196], [-90.0529818836158, 35.07816947819624], [-90.05392988292165, 35.07823147657844], [-90.05489688249408, 35.078448477896664], [-90.0558338828276, 35.0787364777962], [-90.05725988378097, 35.07929147739257], [-90.05725288410825, 35.07847447796511], [-90.05733688377386, 35.07794047693342], [-90.05755988425493, 35.076960477536616], [-90.05773388343388, 35.07564247655714], [-90.05785088360975, 35.07432847723579], [-90.05798288295591, 35.07410147593697], [-90.05821988368068, 35.072696475693675], [-90.05920488369479, 35.063114474656544], [-90.05930888255354, 35.06168147469589], [-90.05954688310324, 35.05931847354135], [-90.05975988264024, 35.05772147321364], [-90.05986688366869, 35.05679947336383], [-90.06010288277193, 35.05534147287751], [-90.06030988425778, 35.05439447234882], [-90.06054688408425, 35.05343847233864], [-90.06082988394147, 35.052476472165246], [-90.06114988360862, 35.05151347229132], [-90.06153988359596, 35.050459471937906], [-90.06199688353044, 35.049385472417185], [-90.06250588334348, 35.04831247145007], [-90.06331388380556, 35.046804470892205], [-90.06396888320845, 35.045725470087085], [-90.06497988406011, 35.04422846983324], [-90.06605288303945, 35.04282146979271], [-90.06664188501503, 35.04211746975393], [-90.06788388404877, 35.04075046977325], [-90.06916688488701, 35.039452469383974], [-90.0732268863906, 35.035403468965654], [-90.07004188439792, 35.035494468240245], [-90.07014588505332, 35.03500746816995], [-90.07017988449019, 35.03463146861029], [-90.07009588392629, 35.03117646680925], [-90.07007088381192, 35.02948546673485], [-90.06995588418421, 35.028166467628], [-90.06985188442712, 35.02778846664044], [-90.0693978848657, 35.026690466048834], [-90.0684638840069, 35.02486646644206], [-90.06831188456924, 35.024364466658504], [-90.06824888392174, 35.023922465686354], [-90.06823288402823, 35.02336246615915], [-90.06822588345722, 35.02168646642543], [-90.0682548819729, 35.02051546481002], [-90.06823988280262, 35.01932246495443], [-90.06819088329712, 35.01240246371575], [-90.06814088217008, 35.00635046218066], [-90.06848688267482, 35.00498146303134], [-90.06856188211957, 35.00431546289794], [-90.06909388239713, 35.00249346234422], [-90.06911088301388, 35.00216246129675], [-90.06900388198544, 35.00186446134236], [-90.06859188135849, 35.00114946158896], [-90.06827588099098, 35.000396462022145], [-90.06804688156043, 35.00000646255691], [-90.06755888076549, 34.99952346095395], [-90.06718388174508, 34.999235461342565], [-90.06694588209372, 34.99914346140638], [-90.06651788157322, 34.99909246230109], [-90.0653278815197, 34.99911646106159], [-90.06402688023982, 34.99910846147553], [-90.06081387955636, 34.99913346100718], [-90.06078587906896, 34.99660046107747], [-90.06078987926692, 34.994860461174305], [-90.05275387682364, 34.994880461544064], [-90.04304187497836, 34.99497046167574], [-90.0313348711939, 34.99486746181943], [-90.02507786988141, 34.994864462278926], [-90.00815986579623, 34.99496746361079], [-89.98991186011884, 34.99509546410654], [-89.97220285529002, 34.995026464536856], [-89.96521085331038, 34.99499746559623], [-89.95737285123381, 34.99496746581854], [-89.9367598446197, 34.994882466143366], [-89.93675584442174, 34.99797746769823], [-89.93676684519072, 35.000006467707934], [-89.93679184620339, 35.001959467801555], [-89.9368208465157, 35.00286346773008], [-89.9368198466908, 35.00604946878435], [-89.9368618465236, 35.00956546985378], [-89.93689684578537, 35.01387747028635], [-89.93682284616553, 35.01484547080476], [-89.93678284598255, 35.0162534711705], [-89.93681084646997, 35.019799471589195], [-89.93688684753626, 35.020582471283504], [-89.93694284761276, 35.02423547176284], [-89.93698484834387, 35.02797947261226]]]}}]}